key,name,faction,health,toughness,save,invuln_save,fnp,move,oc,leadership,attacks,hit_probability,strength,ap,weapon_damage_per_shot,range_inches,melee_attacks,melee_hit_probability,melee_strength,melee_ap,melee_damage_per_shot,assault,heavy,pistol,rapid_fire,twin_linked,ignores_cover,torrent,lethal_hits,lance,melta,sustained_hits,devastating_wounds,precision,blast,indirect_fire,hazardous,one_shot,stealth,deep_strike,scout_distance,infiltrators,sticky_objective,lone_operative,fly,deadly_demise,points_cost,anti_keywords,unit_keywords
adepta_sororitas_aestred_thurga_and_agathae_dolan,Aestred Thurga and Agathae Dolan,Adepta Sororitas,4.0,3,2,7,7,6.0,1,6,1,0.667,4,0,1.0,12,4,0.833,5,-2,2.0,False,False,True,0,False,False,False,False,False,0,0,False,False,False,False,False,False,False,False,0,False,False,False,False,0,52.5,,CHARACTER|INFANTRY
adepta_sororitas_arco_flagellants,Arco-Flagellants,Adepta Sororitas,2.0,3,7,7,5,6.0,1,8,4,0.5,5,0,1.0,1,4,0.5,5,0,1.0,False,False,False,0,False,False,False,False,False,0,1,False,False,False,False,False,False,False,False,0,False,False,False,False,0,33.8,,INFANTRY
adepta_sororitas_battle_sisters_squad,Battle Sisters Squad,Adepta Sororitas,1.0,3,3,7,7,6.0,2,7,1,0.667,4,0,1.0,12,1,0.5,3,0,1.0,False,False,True,1,False,False,False,False,False,0,0,False,False,False,False,False,False,False,False,0,False,False,False,False,0,13.1,,INFANTRY|BATTLELINE
adepta_sororitas_canoness,Canoness,Adepta Sororitas,4.0,3,3,7,4,6.0,1,7,4,1.0,6,-1,2.0,12,4,0.833,6,-2,2.0,False,False,False,0,False,True,True,False,False,0,0,False,False,False,False,False,True,False,False,0,False,False,False,False,0,180.0,,CHARACTER|INFANTRY
adepta_sororitas_canoness_with_jump_pack,Canoness with Jump Pack,Adepta Sororitas,3.0,3,3,7,5,6.0,1,7,4,1.0,4,0,1.0,12,5,0.833,5,-2,2.0,False,False,True,0,False,True,True,False,False,0,0,False,False,False,False,False,False,False,True,0,False,False,False,False,0,56.2,,CHARACTER|INFANTRY
adepta_sororitas_castigator,Castigator,Adepta Sororitas,11.0,10,3,7,7,6.0,3,7,6,0.667,10,-1,3.0,48,3,0.5,6,0,1.0,False,False,False,0,False,True,False,False,False,0,0,False,False,True,False,False,False,False,False,0,False,False,False,False,2,613.3,,VEHICLE
adepta_sororitas_celestian_sacresant_aveline_legends,Celestian Sacresant Aveline [Legends],Adepta Sororitas,4.0,3,3,7,6,6.0,1,7,4,1.0,4,0,1.0,12,4,0.667,5,-2,2.0,False,False,True,0,False,True,True,False,False,0,0,False,False,False,False,False,False,False,False,0,False,False,True,False,0,61.9,,INFANTRY|CHARACTER
adepta_sororitas_celestian_sacresants,Celestian Sacresants,Adepta Sororitas,1.0,3,3,7,7,6.0,1,7,1,0.667,8,-4,2.0,6,3,0.667,5,-2,2.0,False,False,True,0,False,False,False,False,False,2,0,False,False,False,False,False,False,False,False,0,False,False,False,False,0,80.7,,INFANTRY
adepta_sororitas_crusaders_legends,Crusaders [Legends],Adepta Sororitas,2.0,3,3,7,4,6.0,1,7,3,0.667,4,-2,2.0,1,3,0.667,4,-2,2.0,False,False,False,0,False,False,False,False,False,0,0,False,False,False,False,False,False,False,False,0,False,False,False,False,0,101.3,,INFANTRY
adepta_sororitas_daemonifuge,Daemonifuge,Adepta Sororitas,5.0,3,3,7,7,6.0,1,7,1,0.667,4,0,1.0,12,4,0.833,6,-2,2.0,False,False,True,0,False,False,False,False,False,0,0,False,True,False,False,False,False,False,True,0,False,False,True,False,0,35.6,,INFANTRY|CHARACTER
adepta_sororitas_death_cult_assassins_legends,Death Cult Assassins [Legends],Adepta Sororitas,1.0,3,5,7,7,6.0,1,7,4,0.833,4,-2,1.0,1,4,0.833,4,-2,1.0,False,False,False,0,False,False,False,False,False,0,0,False,True,False,False,False,False,False,False,0,True,False,True,False,0,77.8,,INFANTRY
adepta_sororitas_dialogus,Dialogus,Adepta Sororitas,3.0,3,3,7,5,6.0,1,6,1,0.667,4,0,1.0,12,3,0.5,4,0,1.0,False,False,True,0,False,False,False,False,False,0,0,False,False,False,False,False,False,False,False,0,False,False,False,False,0,24.4,,INFANTRY|CHARACTER
adepta_sororitas_dogmata,Dogmata,Adepta Sororitas,3.0,3,3,7,5,6.0,1,6,1,0.667,4,0,1.0,12,4,0.667,5,-2,2.0,False,False,True,0,False,False,False,False,False,0,0,False,False,False,False,False,False,False,False,0,False,False,False,False,0,24.4,,INFANTRY|CHARACTER
adepta_sororitas_dominion_squad,Dominion Squad,Adepta Sororitas,1.0,3,3,7,7,6.0,1,7,1,0.667,5,-1,1.56,12,1,0.5,3,0,1.0,True,False,True,1,False,False,False,False,False,2,0,False,False,False,False,False,False,False,False,6,False,False,False,False,0,29.0,,INFANTRY
adepta_sororitas_exorcist,Exorcist,Adepta Sororitas,11.0,10,3,7,7,6.0,3,7,6,0.667,10,-3,3.5,36,3,0.5,6,0,1.0,False,False,False,0,False,False,False,False,False,0,0,False,False,False,True,False,False,False,False,0,False,False,False,False,2,849.4,,VEHICLE
adepta_sororitas_hospitaller,Hospitaller,Adepta Sororitas,3.0,3,3,7,5,6.0,1,7,1,0.667,4,0,1.0,12,3,0.5,3,0,1.0,False,False,True,0,False,False,False,False,False,0,0,False,False,False,False,False,False,False,False,0,False,False,False,False,0,24.4,,INFANTRY|CHARACTER
adepta_sororitas_imagifier,Imagifier,Adepta Sororitas,3.0,3,3,7,5,6.0,1,6,1,0.667,4,0,1.0,12,3,0.5,3,0,1.0,False,False,True,0,False,False,False,False,False,0,0,False,False,False,False,False,False,False,False,0,False,False,False,False,0,24.4,,INFANTRY|CHARACTER
adepta_sororitas_immolator,Immolator,Adepta Sororitas,11.0,10,3,7,7,6.0,2,7,2,0.667,9,-4,3.5,18,3,0.5,6,0,1.0,False,False,False,0,True,False,False,False,False,2,0,False,False,False,False,False,False,False,False,0,False,False,False,False,2,510.1,,VEHICLE
adepta_sororitas_junith_eruita,Junith Eruita,Adepta Sororitas,8.0,5,2,7,7,6.0,2,6,4,1.0,6,-1,1.0,12,4,0.833,6,-2,2.0,False,False,False,0,True,True,True,False,False,0,0,False,False,False,False,False,False,False,False,0,False,False,False,True,2,258.8,,CHARACTER|FLY|MOUNTED
adepta_sororitas_ministorum_priest,Ministorum Priest,Adepta Sororitas,3.0,3,6,7,5,6.0,1,7,4,1.0,5,0,1.0,12,3,0.5,5,-1,2.0,False,False,False,0,False,True,True,False,False,0,0,False,False,False,False,False,False,False,False,0,False,False,False,False,0,59.2,,INFANTRY|CHARACTER
adepta_sororitas_mortifiers,Mortifiers,Adepta Sororitas,5.0,6,4,7,5,6.0,2,7,3,0.667,5,-1,2.0,36,4,0.667,10,-3,2.0,False,False,False,0,False,False,False,False,False,0,1,False,False,False,False,False,False,False,False,0,False,False,False,False,1,127.5,,VEHICLE|WALKER
adepta_sororitas_morvenn_vahl,Morvenn Vahl,Adepta Sororitas,8.0,7,2,7,7,6.0,3,6,2,0.833,9,-2,3.5,36,5,0.833,8,-2,3.0,False,False,False,0,False,False,False,False,False,0,0,False,False,False,False,False,False,False,False,0,False,False,False,False,1,398.7,,VEHICLE|WALKER|CHARACTER
adepta_sororitas_palatine,Palatine,Adepta Sororitas,4.0,3,3,7,5,6.0,1,7,1,0.833,8,-3,2.0,12,4,0.833,4,-2,2.0,False,False,True,0,False,False,False,False,False,0,0,False,False,False,False,True,False,False,False,0,False,False,False,False,0,100.6,,INFANTRY|CHARACTER
adepta_sororitas_paragon_warsuits,Paragon Warsuits,Adepta Sororitas,4.0,7,2,7,7,6.0,2,7,1,0.667,7,-2,2.17,12,4,0.667,8,-2,2.0,False,False,True,0,True,False,False,False,False,2,0,False,False,False,False,False,False,False,False,0,False,False,False,False,0,147.8,,VEHICLE|WALKER
adepta_sororitas_penitent_engines,Penitent Engines,Adepta Sororitas,5.0,6,4,7,5,6.0,2,7,7,1.0,5,0,1.0,12,4,0.5,10,-3,2.0,True,False,False,0,True,True,True,False,False,0,0,False,False,False,False,False,False,False,False,0,False,False,False,False,1,142.5,,VEHICLE|WALKER
adepta_sororitas_repentia_squad,Repentia Squad,Adepta Sororitas,1.0,3,7,7,5,6.0,1,8,1,0.667,4,0,1.0,12,3,0.556,5,-2,1.67,False,False,True,0,False,False,False,False,False,0,0,False,False,False,False,False,False,False,False,0,False,False,False,False,0,9.4,,INFANTRY
adepta_sororitas_repressor_legends,Repressor [Legends],Adepta Sororitas,12.0,10,3,7,7,6.0,2,7,1,0.833,14,-3,3.5,48,3,0.5,6,0,1.0,False,False,False,0,False,False,False,False,False,0,0,False,False,False,False,False,True,False,False,0,False,False,False,False,2,406.7,,VEHICLE
adepta_sororitas_retributor_squad,Retributor Squad,Adepta Sororitas,1.0,3,3,7,7,6.0,2,7,1,0.604,6,-2,1.94,12,1,0.5,3,0,1.0,False,True,True,0,False,False,False,False,False,2,0,False,False,False,False,False,False,False,False,0,False,False,False,False,0,53.8,,INFANTRY
adepta_sororitas_saint_celestine,Saint Celestine,Adepta Sororitas,5.0,3,2,7,4,6.0,1,6,4,1.0,6,-2,1.0,12,5,0.833,6,-3,2.0,False,False,False,0,False,True,True,False,False,0,0,False,False,False,False,False,False,False,True,0,False,False,False,True,0,161.3,,INFANTRY|FLY|CHARACTER
adepta_sororitas_seraphim_squad,Seraphim Squad,Adepta Sororitas,1.0,3,3,7,7,6.0,1,7,1,0.667,8,-4,2.0,6,2,0.667,3,0,1.0,False,False,True,0,False,False,False,False,False,2,0,False,False,False,False,False,False,False,True,0,False,False,False,True,0,80.7,,INFANTRY|FLY
adepta_sororitas_sisters_novitiate_squad,Sisters Novitiate Squad,Adepta Sororitas,1.0,3,3,7,7,6.0,2,7,4,1.0,5,0,1.0,12,1,0.5,3,0,1.0,False,False,False,0,False,True,True,False,False,0,0,False,False,False,False,False,False,False,False,0,True,False,False,False,0,58.1,,INFANTRY
adepta_sororitas_sororitas_rhino,Sororitas Rhino,Adepta Sororitas,10.0,9,3,7,7,6.0,2,7,1,0.833,14,-3,3.5,48,3,0.5,6,0,1.0,False,False,False,0,False,False,False,False,False,0,0,False,False,False,False,False,True,False,False,0,False,False,False,False,2,361.7,,VEHICLE
adepta_sororitas_triumph_of_saint_katherine,Triumph of Saint Katherine,Adepta Sororitas,18.0,3,3,7,6,6.0,6,6,6,0.833,4,0,1.0,12,18,0.833,5,-2,1.0,False,False,True,0,False,False,False,False,False,0,0,False,False,False,False,False,False,False,False,0,False,False,False,False,0,157.5,,INFANTRY|CHARACTER
adepta_sororitas_zephyrim_squad,Zephyrim Squad,Adepta Sororitas,1.0,3,3,7,7,6.0,1,7,1,0.667,5,-1,1.33,12,3,0.667,4,-2,1.0,False,False,True,0,False,False,False,False,False,0,0,False,False,False,False,True,False,False,True,0,False,False,False,True,0,25.6,,INFANTRY|FLY
adeptus_custodes_agamatus_custodians,Agamatus Custodians,Adeptus Custodes,4.0,6,2,4,5,6.0,2,6,2,0.833,7,-1,2.0,36,5,0.833,7,-2,2.0,False,False,False,0,True,False,False,False,True,0,1,False,False,False,False,False,False,False,False,0,False,False,False,True,0,165.0,,MOUNTED|FLY
adeptus_custodes_aleya,Aleya,Adeptus Custodes,4.0,3,3,5,5,6.0,1,6,4,0.833,6,-3,3.0,1,4,0.833,6,-3,3.0,False,False,False,0,False,False,False,False,False,0,0,True,False,False,False,False,False,False,False,6,False,False,False,False,0,397.3,PSYKER:5,CHARACTER|INFANTRY
adeptus_custodes_allarus_custodians,Allarus Custodians,Adeptus Custodes,4.0,7,2,4,5,6.0,2,6,3,0.833,4,-1,1.43,18,4,0.833,8,-1,2.71,True,False,False,0,False,False,False,False,False,0,0,False,False,True,False,False,False,False,True,0,False,False,False,False,0,147.4,,INFANTRY
adeptus_custodes_anathema_psykana_rhino,Anathema Psykana Rhino,Adeptus Custodes,10.0,9,3,7,3,6.0,2,6,1,0.833,14,-3,3.5,48,3,0.5,6,0,1.0,False,False,False,0,False,False,False,False,False,0,0,False,False,False,False,False,True,False,False,0,False,False,False,False,2,361.7,,VEHICLE
adeptus_custodes_aquilon_custodians,Aquilon Custodians,Adeptus Custodes,4.0,7,2,4,5,6.0,2,6,2,0.889,6,-1,1.67,24,6,0.833,8,-2,1.5,False,False,False,2,True,True,True,False,False,0,0,False,False,False,False,False,False,False,True,0,False,False,False,False,0,162.2,,INFANTRY
adeptus_custodes_ares_gunship,Ares Gunship,Adeptus Custodes,22.0,12,2,5,5,6.0,1,6,3,0.833,18,-4,9.5,48,9,0.5,9,0,1.0,False,False,False,0,False,False,False,False,False,0,0,False,False,False,False,False,False,False,False,0,False,False,False,True,3,2325.4,,VEHICLE|FLY
adeptus_custodes_blade_champion,Blade Champion,Adeptus Custodes,6.0,6,2,4,5,6.0,2,6,5,0.833,6,-3,3.0,1,5,0.833,6,-3,3.0,False,False,False,0,False,False,False,False,False,0,0,True,False,False,False,False,False,False,True,0,False,False,False,False,0,603.6,,INFANTRY|CHARACTER
adeptus_custodes_caladius_grav_tank,Caladius Grav-tank,Adeptus Custodes,14.0,11,2,5,5,6.0,4,6,4,0.833,12,-3,5.5,48,4,0.5,6,0,1.0,False,False,False,0,True,False,False,False,False,0,0,False,False,False,False,False,False,False,False,0,False,False,False,True,2,1489.0,,VEHICLE|FLY
adeptus_custodes_contemptor_achillus_dreadnought,Contemptor-Achillus Dreadnought,Adeptus Custodes,10.0,9,2,5,5,6.0,3,6,1,0.833,6,-2,3.0,18,5,0.833,12,-2,4.5,False,False,False,0,True,False,False,False,True,0,0,False,False,False,False,False,False,False,False,0,False,False,False,False,1,525.0,,VEHICLE|WALKER|CHARACTER
adeptus_custodes_contemptor_galatus_dreadnought,Contemptor-Galatus Dreadnought,Adeptus Custodes,10.0,9,2,4,5,6.0,3,6,4,1.0,6,-1,1.0,12,8,0.833,8,-2,3.0,False,False,False,0,True,True,True,False,False,0,0,False,False,False,False,False,False,False,False,0,False,False,False,False,1,528.8,,VEHICLE|WALKER|CHARACTER
adeptus_custodes_coronus_grav_carrier,Coronus Grav-carrier,Adeptus Custodes,16.0,12,2,5,5,6.0,5,6,8,0.833,5,-1,1.0,24,6,0.5,8,0,1.0,False,False,False,0,True,False,False,False,False,0,0,True,False,False,False,False,False,False,False,0,False,False,False,True,3,869.9,,VEHICLE|FLY
adeptus_custodes_custodian_guard,Custodian Guard,Adeptus Custodes,3.0,6,2,4,5,6.0,2,6,2,0.833,4,-1,2.0,24,5,0.833,6,-2,1.42,True,False,True,0,False,False,False,False,False,0,0,False,False,False,False,False,False,False,True,0,False,False,False,False,0,123.7,,INFANTRY|BATTLELINE
adeptus_custodes_custodian_guard_with_adrasite_and_pyrithite_spears,Custodian Guard with Adrasite and Pyrithite spears,Adeptus Custodes,3.0,6,2,4,5,6.0,2,6,1,0.833,7,-3,3.25,18,5,0.833,7,-2,2.0,False,False,False,0,False,False,False,False,False,2,0,False,False,False,False,False,False,False,True,0,False,False,False,False,0,169.0,,INFANTRY
adeptus_custodes_custodian_wardens,Custodian Wardens,Adeptus Custodes,3.0,6,2,4,7,6.0,2,6,2,0.833,4,-1,2.0,24,4,0.833,9,-1,2.83,True,False,False,0,False,False,False,False,False,0,0,False,False,False,False,False,False,False,True,0,False,False,False,False,0,123.7,,INFANTRY
adeptus_custodes_knight_centura,Knight-Centura,Adeptus Custodes,4.0,3,3,5,3,6.0,1,6,4,1.0,4,0,1.0,12,3,0.833,5,-2,2.0,False,False,False,0,False,True,True,False,False,0,0,False,False,False,False,False,False,False,False,6,False,False,False,False,0,61.9,,INFANTRY|CHARACTER
adeptus_custodes_orion_assault_dropship,Orion Assault Dropship,Adeptus Custodes,22.0,12,2,5,5,6.0,1,6,4,0.833,12,-3,4.5,36,9,0.5,9,0,1.0,False,False,False,0,False,False,False,False,False,0,0,False,False,False,False,False,False,False,False,0,False,False,False,True,3,1692.8,,VEHICLE|FLY
adeptus_custodes_pallas_grav_attack,Pallas Grav-attack,Adeptus Custodes,9.0,8,2,5,5,6.0,2,6,8,0.833,5,-1,1.0,24,3,0.5,6,0,1.0,False,False,False,0,True,False,False,False,False,0,0,True,False,False,False,False,False,False,False,0,False,False,False,True,2,554.9,,VEHICLE|FLY
adeptus_custodes_prosecutors,Prosecutors,Adeptus Custodes,1.0,3,3,7,3,6.0,2,6,1,0.667,4,0,1.0,24,2,0.667,3,0,1.0,False,False,False,1,False,False,False,False,False,0,0,False,False,False,False,False,False,False,False,0,False,False,False,False,0,13.1,,INFANTRY
adeptus_custodes_sagittarum_custodians,Sagittarum Custodians,Adeptus Custodes,3.0,6,2,4,5,6.0,2,6,3,0.833,5,-1,2.0,36,4,0.833,5,-2,1.0,False,False,False,0,False,False,False,False,False,0,1,False,False,False,False,False,False,False,True,0,False,False,False,False,0,180.0,,INFANTRY
adeptus_custodes_shield_captain,Shield-Captain,Adeptus Custodes,6.0,6,2,4,5,6.0,2,6,1,0.833,9,-4,3.5,12,7,0.833,7,-2,2.0,False,False,False,0,False,False,False,False,False,2,0,False,False,False,False,False,False,False,True,0,False,False,False,False,0,299.0,,CHARACTER|INFANTRY
adeptus_custodes_shield_captain_in_allarus_terminator_armour,Shield-Captain in Allarus Terminator Armour,Adeptus Custodes,7.0,7,2,4,5,6.0,2,6,2,0.833,4,-1,2.0,24,7,0.833,7,-2,2.0,True,False,False,0,False,False,False,False,False,0,0,False,False,False,False,False,False,False,True,0,False,False,False,False,0,213.7,,INFANTRY|CHARACTER
adeptus_custodes_shield_captain_on_dawneagle_jetbike,Shield-Captain on Dawneagle Jetbike,Adeptus Custodes,8.0,7,2,4,5,6.0,2,6,1,0.833,10,-3,4.5,24,6,0.833,7,-2,2.0,False,False,False,0,True,False,False,False,True,0,0,False,False,False,False,False,False,False,False,0,False,False,False,True,0,355.7,,MOUNTED|CHARACTER|FLY
adeptus_custodes_telemon_heavy_dreadnought,Telemon Heavy Dreadnought,Adeptus Custodes,12.0,10,2,4,5,6.0,4,6,12,0.833,6,-1,1.0,24,5,0.833,12,-2,3.0,False,False,False,0,False,False,False,False,False,0,0,True,False,False,False,False,False,False,False,0,False,False,False,False,2,764.9,,VEHICLE|WALKER|CHARACTER
adeptus_custodes_trajann_valoris,Trajann Valoris,Adeptus Custodes,7.0,6,2,4,5,6.0,2,5,2,0.833,5,-2,3.0,24,6,0.833,10,-2,3.0,True,False,False,0,False,False,False,False,False,0,0,False,False,False,False,False,False,False,True,0,False,False,False,False,0,307.4,,CHARACTER|INFANTRY
adeptus_custodes_valerian,Valerian,Adeptus Custodes,6.0,6,2,4,6,6.0,2,6,3,0.833,4,-1,2.0,24,7,0.833,8,-3,2.0,True,False,False,0,False,False,False,False,False,0,0,False,False,False,False,False,False,False,False,0,False,False,False,False,0,219.3,,INFANTRY|CHARACTER
adeptus_custodes_venatari_custodians,Venatari Custodians,Adeptus Custodes,3.0,6,2,4,5,6.0,2,6,2,0.833,5,-1,1.5,24,5,0.833,6,-2,1.5,True,False,True,0,False,False,False,False,True,0,1,False,False,False,False,False,False,False,True,0,False,False,False,True,0,123.7,,INFANTRY|FLY
adeptus_custodes_venerable_contemptor_dreadnought,Venerable Contemptor Dreadnought,Adeptus Custodes,10.0,9,2,5,5,6.0,3,6,2,0.833,9,-4,3.5,18,5,0.833,12,-2,3.0,False,False,False,0,False,False,False,False,False,2,0,False,False,False,False,False,False,False,False,0,False,False,False,False,1,778.0,,VEHICLE|WALKER|CHARACTER
adeptus_custodes_venerable_land_raider,Venerable Land Raider,Adeptus Custodes,16.0,12,2,7,5,6.0,5,6,2,0.833,12,-3,4.5,48,6,0.5,8,0,1.0,False,False,False,0,False,False,False,False,False,0,0,False,False,False,False,False,False,False,False,0,False,False,False,False,3,1071.4,,VEHICLE
adeptus_custodes_vertus_praetors,Vertus Praetors,Adeptus Custodes,5.0,7,2,4,5,6.0,2,6,3,0.833,4,-1,2.0,18,5,0.833,7,-2,2.0,False,False,False,3,True,False,False,False,True,0,0,False,False,False,False,False,False,False,False,0,False,False,False,True,0,196.8,,FLY|MOUNTED
adeptus_custodes_vigilators,Vigilators,Adeptus Custodes,1.0,3,3,7,3,6.0,1,6,2,0.667,5,-2,2.0,1,2,0.667,5,-2,2.0,False,False,False,0,False,False,False,False,False,0,0,True,False,False,False,False,False,False,False,0,False,False,False,False,0,85.7,PSYKER:5,INFANTRY
adeptus_custodes_witchseekers,Witchseekers,Adeptus Custodes,1.0,3,3,7,3,6.0,1,6,4,1.0,4,0,1.0,12,2,0.667,3,0,1.0,False,False,False,0,False,True,True,False,False,0,0,False,False,False,False,False,False,False,False,6,False,False,False,False,0,45.0,,INFANTRY
adeptus_mechanicus_archaeopter_fusilave,Archaeopter Fusilave,Adeptus Mechanicus,10.0,9,3,7,7,6.0,1,7,9,0.5,4,0,1.0,36,3,0.5,6,0,1.0,False,False,False,9,True,False,False,False,False,0,1,False,False,False,False,False,False,False,False,0,False,False,False,True,2,275.6,,VEHICLE|FLY
adeptus_mechanicus_archaeopter_stratoraptor,Archaeopter Stratoraptor,Adeptus Mechanicus,10.0,9,3,7,7,6.0,1,7,1,0.5,12,-3,4.5,48,3,0.5,6,0,1.0,False,False,False,0,True,False,False,False,False,0,1,False,False,False,False,False,False,False,False,0,False,False,False,True,2,330.5,,VEHICLE|FLY
adeptus_mechanicus_archaeopter_transvector,Archaeopter Transvector,Adeptus Mechanicus,10.0,9,3,7,7,6.0,1,7,9,0.5,4,0,1.0,36,3,0.5,6,0,1.0,False,False,False,9,True,False,False,False,False,0,1,False,False,False,False,False,False,False,True,0,False,False,False,True,2,275.6,,VEHICLE|FLY
adeptus_mechanicus_belisarius_cawl,Belisarius Cawl,Adeptus Mechanicus,10.0,8,2,7,7,6.0,3,6,2,0.833,14,-4,3.0,18,4,0.833,8,-2,2.0,False,False,False,0,False,False,False,False,False,0,0,False,False,True,False,False,False,False,False,0,False,False,False,False,0,731.1,,MONSTER|CHARACTER
adeptus_mechanicus_corpuscarii_electro_priests,Corpuscarii Electro-Priests,Adeptus Mechanicus,1.0,3,7,5,5,6.0,1,7,3,0.667,5,0,1.0,12,3,0.5,5,0,1.0,False,False,True,0,False,False,False,False,False,0,2,False,False,False,False,False,False,False,False,0,False,False,False,False,0,31.9,,INFANTRY
adeptus_mechanicus_cybernetica_datasmith,Cybernetica Datasmith,Adeptus Mechanicus,3.0,4,2,7,7,6.0,1,7,1,0.5,6,-1,1.0,12,2,0.667,8,-2,2.0,False,False,True,0,False,False,False,False,False,0,0,True,False,False,False,False,False,False,False,0,False,False,False,False,0,56.3,,INFANTRY|CHARACTER
adeptus_mechanicus_fulgurite_electro_priests,Fulgurite Electro-Priests,Adeptus Mechanicus,1.0,3,7,5,5,6.0,1,7,2,0.667,6,-1,2.0,1,2,0.667,6,-1,2.0,False,False,False,0,False,False,False,False,False,0,0,True,False,False,False,False,False,False,False,0,False,False,False,False,0,61.9,,INFANTRY
adeptus_mechanicus_ironstrider_ballistarii,Ironstrider Ballistarii,Adeptus Mechanicus,7.0,7,3,5,7,6.0,2,7,2,0.5,12,-3,4.5,48,3,0.5,5,0,1.0,False,False,False,0,False,False,False,False,False,0,1,False,False,False,False,False,False,False,False,0,False,False,False,False,1,289.7,,VEHICLE|WALKER
adeptus_mechanicus_kastelan_robots,Kastelan Robots,Adeptus Mechanicus,7.0,9,2,5,4,6.0,2,7,3,0.75,6,-1,1.0,24,4,0.5,12,-2,3.0,False,False,False,0,True,True,True,False,False,0,0,False,False,False,False,False,False,False,False,0,False,False,False,False,1,369.8,,VEHICLE|WALKER
adeptus_mechanicus_kataphron_breachers,Kataphron Breachers,Adeptus Mechanicus,3.0,7,3,7,7,6.0,1,7,2,0.5,7,-2,2.33,30,3,0.5,7,-2,2.33,False,False,False,2,False,False,False,False,False,0,0,False,False,True,False,False,False,False,False,0,False,False,False,False,0,103.8,VEHICLE:4|INFANTRY:2,INFANTRY
adeptus_mechanicus_kataphron_destroyers,Kataphron Destroyers,Adeptus Mechanicus,3.0,6,3,7,7,6.0,1,7,3,0.625,6,-1,1.25,30,2,0.5,5,0,1.0,False,False,False,1,False,True,True,False,False,0,0,False,False,False,False,False,False,False,False,0,False,False,False,False,0,88.7,VEHICLE:2,INFANTRY
adeptus_mechanicus_onager_dunecrawler,Onager Dunecrawler,Adeptus Mechanicus,11.0,10,2,7,7,6.0,3,7,3,0.5,16,-4,5.5,48,3,0.5,6,0,1.0,False,True,False,0,False,False,False,False,False,0,0,False,False,False,False,False,False,False,False,0,False,False,False,False,2,959.1,,VEHICLE|WALKER
adeptus_mechanicus_pteraxii_skystalkers,Pteraxii Skystalkers,Adeptus Mechanicus,2.0,4,4,5,7,6.0,1,7,6,0.5,3,0,1.0,18,2,0.5,4,0,1.0,False,False,True,0,False,False,False,False,False,0,0,False,False,False,False,False,False,False,True,0,False,False,False,True,0,31.3,,INFANTRY|FLY
adeptus_mechanicus_pteraxii_sterylizors,Pteraxii Sterylizors,Adeptus Mechanicus,2.0,4,4,5,7,6.0,1,7,4,0.833,4,0,1.0,12,2,0.5,4,0,1.0,False,False,True,0,False,True,True,False,False,0,0,False,False,False,False,False,False,False,True,0,False,False,False,True,0,47.5,,INFANTRY|FLY
adeptus_mechanicus_secutarii_hoplites_legends,Secutarii Hoplites [Legends],Adeptus Mechanicus,1.0,3,5,7,7,6.0,1,7,1,0.5,5,-1,1.0,12,2,0.5,5,-1,1.0,False,False,True,0,False,False,False,False,True,0,0,True,False,False,False,False,False,False,False,0,False,False,False,False,0,14.1,VEHICLE:4,INFANTRY
adeptus_mechanicus_secutarii_peltasts_legends,Secutarii Peltasts [Legends],Adeptus Mechanicus,1.0,3,5,7,7,6.0,1,7,5,0.5,4,0,1.0,18,1,0.5,3,0,1.0,True,False,False,0,False,False,False,False,False,0,0,False,False,False,False,False,False,False,False,0,False,False,False,False,0,30.9,,INFANTRY
adeptus_mechanicus_serberys_raiders,Serberys Raiders,Adeptus Mechanicus,2.0,4,4,5,7,6.0,2,7,3,0.5,4,0,1.0,18,4,0.5,4,-1,1.0,False,False,True,0,False,False,False,False,False,0,0,True,False,False,False,False,False,False,False,6,False,False,False,False,0,25.8,,MOUNTED
adeptus_mechanicus_serberys_sulphurhounds,Serberys Sulphurhounds,Adeptus Mechanicus,2.0,4,4,5,7,6.0,2,7,2,0.733,4,-1,1.0,9,4,0.5,4,0,1.0,False,False,True,0,False,True,True,False,False,0,0,True,False,True,False,False,False,False,False,0,False,False,False,False,0,38.8,,MOUNTED
adeptus_mechanicus_servitors_legends,Servitors [Legends],Adeptus Mechanicus,1.0,3,4,7,7,6.0,1,8,1,0.333,8,-2,3.0,1,1,0.333,8,-2,3.0,False,False,False,0,False,False,False,False,False,0,0,False,False,False,False,False,False,False,False,0,False,False,False,False,0,41.2,,INFANTRY
adeptus_mechanicus_sicarian_infiltrators,Sicarian Infiltrators,Adeptus Mechanicus,2.0,4,4,5,7,6.0,1,7,4,0.5,4,0,1.0,12,3,0.5,5,-1,1.0,False,False,True,0,False,False,False,False,False,0,0,False,False,False,False,False,False,True,False,0,True,False,False,False,0,32.5,,INFANTRY
adeptus_mechanicus_sicarian_ruststalkers,Sicarian Ruststalkers,Adeptus Mechanicus,2.0,4,4,5,7,6.0,1,7,4,0.5,5,-2,1.0,1,4,0.5,5,-2,1.0,False,False,False,0,False,False,False,False,False,0,0,True,True,False,False,False,False,True,False,0,False,False,False,False,0,77.5,INFANTRY:3,INFANTRY
adeptus_mechanicus_skitarii_marshal,Skitarii Marshal,Adeptus Mechanicus,3.0,3,4,7,7,6.0,1,6,1,0.5,6,-1,1.0,12,4,0.667,6,-1,1.0,False,False,True,0,False,False,False,False,False,0,0,True,False,False,False,False,False,False,False,0,False,False,False,False,0,22.5,,CHARACTER|INFANTRY
adeptus_mechanicus_skitarii_rangers,Skitarii Rangers,Adeptus Mechanicus,1.0,3,4,5,7,6.0,2,7,2,0.5,5,-1,1.33,30,1,0.5,3,0,1.0,False,True,False,1,False,False,False,False,False,0,0,True,True,False,False,True,False,False,False,6,False,False,False,False,0,30.4,VEHICLE:4,INFANTRY|BATTLELINE
adeptus_mechanicus_skitarii_vanguard,Skitarii Vanguard,Adeptus Mechanicus,1.0,3,4,5,7,6.0,2,7,2,0.5,5,-1,1.33,18,1,0.5,3,0,1.0,False,True,False,1,False,False,False,False,False,0,0,True,True,False,False,True,False,False,False,0,False,False,False,False,0,40.4,VEHICLE:4|INFANTRY:4,INFANTRY|BATTLELINE
adeptus_mechanicus_skorpius_disintegrator,Skorpius Disintegrator,Adeptus Mechanicus,12.0,10,2,7,7,6.0,3,7,3,0.5,12,-3,4.5,48,3,0.5,6,0,1.0,False,False,False,0,False,False,False,False,False,0,0,False,False,False,False,False,False,False,False,0,False,False,False,False,2,856.4,,VEHICLE
adeptus_mechanicus_skorpius_dunerider,Skorpius Dunerider,Adeptus Mechanicus,11.0,9,3,7,7,6.0,2,7,9,0.5,4,0,1.0,36,3,0.5,6,0,1.0,False,False,False,9,True,False,False,False,False,0,1,False,False,False,False,False,False,False,False,0,False,False,False,False,2,298.1,,VEHICLE
adeptus_mechanicus_sydonian_dragoons_with_radium_jezzails,Sydonian Dragoons with radium jezzails,Adeptus Mechanicus,7.0,7,3,5,7,6.0,2,7,1,0.5,5,-2,2.5,18,3,0.5,5,0,1.0,False,True,True,0,False,True,False,False,False,0,0,False,True,False,False,False,False,True,False,0,False,False,False,False,1,116.2,INFANTRY:3,VEHICLE|WALKER
adeptus_mechanicus_sydonian_dragoons_with_taser_lances,Sydonian Dragoons with taser lances,Adeptus Mechanicus,7.0,7,3,5,7,6.0,2,7,1,0.5,5,-1,2.0,18,4,0.5,7,-2,2.0,False,False,True,0,False,True,False,False,True,0,0,False,False,False,False,False,False,True,False,0,False,False,False,False,1,101.2,,VEHICLE|WALKER
adeptus_mechanicus_sydonian_skatros,Sydonian Skatros,Adeptus Mechanicus,4.0,4,4,7,7,6.0,1,7,1,0.667,5,-2,3.0,36,3,0.5,3,0,1.0,False,True,False,0,False,False,False,False,False,0,0,False,True,False,False,False,False,True,False,0,False,False,True,False,0,80.0,INFANTRY:3,INFANTRY|CHARACTER
adeptus_mechanicus_tech_priest_dominus,Tech-Priest Dominus,Adeptus Mechanicus,4.0,4,2,7,5,6.0,1,7,2,0.667,6,-2,2.0,12,4,0.667,6,-2,2.0,False,False,False,0,False,False,False,False,False,0,0,False,False,False,False,False,False,False,False,0,False,False,False,False,0,140.0,,CHARACTER|INFANTRY
adeptus_mechanicus_tech_priest_enginseer,Tech-Priest Enginseer,Adeptus Mechanicus,3.0,4,3,7,5,6.0,1,7,1,0.5,6,-1,1.0,12,3,0.5,6,-2,2.0,False,False,True,0,False,False,False,False,False,0,0,True,False,False,False,False,False,False,False,0,False,False,False,False,0,33.8,,CHARACTER|INFANTRY
adeptus_mechanicus_tech_priest_manipulus,Tech-Priest Manipulus,Adeptus Mechanicus,4.0,4,2,7,7,6.0,1,7,4,1.0,4,0,2.0,12,4,0.667,6,-1,2.0,False,False,False,0,False,False,True,False,False,0,0,True,False,False,False,False,False,False,False,0,False,False,False,False,0,138.8,,CHARACTER|INFANTRY
adeptus_mechanicus_technoarcheologist,Technoarcheologist,Adeptus Mechanicus,3.0,4,3,7,7,6.0,1,7,1,0.5,6,-1,1.0,12,3,0.5,8,-2,2.0,False,False,True,0,False,False,False,False,False,0,0,True,False,False,False,False,False,False,False,0,False,False,False,False,0,33.8,,CHARACTER|INFANTRY
adeptus_mechanicus_terrax_pattern_termite_legends,Terrax-Pattern Termite [Legends],Adeptus Mechanicus,14.0,10,3,7,7,6.0,2,6,5,0.5,-9,-4,3.5,12,6,0.5,14,-2,5.0,False,False,False,0,False,False,False,False,False,2,0,False,False,False,False,False,False,False,True,0,False,False,False,False,2,413.4,,VEHICLE
adeptus_mechanicus_x_101_legends,X-101 [Legends],Adeptus Mechanicus,3.0,3,4,7,5,6.0,1,8,2,0.667,5,-1,2.0,18,2,0.5,8,-2,3.0,False,False,False,0,False,False,False,False,False,0,0,False,False,False,False,False,False,False,False,0,False,False,False,False,0,71.3,VEHICLE:4,INFANTRY|CHARACTER
aeldari_aeldari_library_amallyn_shadowguide_legends,Amallyn Shadowguide [Legends],Aeldari,3.0,3,5,7,7,6.0,1,6,1,0.667,4,-1,2.0,36,4,0.667,4,-2,1.0,False,True,False,0,False,False,False,False,False,0,0,False,True,False,False,False,False,True,False,0,True,False,True,False,0,30.9,,INFANTRY|CHARACTER|ASURYANI
aeldari_aeldari_library_archon,Archon,Aeldari,4.0,3,4,7,7,6.0,1,6,1,0.833,8,-3,2.0,6,5,0.833,3,-2,2.0,False,False,True,0,False,False,False,False,False,0,0,False,False,False,False,False,False,False,False,0,False,False,False,False,0,93.1,,CHARACTER|INFANTRY
aeldari_aeldari_library_asurmen,Asurmen,Aeldari,5.0,3,2,7,7,6.0,1,6,6,0.833,5,-1,2.0,24,6,0.833,6,-3,3.0,True,False,True,0,False,False,False,False,False,0,0,False,False,False,False,False,False,False,False,0,False,False,False,False,0,281.2,,INFANTRY|CHARACTER|ASURYANI
aeldari_aeldari_library_autarch,Autarch,Aeldari,4.0,3,3,7,7,6.0,1,6,1,0.833,9,-4,3.5,12,4,0.833,6,-3,3.0,True,False,False,0,False,False,False,False,False,3,0,False,False,False,False,False,False,False,False,0,False,False,False,False,0,186.5,,CHARACTER|INFANTRY|ASURYANI
aeldari_aeldari_library_autarch_skyrunner_legends,Autarch Skyrunner [Legends],Aeldari,5.0,4,3,7,7,6.0,2,6,1,0.833,9,-4,3.5,12,4,0.833,4,-3,2.0,True,False,False,0,False,False,False,False,True,3,0,False,False,False,False,False,False,False,False,0,False,False,False,True,0,201.5,,CHARACTER|MOUNTED|FLY|ASURYANI
aeldari_aeldari_library_autarch_wayleaper,Autarch Wayleaper,Aeldari,4.0,3,3,7,7,6.0,1,6,1,0.833,9,-4,3.5,12,4,0.833,6,-3,3.0,True,False,False,0,False,False,False,False,False,3,0,False,False,False,False,False,False,False,True,0,False,False,False,True,0,186.5,,CHARACTER|INFANTRY|FLY|ASURYANI
aeldari_aeldari_library_avatar_of_khaine,Avatar of Khaine,Aeldari,14.0,11,2,7,7,6.0,5,6,1,0.833,16,-4,5.5,12,6,0.833,16,-4,5.5,False,False,False,0,False,False,False,False,False,0,2,False,False,False,False,False,False,False,False,0,False,False,False,False,2,887.7,,DAEMON|CHARACTER|MONSTER|ASURYANI
aeldari_aeldari_library_baharroth,Baharroth,Aeldari,5.0,3,2,7,7,6.0,1,6,4,0.833,6,-1,2.0,24,6,0.833,5,-2,2.0,True,False,False,0,False,False,False,True,False,0,0,False,False,False,False,False,False,False,True,0,False,False,False,True,0,206.2,,CHARACTER|INFANTRY|FLY|ASURYANI
aeldari_aeldari_library_beastmaster,Beastmaster,Aeldari,3.0,4,6,7,7,6.0,1,6,2,0.667,2,0,1.0,18,4,0.542,4,0,1.25,True,False,False,0,False,False,False,False,False,0,0,False,False,False,False,False,False,False,False,9,False,False,False,True,0,14.0,INFANTRY:3,BEAST|CHARACTER|MOUNTED|FLY
aeldari_aeldari_library_bonesinger_legends,Bonesinger [Legends],Aeldari,3.0,3,6,7,4,6.0,1,6,2,0.833,3,0,2.0,1,2,0.833,3,0,2.0,False,False,False,0,False,False,False,False,False,0,0,False,False,False,False,False,False,False,False,0,False,False,False,False,0,31.7,,CHARACTER|INFANTRY|PSYKER|ASURYANI
aeldari_aeldari_library_cobra_legends,Cobra [Legends],Aeldari,24.0,11,2,7,7,6.0,8,6,6,0.667,16,-4,4.0,36,6,0.5,6,0,1.0,False,False,False,0,False,False,False,False,False,0,0,True,False,True,False,False,False,False,False,0,False,False,False,True,1,2055.5,,VEHICLE|TITANIC|FLY|ASURYANI
aeldari_aeldari_library_corsair_cloud_dancer_band_legends,Corsair Cloud Dancer Band [Legends],Aeldari,2.0,4,3,7,7,6.0,2,6,1,0.667,7,-1,3.12,12,2,0.667,3,0,1.0,True,False,True,0,False,False,False,False,False,0,0,True,False,False,False,False,False,False,False,7,False,False,False,False,0,84.0,,MOUNTED
aeldari_aeldari_library_corsair_reaver_band_legends,Corsair Reaver Band [Legends],Aeldari,3.0,3,5,7,7,6.0,2,6,2,0.667,3,0,1.0,12,2,0.667,3,0,1.0,True,False,True,0,False,False,False,True,False,0,0,True,False,False,False,False,False,False,False,0,False,False,False,False,0,18.6,,INFANTRY
aeldari_aeldari_library_corsair_skyreaver_band_legends,Corsair Skyreaver Band [Legends],Aeldari,3.0,3,5,7,7,6.0,1,6,2,0.667,3,0,1.0,12,2,0.667,3,0,1.0,True,False,True,0,False,False,False,True,False,0,0,True,False,False,False,False,False,False,True,0,False,False,False,True,0,18.5,,INFANTRY|FLY
aeldari_aeldari_library_corsair_voidreavers,Corsair Voidreavers,Aeldari,1.0,3,4,7,7,6.0,2,7,1,0.683,4,-1,1.18,12,2,0.667,3,-1,1.0,True,False,True,0,False,False,True,False,False,0,0,False,False,False,False,False,False,False,False,7,False,False,False,False,0,19.0,INFANTRY:2,INFANTRY|BATTLELINE|ASURYANI
aeldari_aeldari_library_corsair_voidscarred,Corsair Voidscarred,Aeldari,1.0,3,4,7,7,6.0,1,6,1,0.667,4,-1,1.12,12,3,0.708,3,-1,1.12,True,False,True,0,False,False,False,False,False,0,0,False,False,False,False,False,False,False,False,7,False,False,False,False,0,19.6,INFANTRY:2,INFANTRY|ASURYANI|PSYKER
aeldari_aeldari_library_court_of_the_archon,Court of the Archon,Aeldari,2.0,3,5,7,7,6.0,1,6,3,0.833,4,-1,1.0,12,4,0.667,4,-1,1.33,True,False,True,0,False,False,True,False,False,0,0,False,False,False,False,False,False,False,False,0,False,False,False,False,0,44.3,INFANTRY:3,INFANTRY
aeldari_aeldari_library_crimson_hunter,Crimson Hunter,Aeldari,12.0,8,3,7,7,6.0,1,6,3,0.667,9,-2,3.5,48,3,0.5,6,0,1.0,False,False,False,0,False,False,False,False,False,0,0,False,False,False,False,False,False,False,False,0,False,False,False,True,0,532.6,,VEHICLE|FLY|ASURYANI
aeldari_aeldari_library_cronos,Cronos,Aeldari,7.0,7,3,7,5,6.0,2,6,4,1.0,5,-1,1.0,12,4,0.5,5,0,1.0,False,False,False,0,False,True,True,False,False,0,0,False,False,False,False,False,False,False,False,0,False,False,False,True,1,157.5,,MONSTER|FLY
aeldari_aeldari_library_d_cannon_platform,D-Cannon Platform,Aeldari,5.0,6,4,7,7,6.0,1,7,2,0.667,16,-4,5.5,24,2,0.667,3,0,1.0,False,False,False,0,False,False,False,False,False,0,0,True,False,True,True,False,False,False,False,0,False,False,False,False,0,450.2,,ASURYANI|INFANTRY
aeldari_aeldari_library_dark_reapers,Dark Reapers,Aeldari,2.0,3,3,7,7,6.0,1,6,2,0.667,9,-2,2.8,48,2,0.667,3,0,1.0,False,False,False,0,False,True,False,False,False,0,0,False,False,True,True,False,False,False,False,0,False,False,False,False,0,123.3,,INFANTRY|ASURYANI
aeldari_aeldari_library_death_jester,Death Jester,Aeldari,4.0,3,6,7,7,6.0,1,6,3,0.833,6,-2,2.0,24,4,0.833,4,0,1.0,False,False,False,0,False,False,False,False,False,0,0,False,False,False,False,False,False,False,False,0,False,False,True,False,0,158.9,,CHARACTER|INFANTRY
aeldari_aeldari_library_dire_avengers,Dire Avengers,Aeldari,1.0,3,4,7,7,6.0,1,6,4,0.667,4,-1,1.0,18,2,0.667,3,0,1.0,True,False,False,0,False,False,False,False,False,0,0,False,False,False,False,False,False,False,False,0,False,False,False,False,0,48.8,,INFANTRY|ASURYANI
aeldari_aeldari_library_drazhar,Drazhar,Aeldari,5.0,3,2,7,7,6.0,1,6,7,0.833,5,-2,2.0,1,7,0.833,5,-2,2.0,False,False,False,0,True,False,False,False,False,0,0,False,False,False,False,False,False,False,False,0,False,False,False,False,0,406.1,,INFANTRY|CHARACTER
aeldari_aeldari_library_eldrad_ulthran,Eldrad Ulthran,Aeldari,5.0,4,6,7,7,6.0,1,6,1,0.833,5,-2,3.5,18,3,0.833,5,-1,2.0,False,False,False,0,False,False,False,False,False,0,0,False,True,False,False,False,False,False,False,0,False,False,False,False,0,102.5,CHARACTER:4,CHARACTER|INFANTRY|PSYKER|ASURYANI
aeldari_aeldari_library_falcon,Falcon,Aeldari,12.0,9,3,7,7,6.0,3,7,3,0.667,9,-2,3.5,48,3,0.5,6,0,1.0,False,False,False,0,False,False,False,False,False,0,0,False,False,False,False,False,False,False,True,0,False,False,False,True,2,532.6,,FLY|VEHICLE|ASURYANI
aeldari_aeldari_library_farseer,Farseer,Aeldari,4.0,3,6,7,4,6.0,1,6,4,0.667,6,-2,2.0,24,2,0.833,3,0,3.0,False,False,False,0,False,False,False,False,False,0,0,False,False,True,False,False,False,False,False,0,False,False,False,False,0,149.1,,CHARACTER|INFANTRY|PSYKER|ASURYANI
aeldari_aeldari_library_farseer_skyrunner,Farseer Skyrunner,Aeldari,5.0,4,6,7,4,6.0,2,6,4,0.667,6,-2,2.0,24,2,0.833,3,0,3.0,False,False,False,0,False,False,False,False,False,0,0,False,False,True,False,False,False,False,False,0,False,False,False,True,0,155.1,,CHARACTER|FLY|MOUNTED|PSYKER|ASURYANI
aeldari_aeldari_library_fire_dragons,Fire Dragons,Aeldari,1.0,3,3,7,7,6.0,1,6,1,0.7,9,-4,3.25,12,2,0.667,3,0,1.12,True,False,False,0,False,True,True,False,False,3,0,False,False,False,False,False,False,False,False,0,False,False,False,False,0,191.1,,INFANTRY|ASURYANI
aeldari_aeldari_library_fire_prism,Fire Prism,Aeldari,12.0,9,3,7,7,6.0,3,7,2,0.667,18,-4,6.0,60,3,0.5,6,0,1.0,False,False,False,0,False,False,False,False,False,0,0,False,False,False,False,False,False,False,False,0,False,False,False,True,2,720.2,,FLY|VEHICLE|ASURYANI
aeldari_aeldari_library_firestorm_legends,Firestorm [Legends],Aeldari,12.0,9,3,7,7,6.0,3,6,16,0.667,5,0,1.0,36,3,0.5,6,0,1.0,False,False,False,0,False,False,False,False,False,0,0,False,False,False,False,False,False,False,False,0,False,False,False,True,2,430.1,FLY:2,VEHICLE|FLY|ASURYANI
aeldari_aeldari_library_fuegan,Fuegan,Aeldari,5.0,3,2,7,7,6.0,1,6,3,0.833,8,-3,2.0,12,6,0.833,5,-4,3.0,True,False,False,0,False,False,False,False,False,1,2,False,False,False,False,False,False,False,False,0,False,False,False,False,0,290.5,,CHARACTER|INFANTRY|ASURYANI
aeldari_aeldari_library_grotesques,Grotesques,Aeldari,4.0,5,6,7,5,6.0,1,6,4,1.0,4,-1,1.0,12,4,0.667,5,-1,2.0,False,False,False,0,False,False,True,False,False,0,0,False,False,False,False,False,False,False,False,0,False,False,False,False,0,77.1,,INFANTRY
aeldari_aeldari_library_guardian_defenders,Guardian Defenders,Aeldari,1.0,3,4,7,7,6.0,2,7,2,0.667,4,-1,1.0,18,1,0.667,3,0,1.0,True,False,False,0,False,False,False,False,False,0,0,False,False,False,False,False,False,False,False,0,False,False,False,False,0,26.3,,BATTLELINE|INFANTRY|ASURYANI
aeldari_aeldari_library_haemonculus,Haemonculus,Aeldari,5.0,4,6,7,5,6.0,1,6,1,0.833,2,-1,2.0,12,5,0.833,3,-1,2.0,False,False,True,0,False,False,False,False,False,0,0,False,True,False,False,False,False,False,False,0,False,False,False,False,0,24.4,INFANTRY:2,CHARACTER|INFANTRY
aeldari_aeldari_library_hellions,Hellions,Aeldari,2.0,4,5,7,7,6.0,1,6,2,0.667,2,0,1.0,18,3,0.667,4,-1,2.0,True,False,True,0,True,False,False,False,False,0,0,False,False,False,False,False,False,False,False,0,False,False,False,True,0,12.4,INFANTRY:3,MOUNTED|FLY
aeldari_aeldari_library_hemlock_wraithfighter,Hemlock Wraithfighter,Aeldari,12.0,8,3,7,7,6.0,1,6,4,0.5,12,-4,2.0,18,3,0.5,6,0,1.0,False,False,False,0,False,False,False,False,False,0,0,False,False,True,False,False,False,False,False,0,False,False,False,True,0,466.9,,VEHICLE|FLY|PSYKER|ASURYANI
aeldari_aeldari_library_hornet_legends,Hornet [Legends],Aeldari,8.0,7,3,7,7,6.0,2,6,1,0.667,12,-3,5.5,36,3,0.5,6,0,1.0,False,False,False,0,False,False,False,False,False,0,0,False,False,False,False,False,False,False,False,0,False,False,False,True,1,262.0,,VEHICLE|FLY|ASURYANI
aeldari_aeldari_library_howling_banshees,Howling Banshees,Aeldari,2.0,3,4,7,7,6.0,1,6,1,0.667,4,-1,1.0,12,2,0.833,4,-2,2.1,True,False,True,0,False,False,False,False,False,0,0,False,False,False,False,False,False,False,False,0,False,False,False,False,0,21.0,INFANTRY:3,INFANTRY|ASURYANI
aeldari_aeldari_library_illic_nightspear_legends,Illic Nightspear [Legends],Aeldari,3.0,3,5,7,7,6.0,1,6,1,0.833,6,-3,3.0,48,4,0.833,4,-2,1.0,False,True,False,0,False,False,False,False,False,0,0,True,True,False,False,False,False,True,False,0,True,False,False,False,0,102.1,,INFANTRY|CHARACTER|ASURYANI
aeldari_aeldari_library_incubi,Incubi,Aeldari,1.0,3,3,7,7,6.0,1,6,3,0.667,4,-2,2.0,1,3,0.667,4,-2,2.0,False,False,False,0,False,False,False,False,False,0,0,False,False,False,False,False,False,False,False,0,False,False,False,False,0,95.7,,INFANTRY
aeldari_aeldari_library_irillyth_legends,Irillyth [Legends],Aeldari,5.0,3,2,7,7,6.0,1,6,3,0.667,8,-2,4.0,24,4,0.667,5,-2,1.0,False,False,False,0,False,False,False,False,False,0,0,False,False,False,False,False,False,True,True,0,False,False,False,True,0,356.4,,INFANTRY|CHARACTER|FLY|ASURYANI
aeldari_aeldari_library_jain_zar,Jain Zar,Aeldari,5.0,3,2,7,7,6.0,1,6,6,0.833,6,-2,1.0,12,8,0.833,6,-3,2.0,True,False,False,0,False,False,False,False,False,0,0,False,False,False,False,False,False,False,False,0,False,False,False,False,0,206.2,,CHARACTER|INFANTRY|ASURYANI
aeldari_aeldari_library_kabalite_warriors,Kabalite Warriors,Aeldari,1.0,3,4,7,7,6.0,2,6,2,0.667,5,-1,2.0,24,2,0.667,3,0,1.0,True,True,True,0,False,False,True,False,False,0,1,False,False,False,False,False,False,False,False,0,False,False,False,False,0,62.3,INFANTRY:3,BATTLELINE|INFANTRY
aeldari_aeldari_library_karandras_legends,Karandras [Legends],Aeldari,5.0,3,2,7,7,6.0,1,6,2,0.833,5,-1,2.0,12,5,0.833,8,-3,2.0,True,False,True,0,False,False,False,False,False,0,0,False,False,False,False,False,False,False,False,0,True,False,False,False,0,131.2,,CHARACTER|INFANTRY|ASURYANI
aeldari_aeldari_library_lelith_hesperax,Lelith Hesperax,Aeldari,4.0,3,6,7,7,6.0,1,6,8,0.833,3,-2,1.0,1,8,0.833,3,-2,1.0,False,False,False,0,False,False,False,False,False,0,2,False,False,False,False,False,False,False,False,0,False,False,False,False,0,109.0,INFANTRY:2,CHARACTER|INFANTRY
aeldari_aeldari_library_lhykhis,Lhykhis,Aeldari,5.0,3,2,7,7,6.0,1,6,6,1.0,6,-2,1.0,12,5,0.833,6,-2,2.0,False,False,False,0,True,True,True,False,False,0,0,False,False,False,False,False,False,False,True,0,False,False,False,True,0,251.2,,CHARACTER|INFANTRY|ASURYANI|FLY
aeldari_aeldari_library_lynx_legends,Lynx [Legends],Aeldari,16.0,9,3,7,7,6.0,4,6,4,0.667,16,-3,3.5,48,3,0.5,6,0,1.0,True,False,False,0,False,False,False,False,False,0,0,False,False,False,False,False,False,False,False,0,False,False,False,True,3,797.7,,VEHICLE|FLY|ASURYANI
aeldari_aeldari_library_mandrakes,Mandrakes,Aeldari,1.0,3,7,7,7,6.0,1,6,2,0.667,5,0,1.0,18,3,0.667,5,0,1.0,True,False,False,0,False,False,False,False,False,0,0,True,False,False,False,False,False,True,False,0,True,False,False,False,0,21.9,,INFANTRY
aeldari_aeldari_library_maugan_ra,Maugan Ra,Aeldari,5.0,3,2,7,7,6.0,1,6,6,0.833,7,-2,2.0,36,5,0.833,6,-2,2.0,False,False,False,0,False,True,False,False,False,0,0,True,False,False,False,False,False,False,False,0,False,False,False,False,0,356.1,,INFANTRY|CHARACTER|ASURYANI
aeldari_aeldari_library_night_spinner,Night Spinner,Aeldari,12.0,9,3,7,7,6.0,3,7,6,0.667,7,-1,2.0,48,3,0.5,6,0,1.0,False,False,False,0,True,False,False,False,False,0,0,False,False,True,True,False,False,False,False,0,False,False,False,True,2,465.1,,FLY|VEHICLE|ASURYANI
aeldari_aeldari_library_nightwing_legends,Nightwing [Legends],Aeldari,12.0,8,3,7,7,6.0,1,6,1,0.667,12,-3,5.5,36,3,0.5,6,0,1.0,False,False,False,0,True,False,False,False,False,0,0,False,False,False,False,False,False,False,False,0,False,False,False,True,2,442.0,,VEHICLE|FLY|ASURYANI
aeldari_aeldari_library_phantom_titan,Phantom Titan,Aeldari,55.0,14,2,7,7,6.0,20,6,8,0.667,18,-4,6.0,120,6,0.667,18,-4,12.0,False,False,False,0,False,False,False,False,False,0,0,False,False,False,False,False,False,False,False,0,False,False,False,False,1,4275.9,,ASURYANI|TITANIC|TOWERING|WALKER|MONSTER
aeldari_aeldari_library_phoenix_legends,Phoenix [Legends],Aeldari,16.0,9,3,7,7,6.0,1,6,4,0.667,10,-2,3.5,48,3,0.5,6,0,1.0,False,False,False,0,False,False,False,False,False,0,0,False,False,False,False,False,False,False,False,0,False,False,False,False,2,710.2,,VEHICLE|ASURYANI
aeldari_aeldari_library_prince_yriel_legends,Prince Yriel [Legends],Aeldari,4.0,3,3,7,7,6.0,1,6,1,0.833,6,-3,2.0,6,5,0.833,6,-3,3.0,True,False,False,0,False,False,False,False,False,0,0,False,False,False,False,False,False,False,False,0,False,False,False,False,0,85.0,,INFANTRY|CHARACTER|ASURYANI
aeldari_aeldari_library_raider,Raider,Aeldari,10.0,8,4,7,7,6.0,2,6,1,0.667,12,-3,5.5,36,3,0.5,6,0,1.0,False,False,False,0,False,False,False,False,False,0,0,False,False,False,False,False,False,False,True,0,False,False,False,True,2,322.0,,FLY|VEHICLE
aeldari_aeldari_library_rangers,Rangers,Aeldari,1.0,3,5,7,7,6.0,1,7,1,0.75,4,-1,1.5,12,1,0.667,3,0,1.0,True,True,True,0,False,False,False,False,False,0,0,False,True,False,False,False,False,True,False,0,True,False,False,False,0,21.8,,INFANTRY|ASURYANI
aeldari_aeldari_library_ravager,Ravager,Aeldari,11.0,9,4,7,7,6.0,3,6,1,0.667,12,-3,5.5,36,3,0.5,6,0,1.0,False,False,False,0,False,False,False,False,False,0,0,False,False,False,False,False,False,False,True,0,False,False,False,True,2,337.0,,FLY|VEHICLE
aeldari_aeldari_library_raven_strike_fighter_legends,Raven Strike Fighter [Legends],Aeldari,10.0,8,4,7,7,6.0,1,6,8,0.667,3,-1,1.0,36,3,0.5,6,0,1.0,False,False,False,0,False,False,False,False,False,0,2,False,False,False,False,False,False,True,False,0,False,False,False,True,2,210.0,INFANTRY:3,VEHICLE|FLY
aeldari_aeldari_library_razorwing_jetfighter,Razorwing Jetfighter,Aeldari,10.0,8,4,7,7,6.0,1,6,1,0.667,12,-3,5.5,36,3,0.5,6,0,1.0,False,False,False,0,False,False,False,False,False,0,0,False,False,False,False,False,False,True,False,0,False,False,False,True,2,322.0,,VEHICLE|FLY
aeldari_aeldari_library_reaper_legends,Reaper [Legends],Aeldari,11.0,9,4,7,7,6.0,3,6,3,0.667,12,-3,3.5,36,1,0.5,8,-2,2.0,False,False,False,0,False,False,False,False,True,0,0,False,False,False,False,False,False,False,True,0,False,False,False,True,2,493.3,,VEHICLE|FLY
aeldari_aeldari_library_reavers,Reavers,Aeldari,2.0,4,4,7,7,6.0,2,6,1,0.75,4,-1,1.79,24,3,0.667,4,0,1.0,True,False,True,0,False,False,False,False,False,3,0,False,False,False,False,False,False,False,False,0,False,False,False,True,0,38.4,INFANTRY:3,FLY|MOUNTED
aeldari_aeldari_library_revenant_titan,Revenant Titan,Aeldari,30.0,13,2,7,7,6.0,16,6,10,1.0,8,-3,2.0,18,8,0.667,10,-1,3.0,True,False,False,0,False,False,True,False,False,0,0,False,False,False,False,False,False,False,False,0,False,False,False,True,1,2240.6,MONSTER:4|VEHICLE:4,ASURYANI|WALKER|TOWERING|TITANIC|MONSTER|FLY
aeldari_aeldari_library_scorpion_legends,Scorpion [Legends],Aeldari,24.0,11,2,7,7,6.0,8,6,6,0.667,18,-3,5.0,60,6,0.5,6,0,1.0,False,False,False,0,True,False,False,False,False,0,0,False,False,False,False,False,False,False,False,0,False,False,False,True,1,2018.0,,ASURYANI|VEHICLE|FLY|TITANIC
aeldari_aeldari_library_scourges,Scourges,Aeldari,1.0,3,4,7,7,6.0,1,6,2,0.667,5,-2,2.5,18,2,0.667,3,0,1.0,True,False,True,0,False,False,False,False,False,0,0,False,False,False,False,False,False,False,True,0,False,False,False,True,0,103.8,INFANTRY:3,FLY|INFANTRY
aeldari_aeldari_library_shadow_spectres_legends,Shadow Spectres [Legends],Aeldari,2.0,3,3,7,7,6.0,1,6,1,0.667,6,-2,3.0,24,2,0.667,3,0,1.0,False,False,False,0,False,False,False,False,False,0,0,False,False,False,False,False,False,True,True,0,False,False,False,True,0,71.3,,INFANTRY|FLY|ASURYANI
aeldari_aeldari_library_shadow_weaver_platform,Shadow Weaver Platform,Aeldari,5.0,6,4,7,7,6.0,1,7,6,0.667,6,-1,1.0,48,2,0.667,3,0,1.0,False,False,False,0,False,False,False,False,False,0,0,False,False,True,True,False,False,False,False,0,False,False,False,False,0,120.0,,ASURYANI|INFANTRY
aeldari_aeldari_library_shadowseer,Shadowseer,Aeldari,4.0,3,6,7,7,6.0,1,6,1,0.833,4,-2,1.0,12,4,0.833,5,-1,2.0,True,False,True,0,False,False,False,False,False,0,0,False,False,False,False,False,False,True,False,0,False,False,False,False,0,27.7,INFANTRY:2,CHARACTER|INFANTRY|PSYKER
aeldari_aeldari_library_shining_spears,Shining Spears,Aeldari,2.0,4,3,7,7,6.0,2,6,2,0.681,5,-2,2.08,18,3,0.667,5,-2,3.0,True,False,False,0,True,False,False,True,True,0,0,False,False,False,False,False,False,False,False,0,False,False,False,True,0,82.4,,MOUNTED|FLY|ASURYANI
aeldari_aeldari_library_shroud_runners,Shroud Runners,Aeldari,3.0,4,5,7,7,6.0,2,7,3,0.778,4,-1,1.33,12,1,0.667,3,0,1.0,True,False,True,0,False,False,False,False,False,0,1,False,True,False,False,False,False,True,False,9,False,False,False,True,0,58.0,,FLY|MOUNTED|ASURYANI
aeldari_aeldari_library_skathach_wraithknight_legends,Skathach Wraithknight [Legends],Aeldari,18.0,12,2,7,7,6.0,10,6,4,0.667,12,-4,3.5,24,5,0.667,8,-1,2.0,False,False,False,0,False,False,False,False,False,2,0,False,False,False,False,False,False,False,True,0,False,False,False,False,3,1335.3,,ASURYANI|TOWERING|TITANIC|WALKER|MONSTER
aeldari_aeldari_library_skyweavers,Skyweavers,Aeldari,3.0,4,4,7,7,6.0,2,6,2,0.667,6,-2,2.0,24,4,0.667,4,-1,1.5,False,False,False,0,False,False,False,True,False,0,0,False,False,False,False,False,False,False,False,0,False,False,False,True,0,115.0,,FLY|MOUNTED
aeldari_aeldari_library_solitaire,Solitaire,Aeldari,4.0,3,6,7,7,6.0,1,6,9,0.833,6,-2,2.0,1,9,0.833,6,-2,2.0,False,False,False,0,False,False,False,False,False,0,0,False,True,False,False,False,False,True,False,0,False,False,True,False,0,458.8,,CHARACTER|INFANTRY
aeldari_aeldari_library_spiritseer,Spiritseer,Aeldari,3.0,3,6,7,4,6.0,1,6,1,0.833,4,-1,1.0,12,2,0.833,3,0,2.0,True,False,True,0,False,False,False,False,False,0,0,False,False,False,False,False,False,True,False,0,False,False,False,False,0,20.8,,CHARACTER|INFANTRY|PSYKER|ASURYANI
aeldari_aeldari_library_starweaver,Starweaver,Aeldari,6.0,6,4,7,7,6.0,2,6,3,0.667,6,-1,2.0,24,4,0.667,3,0,1.0,False,False,False,0,False,False,False,True,False,0,0,False,False,False,False,False,False,False,False,0,False,False,False,True,1,135.0,,FLY|VEHICLE
aeldari_aeldari_library_storm_guardians,Storm Guardians,Aeldari,2.0,3,4,7,7,6.0,1,7,2,0.8,6,-2,2.0,12,2,0.667,4,-1,1.0,True,False,True,0,False,True,True,False,False,2,0,False,False,False,False,False,False,False,False,0,False,False,False,False,0,103.5,,BATTLELINE|INFANTRY|ASURYANI
aeldari_aeldari_library_striking_scorpions,Striking Scorpions,Aeldari,1.0,3,3,7,7,6.0,1,6,1,0.667,4,-1,1.0,12,4,0.667,4,-1,1.1,True,False,True,0,True,False,False,False,False,0,0,False,False,False,False,False,False,True,False,7,True,False,False,False,0,16.9,,INFANTRY|ASURYANI
aeldari_aeldari_library_succubus,Succubus,Aeldari,4.0,3,6,7,7,6.0,1,6,1,0.833,8,-3,2.0,6,6,0.833,3,-2,1.0,False,False,True,0,False,False,False,False,False,0,0,False,False,False,False,False,False,False,False,0,False,False,False,False,0,87.1,,CHARACTER|INFANTRY
aeldari_aeldari_library_swooping_hawks,Swooping Hawks,Aeldari,1.0,3,4,7,7,6.0,1,6,4,0.667,4,0,1.1,24,2,0.667,3,0,1.0,True,False,False,0,False,False,False,True,False,0,0,False,False,False,False,False,False,False,True,0,False,False,False,True,0,35.1,,INFANTRY|FLY|ASURYANI
aeldari_aeldari_library_talos,Talos,Aeldari,7.0,7,3,7,5,6.0,2,6,3,0.75,4,-1,1.5,12,5,0.583,8,-2,2.5,False,False,False,0,True,False,True,False,False,0,1,False,False,False,False,False,False,False,False,0,False,False,False,True,1,140.5,INFANTRY:3,MONSTER|FLY
aeldari_aeldari_library_tantalus_legends,Tantalus [Legends],Aeldari,18.0,10,4,7,7,6.0,5,6,12,0.667,10,-2,2.0,36,6,0.5,8,-1,2.0,True,False,False,0,False,False,False,False,False,0,0,False,False,False,False,False,False,False,True,0,False,False,False,True,3,870.3,,VEHICLE|FLY
aeldari_aeldari_library_the_visarch,The Visarch,Aeldari,5.0,3,2,7,4,6.0,1,6,4,0.833,3,-4,3.0,1,4,0.833,3,-4,3.0,False,False,False,0,False,False,False,False,False,0,0,False,True,False,False,False,False,False,False,0,False,False,False,False,0,281.2,,INFANTRY|CHARACTER
aeldari_aeldari_library_the_yncarne,The Yncarne,Aeldari,12.0,10,2,7,7,6.0,3,6,6,1.0,7,-1,2.0,12,5,0.833,12,-4,4.5,False,False,False,0,False,True,True,False,False,0,0,False,False,False,False,False,False,False,True,0,False,False,False,True,2,832.5,,MONSTER|CHARACTER|FLY|PSYKER|DAEMON
aeldari_aeldari_library_troupe,Troupe,Aeldari,1.0,3,6,7,7,6.0,1,6,1,0.667,4,-1,1.21,12,4,0.667,4,-1,1.0,True,False,True,0,False,False,False,False,False,2,0,False,False,False,False,False,False,False,False,0,False,False,False,False,0,15.9,,INFANTRY
aeldari_aeldari_library_troupe_master,Troupe Master,Aeldari,4.0,3,6,7,7,6.0,1,6,1,0.833,8,-4,3.5,6,5,0.833,5,-2,2.0,True,False,True,0,False,False,False,False,False,2,0,False,False,False,False,False,False,False,False,0,False,False,False,False,0,173.0,,INFANTRY|CHARACTER
aeldari_aeldari_library_urien_rakarth,Urien Rakarth,Aeldari,5.0,4,6,7,4,6.0,1,6,10,1.0,3,-1,1.0,12,5,0.833,3,-1,2.0,False,False,False,0,False,False,True,False,False,0,0,True,True,False,False,False,True,False,False,0,False,False,False,False,0,133.1,,CHARACTER|INFANTRY
aeldari_aeldari_library_vampire_hunter_legends,Vampire Hunter [Legends],Aeldari,30.0,12,3,7,7,6.0,1,6,3,0.667,12,-3,4.0,60,6,0.5,6,0,1.0,False,False,False,0,True,False,False,False,False,0,0,False,False,False,False,False,False,False,False,0,False,False,False,True,1,1050.2,,VEHICLE|FLY|TITANIC|ASURYANI
aeldari_aeldari_library_vampire_raider_legends,Vampire Raider [Legends],Aeldari,30.0,12,3,7,7,6.0,1,6,3,0.667,9,-2,3.5,48,6,0.5,6,0,1.0,False,False,False,0,True,False,False,False,False,0,0,False,False,False,False,False,False,False,False,0,False,False,False,True,1,937.6,,VEHICLE|FLY|TITANIC|ASURYANI
aeldari_aeldari_library_venom,Venom,Aeldari,6.0,6,4,7,7,6.0,1,6,3,0.667,3,-1,2.0,36,3,0.5,5,0,1.0,False,False,False,0,False,False,False,False,False,0,1,False,False,False,False,False,False,True,True,0,False,False,False,True,1,90.0,INFANTRY:3,FLY|VEHICLE
aeldari_aeldari_library_vibro_cannon_platform,Vibro Cannon Platform,Aeldari,5.0,6,4,7,7,6.0,1,7,4,0.667,8,-1,2.0,48,2,0.667,3,0,1.0,False,False,False,0,False,False,False,False,False,0,0,False,False,False,False,False,False,False,False,0,False,False,False,False,0,168.8,,ASURYANI|INFANTRY
aeldari_aeldari_library_voidraven_bomber,Voidraven Bomber,Aeldari,12.0,9,4,7,7,6.0,1,6,6,0.667,8,-4,2.0,24,3,0.5,6,0,1.0,False,False,False,0,False,False,False,False,False,0,0,False,False,False,False,False,False,True,False,0,False,False,False,True,2,630.2,,VEHICLE|FLY
aeldari_aeldari_library_voidweaver,Voidweaver,Aeldari,6.0,6,4,7,7,6.0,2,6,2,0.667,12,-3,4.0,24,4,0.667,3,0,1.0,False,False,False,0,False,False,False,False,False,0,0,False,False,False,False,False,False,True,False,0,False,False,False,True,1,295.1,,FLY|VEHICLE
aeldari_aeldari_library_vypers,Vypers,Aeldari,6.0,6,3,7,7,6.0,2,7,2,0.667,4,-1,1.0,18,3,0.5,6,0,1.0,True,False,False,0,True,False,False,False,False,0,0,False,False,False,False,False,False,False,False,0,False,False,False,True,1,90.0,,VEHICLE|FLY|ASURYANI
aeldari_aeldari_library_war_walkers,War Walkers,Aeldari,6.0,7,3,7,7,6.0,2,7,1,0.667,12,-3,5.5,36,3,0.667,5,0,1.0,False,False,False,0,False,False,False,False,False,0,0,False,False,False,False,False,False,False,False,9,False,False,False,False,0,239.5,,VEHICLE|WALKER|ASURYANI
aeldari_aeldari_library_warlock,Warlock,Aeldari,2.0,3,6,7,4,6.0,1,6,4,1.0,5,-1,1.0,12,2,0.667,3,0,3.0,False,False,False,0,False,False,True,False,False,0,0,False,False,False,False,False,False,False,False,0,False,False,False,False,0,83.2,,CHARACTER|INFANTRY|PSYKER|ASURYANI
aeldari_aeldari_library_warlock_conclave,Warlock Conclave,Aeldari,2.0,3,6,7,7,6.0,1,6,2,0.806,5,-1,1.33,12,2,0.667,3,0,2.5,True,False,True,0,False,False,True,False,False,0,0,False,False,False,False,False,False,False,False,0,False,False,False,False,0,53.8,,PSYKER|INFANTRY|ASURYANI
aeldari_aeldari_library_warlock_skyrunners,Warlock Skyrunners,Aeldari,3.0,4,6,7,7,6.0,2,6,2,0.759,5,-1,1.33,12,2,0.667,3,0,2.67,True,False,True,0,True,False,True,False,False,0,0,False,False,False,False,False,False,False,False,0,False,False,False,True,0,53.9,,PSYKER|ASURYANI|MOUNTED|FLY
aeldari_aeldari_library_warp_hunter_legends,Warp Hunter [Legends],Aeldari,12.0,9,3,7,7,6.0,3,6,2,1.0,12,-4,3.0,12,3,0.5,6,0,1.0,False,False,False,0,False,False,True,False,False,0,0,True,False,False,False,False,False,False,False,0,False,False,False,True,2,607.5,,VEHICLE|FLY|ASURYANI
aeldari_aeldari_library_warp_spiders,Warp Spiders,Aeldari,1.0,3,3,7,7,6.0,1,6,4,1.0,4,-1,1.0,12,2,0.667,3,0,1.0,False,False,False,0,False,True,True,False,False,0,0,False,False,False,False,False,False,False,True,0,False,False,False,True,0,64.7,,INFANTRY|FLY|ASURYANI
aeldari_aeldari_library_wasp_assault_walker_legends,Wasp Assault Walker [Legends],Aeldari,6.0,7,3,7,7,6.0,2,6,1,0.667,12,-3,5.5,36,3,0.667,5,0,1.0,False,False,False,0,False,False,False,False,False,0,0,False,False,False,False,False,False,False,True,0,False,False,False,True,0,239.5,,VEHICLE|FLY|WALKER|ASURYANI
aeldari_aeldari_library_wave_serpent,Wave Serpent,Aeldari,13.0,9,3,7,7,6.0,2,7,1,0.667,12,-3,5.5,36,3,0.5,6,0,1.0,False,False,False,0,True,False,False,False,False,0,0,False,False,False,False,False,False,False,False,0,False,False,False,True,2,464.5,,FLY|VEHICLE|ASURYANI
aeldari_aeldari_library_windriders,Windriders,Aeldari,2.0,4,4,7,7,6.0,2,7,4,0.667,6,0,1.5,36,3,0.667,3,0,1.0,False,False,False,0,False,False,False,True,False,0,1,False,False,False,False,False,False,False,False,0,False,False,False,True,0,77.5,,MOUNTED|FLY|ASURYANI
aeldari_aeldari_library_wracks,Wracks,Aeldari,1.0,4,6,7,5,6.0,2,6,2,0.75,4,-1,1.75,36,2,0.667,3,0,1.0,False,True,True,0,False,False,True,False,False,0,0,True,True,False,False,False,False,False,False,0,False,False,False,False,0,38.9,INFANTRY:2,BATTLELINE|INFANTRY
aeldari_aeldari_library_wraithblades,Wraithblades,Aeldari,3.0,6,2,4,7,6.0,1,8,5,0.5,5,-2,2.0,1,5,0.5,5,-2,2.0,False,False,False,0,False,False,False,False,False,0,0,False,False,False,False,False,False,False,False,0,False,False,False,False,0,217.5,,INFANTRY|ASURYANI
aeldari_aeldari_library_wraithguard,Wraithguard,Aeldari,3.0,6,2,4,7,6.0,1,8,4,1.0,7,-3,1.0,12,3,0.5,5,0,1.0,False,False,False,0,False,False,True,False,False,0,0,False,False,False,False,False,False,False,False,0,False,False,False,False,0,198.8,,INFANTRY|ASURYANI
aeldari_aeldari_library_wraithknight,Wraithknight,Aeldari,18.0,12,2,7,7,6.0,10,6,8,0.667,10,-3,3.0,48,5,0.667,8,-1,2.0,False,False,False,0,False,False,False,False,False,0,0,False,False,True,False,False,False,False,False,0,False,False,False,False,3,1513.5,,MONSTER|TITANIC|TOWERING|WALKER|ASURYANI
aeldari_aeldari_library_wraithknight_with_ghostglaive,Wraithknight with Ghostglaive,Aeldari,18.0,12,2,7,7,6.0,10,6,2,0.667,20,-4,7.0,36,5,0.667,16,-3,6.0,False,False,False,0,False,False,False,False,False,0,0,True,False,False,False,False,False,False,False,0,False,False,False,False,3,1335.3,,MONSTER|TITANIC|TOWERING|WALKER|ASURYANI
aeldari_aeldari_library_wraithlord,Wraithlord,Aeldari,10.0,10,2,7,7,6.0,3,8,1,0.5,12,-3,5.5,36,4,0.5,10,-3,4.5,False,False,False,0,False,False,False,False,False,0,0,False,False,False,False,False,False,False,False,0,False,False,False,False,1,578.9,,MONSTER|WALKER|ASURYANI
aeldari_aeldari_library_wraithseer_legends,Wraithseer [Legends],Aeldari,10.0,11,2,7,4,6.0,3,6,1,0.5,12,-3,5.5,36,4,0.5,10,-2,3.0,False,False,False,0,False,False,False,False,False,0,0,False,True,False,False,False,False,False,False,0,False,False,False,False,1,578.9,,WALKER|MONSTER|ASURYANI|PSYKER
aeldari_aeldari_library_wyches,Wyches,Aeldari,1.0,3,6,7,7,6.0,2,6,1,0.667,3,0,1.1,12,3,0.667,3,-1,1.0,True,False,True,0,False,False,False,False,False,0,0,False,False,False,False,False,False,False,False,0,False,False,False,False,0,7.8,INFANTRY:3,BATTLELINE|INFANTRY
aeldari_aeldari_library_ynnari_archon,Ynnari Archon,Aeldari,4.0,3,4,7,7,6.0,1,6,1,0.833,8,-3,2.0,6,5,0.833,3,-2,2.0,False,False,True,0,False,False,False,False,False,0,0,False,False,False,False,False,False,False,False,0,False,False,False,False,0,93.1,,CHARACTER|INFANTRY
aeldari_aeldari_library_ynnari_incubi,Ynnari Incubi,Aeldari,2.0,3,3,7,7,6.0,1,6,3,0.667,4,-2,2.0,1,3,0.667,4,-2,2.0,False,False,False,0,False,False,False,False,False,0,0,False,False,False,False,False,False,False,False,0,False,False,False,False,0,101.3,,INFANTRY
aeldari_aeldari_library_ynnari_kabalite_warriors,Ynnari Kabalite Warriors,Aeldari,1.0,3,4,7,7,6.0,2,6,2,0.667,5,-1,2.0,24,2,0.667,3,0,1.0,True,True,True,0,False,False,True,False,False,0,1,False,False,False,False,False,False,False,False,0,False,False,False,False,0,62.3,INFANTRY:3,BATTLELINE|INFANTRY
aeldari_aeldari_library_ynnari_raider,Ynnari Raider,Aeldari,10.0,8,4,7,7,6.0,2,6,1,0.667,12,-3,5.5,36,3,0.5,6,0,1.0,False,False,False,0,False,False,False,False,False,0,0,False,False,False,False,False,False,False,True,0,False,False,False,True,2,322.0,,FLY|VEHICLE
aeldari_aeldari_library_ynnari_reavers,Ynnari Reavers,Aeldari,2.0,4,4,7,7,6.0,2,6,1,0.75,4,-1,1.79,24,3,0.667,4,0,1.0,True,False,True,0,False,False,False,False,False,3,0,False,False,False,False,False,False,False,True,0,False,False,False,True,0,38.4,INFANTRY:3,FLY|MOUNTED
aeldari_aeldari_library_ynnari_succubus,Ynnari Succubus,Aeldari,4.0,3,6,7,7,6.0,1,6,1,0.833,8,-3,2.0,6,6,0.833,3,-2,1.0,False,False,True,0,False,False,False,False,False,0,0,False,False,False,False,False,False,False,False,0,False,False,False,False,0,87.1,,CHARACTER|INFANTRY
aeldari_aeldari_library_ynnari_venom,Ynnari Venom,Aeldari,6.0,6,4,7,7,6.0,1,6,3,0.667,3,-1,2.0,36,3,0.5,5,0,1.0,False,False,False,0,False,False,False,False,False,0,1,False,False,False,False,False,False,True,True,0,False,False,False,True,1,90.0,INFANTRY:3,FLY|VEHICLE
aeldari_aeldari_library_ynnari_wyches,Ynnari Wyches,Aeldari,1.0,3,6,7,7,6.0,2,6,1,0.667,3,0,1.1,12,3,0.667,3,-1,1.0,True,False,True,0,False,False,False,False,False,0,0,False,False,False,False,False,False,False,False,0,False,False,False,False,0,7.8,INFANTRY:3,BATTLELINE|INFANTRY
aeldari_aeldari_library_yvraine,Yvraine,Aeldari,4.0,3,6,7,7,6.0,1,6,6,0.833,2,-2,1.0,12,5,0.833,4,-3,2.0,False,False,False,0,False,False,False,False,False,0,0,True,False,False,False,False,False,False,False,0,False,False,False,False,0,49.6,INFANTRY:2,INFANTRY|CHARACTER|PSYKER
agents_of_the_imperium_callidus_assassin,Callidus Assassin,Agents of the Imperium,4.0,4,6,7,7,6.0,1,6,4,1.0,5,-2,1.0,12,5,0.833,5,-4,2.0,False,False,False,0,False,False,True,False,False,0,0,False,True,False,False,False,False,False,True,0,True,False,True,False,0,117.0,INFANTRY:2,INFANTRY|CHARACTER
agents_of_the_imperium_corvus_blackstar,Corvus Blackstar,Agents of the Imperium,14.0,10,3,7,7,6.0,1,6,1,0.667,12,-3,4.5,48,3,0.5,6,0,1.0,False,False,False,0,True,False,False,False,False,0,0,False,False,False,False,False,False,True,False,0,False,False,False,True,3,455.7,,FLY|VEHICLE
agents_of_the_imperium_culexus_assassin,Culexus Assassin,Agents of the Imperium,4.0,4,6,7,2,6.0,1,6,3,0.833,5,-2,2.0,24,4,0.833,4,-2,2.0,True,False,False,0,False,False,False,False,False,0,0,False,True,False,False,False,False,True,True,0,False,False,True,False,0,161.9,PSYKER:2,INFANTRY|CHARACTER
agents_of_the_imperium_daemonhost_legends,Daemonhost [Legends],Agents of the Imperium,3.0,3,5,7,7,6.0,1,7,3,0.5,8,-2,2.0,18,4,0.667,6,-2,1.0,False,False,False,0,False,False,False,False,False,0,0,False,False,False,False,False,False,False,False,0,False,False,False,False,0,120.9,,INFANTRY|PSYKER|DAEMON
agents_of_the_imperium_damned_legionnaires_legends,Damned Legionnaires [Legends],Agents of the Imperium,2.0,4,3,7,7,6.0,1,6,1,0.648,5,-1,1.56,24,3,0.667,4,0,1.0,False,True,False,1,False,False,False,False,False,2,0,False,False,False,False,False,False,False,True,0,False,False,False,False,0,40.2,,INFANTRY
agents_of_the_imperium_deathwatch_kill_team,Deathwatch Kill Team,Agents of the Imperium,2.0,4,3,7,7,6.0,2,6,2,0.619,5,0,1.71,24,3,0.632,6,-1,1.42,True,True,False,0,False,False,False,False,False,0,1,False,True,True,False,False,False,False,False,0,False,False,False,False,0,46.8,,INFANTRY|BATTLELINE
agents_of_the_imperium_espern_locarno_legends,Espern Locarno [Legends],Agents of the Imperium,3.0,3,5,7,7,6.0,1,7,1,0.5,3,0,1.0,12,1,0.5,6,-1,2.0,False,False,True,0,False,False,False,False,False,0,0,False,False,False,False,False,False,False,False,0,False,False,False,False,0,12.2,,INFANTRY|CHARACTER|PSYKER
agents_of_the_imperium_eversor_assassin,Eversor Assassin,Agents of the Imperium,4.0,4,6,7,7,6.0,1,6,4,0.833,4,0,1.0,12,6,0.833,5,-2,2.0,False,False,True,0,False,False,False,False,False,0,3,False,True,False,False,False,False,False,False,9,False,False,True,False,2,49.5,INFANTRY:3,INFANTRY|CHARACTER
agents_of_the_imperium_exaction_squad,Exaction Squad,Agents of the Imperium,1.0,3,4,7,7,6.0,1,7,2,0.5,4,0,1.0,18,2,0.509,3,0,1.06,True,False,True,0,False,False,False,False,False,0,0,False,False,False,False,False,False,False,False,0,False,False,False,False,0,12.2,,INFANTRY
agents_of_the_imperium_grey_knights_terminator_squad,Grey Knights Terminator Squad,Agents of the Imperium,3.0,5,2,7,7,6.0,2,6,2,0.667,5,0,1.33,24,4,0.667,6,-2,2.0,False,False,False,2,False,False,False,False,False,0,0,False,False,False,False,False,False,False,True,0,False,False,False,False,0,98.6,,INFANTRY|PSYKER
agents_of_the_imperium_imperial_navy_breachers,Imperial Navy Breachers,Agents of the Imperium,1.0,3,4,7,7,6.0,2,8,2,0.5,4,-1,1.5,12,1,0.491,3,0,1.06,True,False,True,0,False,False,False,False,False,2,0,False,False,False,False,False,False,False,False,0,False,False,False,False,0,24.0,,INFANTRY|BATTLELINE
agents_of_the_imperium_imperial_rhino,Imperial Rhino,Agents of the Imperium,10.0,9,3,7,7,6.0,2,6,1,0.833,14,-3,3.5,48,3,0.5,6,0,1.0,False,False,False,0,False,False,False,False,False,0,0,False,False,False,False,False,True,False,False,0,False,False,False,False,2,361.7,,VEHICLE
agents_of_the_imperium_inquisitor,Inquisitor,Agents of the Imperium,4.0,3,4,7,4,6.0,1,6,7,1.0,3,-2,1.0,18,4,0.667,5,-2,2.0,False,False,False,0,False,False,True,False,False,0,0,True,False,False,False,False,False,False,False,0,False,False,False,False,0,120.0,,INFANTRY|CHARACTER|PSYKER
agents_of_the_imperium_inquisitor_coteaz,Inquisitor Coteaz,Agents of the Imperium,4.0,3,2,7,7,6.0,1,6,4,0.667,3,-1,2.0,18,3,0.667,9,-3,3.0,False,False,False,0,False,False,False,False,False,0,0,True,False,False,False,False,False,False,False,0,False,False,False,False,0,97.5,DAEMON:4|INFANTRY:5,INFANTRY|CHARACTER|PSYKER
agents_of_the_imperium_inquisitor_draxus,Inquisitor Draxus,Agents of the Imperium,4.0,3,3,7,7,6.0,1,6,6,0.667,6,0,2.0,18,3,0.667,6,-2,2.0,False,False,False,0,False,False,False,False,False,0,2,False,False,False,False,False,False,False,False,0,False,False,False,False,0,142.6,,INFANTRY|CHARACTER|PSYKER
agents_of_the_imperium_inquisitor_eisenhorn_legends,Inquisitor Eisenhorn [Legends],Agents of the Imperium,4.0,3,4,7,6,6.0,1,6,2,0.667,5,-2,3.0,18,5,0.667,6,-2,2.0,False,False,False,0,False,False,False,False,False,0,1,True,True,False,False,False,False,False,False,0,False,False,False,False,0,135.1,,INFANTRY|CHARACTER|PSYKER
agents_of_the_imperium_inquisitor_greyfax,Inquisitor Greyfax,Agents of the Imperium,4.0,3,3,7,7,6.0,1,6,1,0.667,8,-2,3.0,18,4,0.667,4,-2,2.0,False,False,False,0,False,False,False,False,False,0,0,True,True,False,False,False,False,False,False,0,False,False,False,False,0,97.5,CHARACTER:4,INFANTRY|CHARACTER|PSYKER
agents_of_the_imperium_inquisitor_in_terminator_armour_legends,Inquisitor in Terminator Armour [Legends],Agents of the Imperium,5.0,4,2,7,4,6.0,1,6,7,1.0,3,-1,1.0,18,4,0.667,5,-2,2.0,False,False,False,0,False,False,True,False,False,0,0,True,False,False,False,False,False,False,False,0,False,False,False,False,0,153.8,,INFANTRY|CHARACTER|PSYKER
agents_of_the_imperium_inquisitor_karamazov_legends,Inquisitor Karamazov [Legends],Agents of the Imperium,9.0,8,3,7,7,6.0,3,6,3,0.667,10,-4,3.5,18,6,0.667,6,-2,2.0,False,False,False,0,False,False,False,False,False,2,0,False,False,False,False,False,False,False,False,0,False,False,False,False,1,596.4,,VEHICLE|WALKER|CHARACTER
agents_of_the_imperium_inquisitorial_agents,Inquisitorial Agents,Agents of the Imperium,1.0,3,5,7,7,6.0,1,7,1,0.667,4,-1,1.1,12,3,0.667,4,0,1.2,False,False,True,0,False,False,False,False,False,0,0,False,False,False,False,True,False,False,False,0,False,False,False,False,0,15.2,,INFANTRY
agents_of_the_imperium_inquisitorial_chimera,Inquisitorial Chimera,Agents of the Imperium,11.0,9,3,7,7,6.0,2,7,1,0.833,14,-3,3.5,48,3,0.5,6,0,1.0,False,False,False,0,False,False,False,False,False,0,0,False,False,False,False,False,True,False,False,0,False,False,False,False,2,384.2,,VEHICLE
agents_of_the_imperium_janus_draik_legends,Janus Draik [Legends],Agents of the Imperium,4.0,3,4,7,7,6.0,1,6,1,0.667,4,-1,2.0,12,4,0.667,3,-2,1.0,False,False,True,0,False,False,False,False,False,0,0,False,False,False,False,False,False,False,False,0,True,False,False,False,0,37.5,INFANTRY:4,INFANTRY|CHARACTER
agents_of_the_imperium_jokaero_weaponsmith_legends,Jokaero Weaponsmith [Legends],Agents of the Imperium,2.0,3,5,7,4,6.0,1,7,4,1.0,4,0,1.0,12,2,0.333,4,0,1.0,False,False,False,0,False,False,True,False,False,0,0,False,False,False,False,False,False,False,False,0,False,False,False,False,0,45.0,,INFANTRY|CHARACTER
agents_of_the_imperium_kill_team_cassius_legends,Kill Team Cassius [Legends],Agents of the Imperium,4.0,4,3,7,4,6.0,2,5,4,0.667,5,-1,2.0,24,5,0.833,5,-3,2.0,False,False,False,0,False,False,False,False,False,0,0,False,False,False,False,False,False,False,True,0,False,False,False,False,0,135.1,,INFANTRY|CHARACTER
agents_of_the_imperium_ministorum_priest,Ministorum Priest,Agents of the Imperium,3.0,3,6,7,4,6.0,1,7,4,1.0,5,0,1.0,12,3,0.5,5,-1,2.0,False,False,False,0,False,True,True,False,False,0,0,False,False,False,False,False,False,False,False,0,False,False,False,False,0,59.2,,INFANTRY|CHARACTER
agents_of_the_imperium_navigator,Navigator,Agents of the Imperium,3.0,3,5,7,4,6.0,1,7,1,0.5,3,0,1.0,12,1,0.5,6,-1,2.0,False,False,True,0,False,False,False,False,False,0,0,False,False,False,False,False,False,False,False,0,False,False,False,False,0,12.2,,INFANTRY|CHARACTER|PSYKER
agents_of_the_imperium_neyam_shai_murad_legends,Neyam Shai Murad [Legends],Agents of the Imperium,4.0,3,4,7,7,6.0,1,6,2,0.667,4,-2,1.0,12,3,0.667,3,0,1.0,False,False,False,0,False,False,False,False,False,0,0,False,True,False,False,False,False,False,False,0,True,False,False,False,0,45.0,,INFANTRY|CHARACTER
agents_of_the_imperium_rogue_trader_entourage,Rogue Trader Entourage,Agents of the Imperium,4.0,3,4,7,7,6.0,1,6,2,0.583,4,-1,1.5,12,3,0.625,4,-1,1.0,False,False,True,0,False,False,False,False,False,0,2,True,True,False,False,False,False,False,False,0,False,False,False,False,0,40.8,INFANTRY:2,INFANTRY|CHARACTER
agents_of_the_imperium_sisters_of_battle_immolator,Sisters of Battle Immolator,Agents of the Imperium,11.0,10,3,7,7,6.0,2,7,2,0.667,9,-4,3.5,18,3,0.5,6,0,1.0,False,False,False,0,True,False,False,False,False,2,0,False,False,False,False,False,False,False,False,0,False,False,False,False,2,510.1,,VEHICLE
agents_of_the_imperium_sisters_of_battle_squad,Sisters of Battle Squad,Agents of the Imperium,1.0,3,3,7,7,6.0,2,7,1,0.657,5,-1,1.33,12,1,0.5,3,0,1.0,False,True,True,1,False,False,False,False,False,2,0,False,False,False,False,False,False,False,False,0,False,False,False,False,0,26.5,,INFANTRY
agents_of_the_imperium_spectrus_kill_team_legends,Spectrus Kill Team [Legends],Agents of the Imperium,2.0,4,3,7,6,6.0,1,6,2,0.653,5,0,1.29,12,3,0.667,4,0,1.0,True,True,True,0,False,True,False,False,False,0,0,False,True,False,False,False,False,False,False,6,True,False,False,False,0,34.0,,INFANTRY
agents_of_the_imperium_subductor_squad,Subductor Squad,Agents of the Imperium,1.0,3,3,7,7,6.0,1,7,1,0.5,4,0,1.0,12,2,0.5,4,-1,1.0,False,False,True,0,False,False,False,False,False,0,0,False,False,False,False,False,False,False,False,0,False,False,False,False,0,11.2,,INFANTRY
agents_of_the_imperium_ur_025_legends,UR-025 [Legends],Agents of the Imperium,4.0,5,3,7,7,6.0,1,7,4,0.667,5,-1,1.0,24,2,0.5,8,-2,2.0,True,False,False,0,False,False,False,False,False,0,0,False,False,False,False,False,False,False,False,0,False,False,True,False,0,105.0,,INFANTRY|CHARACTER
agents_of_the_imperium_veteran_bike_squad_legends,Veteran Bike Squad [Legends],Agents of the Imperium,3.0,5,3,7,7,6.0,2,6,1,0.648,4,0,1.0,12,3,0.667,4,0,1.0,False,False,True,1,True,False,False,False,False,0,0,True,False,False,False,False,False,False,False,0,False,False,False,False,0,44.2,INFANTRY:4,MOUNTED
agents_of_the_imperium_vigilant_squad,Vigilant Squad,Agents of the Imperium,1.0,3,4,7,7,6.0,2,7,2,0.5,4,0,1.0,18,2,0.5,3,0,1.0,True,False,True,0,False,False,False,False,False,0,0,False,False,False,False,False,False,False,False,0,False,False,False,False,0,12.2,,INFANTRY|BATTLELINE
agents_of_the_imperium_vindicare_assassin,Vindicare Assassin,Agents of the Imperium,4.0,4,6,7,7,6.0,1,6,3,0.833,6,-2,3.0,12,4,0.833,4,-1,1.0,False,False,True,0,False,True,False,False,False,0,0,True,True,False,False,False,False,True,False,0,True,False,True,False,0,236.9,,INFANTRY|CHARACTER
agents_of_the_imperium_voidsmen_at_arms,Voidsmen-at-Arms,Agents of the Imperium,1.0,3,4,7,7,6.0,2,7,2,0.483,3,0,1.1,12,1,0.5,3,0,1.0,True,True,True,1,False,False,False,False,False,0,1,False,False,False,False,False,False,False,False,0,False,False,False,False,0,10.1,,INFANTRY
agents_of_the_imperium_watch_captain_artemis,Watch Captain Artemis,Agents of the Imperium,4.0,4,3,7,6,6.0,1,6,4,1.0,4,-1,1.0,12,6,0.833,5,-2,2.0,False,False,False,0,False,True,True,False,False,0,0,True,False,False,False,False,False,False,False,0,False,False,False,False,0,89.1,INFANTRY:4,CHARACTER|INFANTRY
agents_of_the_imperium_watch_master,Watch Master,Agents of the Imperium,5.0,4,2,7,7,6.0,1,6,2,0.833,4,-1,2.0,24,6,0.833,6,-2,2.0,False,False,False,0,False,False,False,False,True,0,0,False,False,False,False,False,False,False,False,0,False,False,False,False,0,131.2,,CHARACTER|INFANTRY
astra_militarum_library_aquila_lander_legends,Aquila Lander [Legends],Astra Militarum,12.0,9,3,7,4,6.0,1,7,3,0.5,5,-1,2.0,36,3,0.5,6,0,1.0,False,False,False,0,False,False,False,False,False,0,1,False,False,False,False,False,False,False,False,0,False,False,False,True,2,337.5,,VEHICLE|FLY
astra_militarum_library_arkurian_stormhammer_legends,Arkurian Stormhammer [Legends],Astra Militarum,24.0,13,2,7,4,6.0,8,7,10,0.5,12,-2,3.0,72,6,0.5,8,0,1.0,False,False,False,0,False,False,False,False,False,0,0,False,False,True,False,False,False,False,False,0,False,False,False,False,1,1670.6,,VEHICLE|TITANIC
astra_militarum_library_armageddon_pattern_medusa_legends,Armageddon-pattern Medusa [Legends],Astra Militarum,11.0,9,3,7,4,6.0,3,7,4,0.5,12,-2,4.0,36,3,0.5,6,0,1.0,False,False,False,0,False,False,False,False,False,0,0,False,False,True,True,False,False,False,False,0,False,False,False,False,2,510.0,,VEHICLE
astra_militarum_library_armoured_sentinels,Armoured Sentinels,Astra Militarum,7.0,8,2,7,4,6.0,2,7,1,0.5,12,-3,4.5,48,2,0.5,6,0,1.0,False,False,False,0,False,False,False,False,False,0,0,False,False,False,False,False,False,False,False,0,False,False,False,False,1,420.5,,VEHICLE|WALKER
astra_militarum_library_artillery_team,Artillery Team,Astra Militarum,10.0,7,3,7,4,6.0,3,7,4,0.333,12,-2,3.0,48,3,0.5,3,0,1.0,False,True,False,0,False,False,False,False,False,0,0,False,False,True,True,False,False,False,False,0,False,False,False,False,0,243.6,,INFANTRY
astra_militarum_library_arvus_lighter_legends,Arvus Lighter [Legends],Astra Militarum,8.0,8,3,7,4,6.0,1,7,2,0.5,5,0,1.0,1,2,0.5,5,0,1.0,False,False,False,0,False,False,False,False,False,0,0,False,False,False,False,False,False,False,False,0,False,False,False,True,1,195.0,,VEHICLE|FLY
astra_militarum_library_atlas_recovery_vehicle_legends,Atlas Recovery Vehicle [Legends],Astra Militarum,10.0,9,3,7,4,6.0,3,7,3,0.5,5,-1,2.0,36,3,0.5,6,0,1.0,False,False,False,0,False,False,False,False,False,0,1,False,False,False,False,False,False,False,False,0,False,False,False,False,2,292.5,,VEHICLE
astra_militarum_library_attilan_rough_riders,Attilan Rough Riders,Astra Militarum,2.0,4,4,7,4,6.0,1,7,1,0.5,3,0,1.0,12,3,0.583,4,0,1.11,False,False,True,1,False,False,False,False,True,0,0,False,False,False,False,False,False,False,False,0,False,False,False,False,0,13.8,,MOUNTED
astra_militarum_library_avenger_strike_fighter,Avenger Strike Fighter,Astra Militarum,14.0,9,3,7,4,6.0,1,7,10,0.5,6,-1,2.0,36,6,0.5,8,0,1.0,False,False,False,0,False,False,False,False,False,0,1,False,False,False,False,False,False,False,False,0,False,False,False,True,3,540.0,,VEHICLE|FLY
astra_militarum_library_baneblade,Baneblade,Astra Militarum,24.0,13,2,7,4,6.0,8,7,10,0.5,12,-2,3.0,72,6,0.5,8,0,1.0,False,False,False,0,False,False,False,False,False,0,0,False,False,True,False,False,False,False,False,0,False,False,False,False,1,1670.6,,VEHICLE|TITANIC
astra_militarum_library_banehammer,Banehammer,Astra Militarum,24.0,13,2,7,4,6.0,8,7,10,0.5,12,-2,3.0,36,6,0.5,8,0,1.0,False,False,False,0,False,False,False,False,False,0,0,False,False,True,False,False,False,False,False,0,False,False,False,False,1,1642.5,,VEHICLE|TITANIC
astra_militarum_library_banesword,Banesword,Astra Militarum,24.0,13,2,7,4,6.0,8,7,10,0.5,16,-4,4.0,72,6,0.5,8,0,1.0,False,False,False,0,False,True,False,False,False,0,0,False,False,True,False,False,False,False,False,0,False,False,False,False,1,2148.8,,TITANIC|VEHICLE
astra_militarum_library_basilisk,Basilisk,Astra Militarum,11.0,9,3,7,4,6.0,3,7,6,0.5,8,-2,2.0,240,3,0.5,6,0,1.0,False,False,False,0,False,False,False,False,False,0,0,False,False,True,True,False,False,False,False,0,False,False,False,False,2,491.2,,VEHICLE
astra_militarum_library_bullgryn_squad,Bullgryn Squad,Astra Militarum,3.0,6,3,7,6,6.0,1,7,4,0.5,4,0,1.0,18,4,0.667,6,0,1.5,False,False,False,0,False,False,False,False,False,0,0,False,False,True,False,False,False,False,False,0,False,False,False,False,0,53.4,,INFANTRY
astra_militarum_library_cadian_castellan,Cadian Castellan,Astra Militarum,4.0,3,5,5,4,6.0,1,7,1,0.667,8,-3,2.0,12,3,0.667,6,-2,2.0,False,False,True,0,False,False,False,False,False,0,0,False,False,False,False,True,False,False,False,0,False,False,False,False,0,73.8,,INFANTRY|CHARACTER
astra_militarum_library_cadian_command_squad,Cadian Command Squad,Astra Militarum,3.0,3,5,7,4,6.0,1,7,1,0.5,7,-2,1.0,12,3,0.5,6,-2,2.0,False,False,True,0,False,False,False,False,False,0,0,False,False,False,False,False,False,False,False,0,False,False,False,False,0,23.4,,INFANTRY|CHARACTER
astra_militarum_library_cadian_heavy_weapons_squad,Cadian Heavy Weapons Squad,Astra Militarum,2.0,3,5,7,4,6.0,2,7,2,0.417,5,0,1.69,48,2,0.5,3,0,1.0,False,True,True,0,False,False,False,False,False,0,0,False,False,True,True,False,False,False,False,0,False,False,False,False,0,29.4,,INFANTRY
astra_militarum_library_carnodon_legends,Carnodon [Legends],Astra Militarum,12.0,10,2,7,4,6.0,3,7,1,0.5,14,-3,4.5,48,6,0.5,7,0,1.0,False,False,False,0,True,False,False,False,False,0,0,False,False,False,False,False,False,False,False,0,False,False,False,False,2,645.5,,VEHICLE
astra_militarum_library_catachan_command_squad,Catachan Command Squad,Astra Militarum,1.0,3,5,7,4,6.0,1,7,1,0.5,6,-2,2.25,12,2,0.5,3,0,1.0,False,False,True,0,False,False,False,False,False,2,0,False,False,False,False,False,False,False,False,6,False,False,False,False,0,36.6,,INFANTRY|CHARACTER
astra_militarum_library_catachan_heavy_weapons_squad,Catachan Heavy Weapons Squad,Astra Militarum,2.0,3,5,7,4,6.0,2,7,2,0.417,5,0,1.69,48,2,0.5,3,0,1.0,False,True,False,1,False,False,False,False,False,0,0,False,False,True,True,False,False,False,False,6,False,False,False,False,0,24.1,,INFANTRY
astra_militarum_library_centaur_light_carrier_legends,Centaur Light Carrier [Legends],Astra Militarum,7.0,7,3,7,4,6.0,1,7,1,0.5,14,-3,3.5,48,3,0.5,6,0,1.0,False,False,False,0,False,False,False,False,False,0,0,False,False,False,False,False,True,False,False,0,False,False,False,False,1,160.8,,VEHICLE
astra_militarum_library_chimera,Chimera,Astra Militarum,11.0,9,3,7,4,6.0,2,7,1,0.5,14,-3,3.5,48,3,0.5,6,0,1.0,False,False,False,0,False,False,False,False,False,0,0,False,False,False,False,False,True,False,False,0,False,False,False,False,2,329.5,,VEHICLE
astra_militarum_library_colossus_legends,Colossus [Legends],Astra Militarum,11.0,10,2,7,4,6.0,3,7,4,0.5,6,-1,5.5,120,6,0.5,7,0,1.0,False,False,False,0,False,False,False,False,False,0,0,True,False,True,False,False,False,False,False,0,False,False,False,False,3,711.6,,VEHICLE
astra_militarum_library_commissar,Commissar,Astra Militarum,3.0,3,5,5,4,6.0,1,6,1,0.667,8,-3,2.0,12,4,0.667,4,-2,1.0,False,False,True,0,False,False,False,False,False,0,0,False,False,False,False,True,False,False,False,0,False,False,False,False,0,71.0,,INFANTRY|CHARACTER
astra_militarum_library_crassus_legends,Crassus [Legends],Astra Militarum,18.0,11,2,7,4,6.0,5,7,3,0.5,5,-1,2.0,36,6,0.5,7,0,1.0,False,False,False,0,False,False,False,False,False,0,1,False,False,False,False,False,False,False,False,0,False,False,False,False,3,877.5,,VEHICLE
astra_militarum_library_death_korps_grenadier_squad_legends,Death Korps Grenadier Squad [Legends],Astra Militarum,1.0,3,4,7,4,6.0,1,7,1,0.704,3,-1,1.0,24,2,0.5,3,0,1.0,False,False,False,1,False,True,True,False,False,0,0,False,False,False,False,False,False,False,False,0,False,False,False,False,0,13.9,,INFANTRY
astra_militarum_library_death_rider_commissar_legends,Death Rider Commissar [Legends],Astra Militarum,4.0,4,4,5,4,6.0,1,6,1,0.667,3,-1,1.0,12,3,0.667,4,-2,1.0,False,False,True,0,False,False,False,False,False,0,0,False,False,False,False,False,False,False,False,0,False,False,False,False,0,27.5,,MOUNTED|CHARACTER
astra_militarum_library_death_riders,Death Riders,Astra Militarum,2.0,4,4,7,4,6.0,1,7,2,0.5,3,0,1.0,18,3,0.611,4,-1,1.0,True,False,False,0,False,False,False,False,True,0,0,False,False,False,False,False,False,False,False,0,False,False,False,False,0,17.5,,MOUNTED
astra_militarum_library_deathstrike,Deathstrike,Astra Militarum,11.0,10,3,7,4,6.0,3,7,7,0.833,16,-4,1.0,24,3,0.5,6,0,1.0,False,False,False,0,False,False,False,False,False,0,0,False,False,True,False,False,True,False,False,0,False,False,False,False,3,575.5,,VEHICLE
astra_militarum_library_dominus_armoured_siege_bombard_legends,Dominus Armoured Siege Bombard [Legends],Astra Militarum,20.0,13,2,7,4,6.0,8,7,7,0.5,12,-2,3.0,48,3,0.5,6,0,1.0,False,False,False,0,False,False,False,False,False,0,0,False,False,True,True,False,False,False,False,0,False,False,False,False,1,1293.8,,VEHICLE|TITANIC
astra_militarum_library_doomhammer,Doomhammer,Astra Militarum,24.0,13,2,7,4,6.0,8,7,6,0.5,12,-4,3.5,24,6,0.5,8,0,1.0,False,False,False,0,False,False,False,False,False,6,0,False,False,True,False,False,False,False,False,0,False,False,False,False,1,1719.8,,VEHICLE|TITANIC
astra_militarum_library_earthshaker_carriage_battery_legends,Earthshaker Carriage Battery [Legends],Astra Militarum,6.0,7,4,7,4,6.0,2,7,6,0.333,8,-2,2.0,240,5,0.5,3,0,1.0,False,True,False,0,False,False,False,False,False,0,0,False,False,True,True,False,False,False,False,0,False,False,False,False,0,207.3,,INFANTRY
astra_militarum_library_earthshaker_platform_legends,Earthshaker Platform [Legends],Astra Militarum,8.0,8,3,7,7,6.0,2,7,6,0.5,8,-2,2.0,240,3,0.5,3,0,1.0,False,False,False,0,False,False,False,False,False,0,0,False,False,True,True,False,False,False,False,0,False,False,False,False,1,423.8,,
astra_militarum_library_elysian_drop_sentinel_legends,Elysian Drop Sentinel [Legends],Astra Militarum,6.0,6,3,7,4,6.0,2,7,2,0.5,9,-4,3.5,18,2,0.5,6,0,1.0,False,False,False,0,False,False,False,False,False,2,0,False,False,False,False,False,False,False,True,0,False,False,False,False,1,264.4,,VEHICLE|WALKER
astra_militarum_library_elysian_sniper_squad_legends,Elysian Sniper Squad [Legends],Astra Militarum,2.0,3,5,7,4,6.0,2,7,1,0.583,4,-1,1.5,24,2,0.5,3,0,1.0,False,True,False,1,False,False,False,False,False,0,0,False,True,False,False,False,False,False,True,0,False,False,False,False,0,20.4,,INFANTRY
astra_militarum_library_field_ordnance_battery,Field Ordnance Battery,Astra Militarum,6.0,5,4,7,4,6.0,2,7,2,0.444,6,-1,1.75,24,3,0.5,3,0,1.0,False,True,True,1,False,False,False,False,False,0,0,False,False,True,True,False,False,False,False,0,False,False,False,False,0,72.7,,INFANTRY
astra_militarum_library_gaunt_s_ghosts,Gaunt’s Ghosts,Astra Militarum,3.0,3,4,7,7,6.0,1,6,1,0.833,5,-2,4.0,36,5,0.833,3,-1,1.0,False,True,False,0,False,False,False,False,False,0,0,False,True,False,False,False,False,True,False,0,True,False,True,False,0,111.2,,INFANTRY|CHARACTER
astra_militarum_library_gorgon_heavy_transport_legends,Gorgon Heavy Transport [Legends],Astra Militarum,20.0,13,2,7,4,6.0,8,7,1,0.5,14,-3,3.5,48,6,0.5,8,0,1.0,False,False,False,0,False,False,False,False,False,0,0,False,False,False,False,False,True,False,False,0,False,False,False,False,1,982.0,,VEHICLE|TITANIC
astra_militarum_library_griffon_mortar_carrier_legends,Griffon Mortar Carrier [Legends],Astra Militarum,11.0,9,3,7,4,6.0,3,7,3,0.5,5,-1,2.0,36,3,0.5,6,0,1.0,False,False,False,0,False,False,False,False,False,0,1,False,False,False,False,False,False,False,False,0,False,False,False,False,2,315.0,,VEHICLE
astra_militarum_library_hades_breaching_drill_legends,Hades Breaching Drill [Legends],Astra Militarum,8.0,9,3,7,4,6.0,2,7,6,0.5,9,-4,5.5,1,6,0.5,9,-4,5.5,False,False,False,0,False,False,False,False,False,0,0,False,False,False,False,False,False,False,True,0,False,False,False,False,0,1108.1,,VEHICLE
astra_militarum_library_heavy_mortar_team_legends,Heavy Mortar Team [Legends],Astra Militarum,4.0,5,3,7,4,6.0,2,7,4,0.333,6,-1,2.0,48,3,0.5,3,0,1.0,False,True,False,0,False,False,False,False,False,0,0,False,False,True,True,False,False,False,False,0,False,False,False,False,0,97.4,,INFANTRY
astra_militarum_library_heavy_quad_launcher_team_legends,Heavy Quad Launcher Team [Legends],Astra Militarum,4.0,5,3,7,4,6.0,2,7,7,0.5,5,0,1.0,48,3,0.5,3,0,1.0,False,False,False,0,False,False,False,False,False,0,0,False,False,True,True,False,False,False,False,0,False,False,False,False,0,97.5,,INFANTRY
astra_militarum_library_hell_s_last_legends,Hell's Last [Legends],Astra Militarum,3.0,3,5,7,4,6.0,1,7,1,0.667,4,0,1.0,12,4,0.667,4,-2,1.0,False,False,True,0,False,False,False,False,False,0,0,False,False,False,False,False,False,False,False,0,False,False,False,False,0,15.9,,INFANTRY|CHARACTER
astra_militarum_library_hellhammer,Hellhammer,Astra Militarum,24.0,13,2,7,4,6.0,8,7,6,0.5,14,-3,3.5,24,6,0.5,8,0,1.0,False,False,False,0,False,False,False,False,False,0,0,False,False,True,False,False,False,False,False,0,False,False,False,False,1,1613.2,,VEHICLE|TITANIC
astra_militarum_library_hellhound,Hellhound,Astra Militarum,11.0,10,2,7,4,6.0,3,7,4,1.0,2,-2,2.0,12,3,0.5,6,0,1.0,False,False,False,0,False,False,True,False,False,0,0,False,False,False,False,False,False,False,False,0,False,False,False,False,3,562.5,INFANTRY:2,VEHICLE
astra_militarum_library_hydra,Hydra,Astra Militarum,11.0,9,3,7,4,6.0,3,7,4,0.5,9,-1,3.0,72,3,0.5,6,0,1.0,False,False,False,0,True,False,False,False,False,0,0,False,False,False,False,False,False,False,False,0,False,False,False,False,2,416.3,FLY:2,VEHICLE
astra_militarum_library_hydra_platform_legends,Hydra Platform [Legends],Astra Militarum,8.0,8,3,7,7,6.0,2,7,4,0.5,9,-1,3.0,72,3,0.5,3,0,1.0,False,False,False,0,True,False,False,False,False,0,0,False,False,False,False,False,False,False,False,0,False,False,False,False,1,348.8,FLY:2,
astra_militarum_library_iron_hand_straken_legends,‘Iron Hand’ Straken [Legends],Astra Militarum,4.0,3,3,4,7,6.0,1,7,3,0.667,4,0,2.0,12,6,0.833,6,-2,2.0,True,False,False,0,False,False,False,False,False,0,0,False,False,False,False,False,False,False,False,6,False,False,False,False,0,67.5,,INFANTRY|CHARACTER
astra_militarum_library_kasrkin,Kasrkin,Astra Militarum,1.0,3,4,7,4,6.0,1,7,1,0.667,3,-1,1.22,24,2,0.5,3,0,1.0,False,True,True,1,False,False,False,False,False,0,0,False,True,False,False,False,False,False,False,6,False,False,False,False,0,12.9,,INFANTRY
astra_militarum_library_krieg_combat_engineers,Krieg Combat Engineers,Astra Militarum,1.0,3,4,7,4,6.0,1,7,2,0.545,4,0,1.0,12,2,0.5,3,0,1.0,True,False,True,0,False,True,True,False,False,0,0,False,False,False,False,False,False,False,False,6,False,False,False,False,0,16.3,,INFANTRY
astra_militarum_library_krieg_command_squad,Krieg Command Squad,Astra Militarum,3.0,3,5,7,4,6.0,1,6,1,0.5,8,-3,2.0,12,3,0.5,6,-2,2.0,False,False,True,0,False,False,False,False,False,0,0,False,False,False,False,True,False,False,False,0,False,False,False,False,0,55.3,,INFANTRY|CHARACTER
astra_militarum_library_krieg_heavy_weapons_squad,Krieg Heavy Weapons Squad,Astra Militarum,2.0,3,4,7,4,6.0,1,7,2,0.417,6,-1,1.88,12,1,0.5,3,0,1.0,False,True,True,3,True,False,False,False,False,0,0,False,False,False,False,False,False,False,False,0,False,False,False,False,0,33.9,,INFANTRY
astra_militarum_library_leman_russ_battle_tank,Leman Russ Battle Tank,Astra Militarum,13.0,11,2,7,4,6.0,3,7,6,0.5,10,-1,3.0,48,6,0.5,7,0,1.0,False,False,False,0,False,False,False,False,False,0,0,False,False,True,False,False,False,False,False,0,False,False,False,False,2,859.2,,VEHICLE
astra_militarum_library_leman_russ_commander,Leman Russ Commander,Astra Militarum,13.0,11,2,7,4,6.0,3,7,1,0.5,14,-3,3.5,48,6,0.5,7,0,1.0,False,False,False,0,False,False,False,False,False,0,0,False,False,False,False,False,True,False,False,0,False,False,False,False,2,667.0,,VEHICLE|CHARACTER
astra_militarum_library_leman_russ_demolisher,Leman Russ Demolisher,Astra Militarum,13.0,11,2,7,4,6.0,3,7,4,0.5,14,-3,3.5,24,6,0.5,7,0,1.0,False,False,False,0,False,False,False,False,False,0,0,False,False,True,False,False,False,False,False,0,False,False,False,False,2,954.1,,VEHICLE
astra_militarum_library_leman_russ_eradicator,Leman Russ Eradicator,Astra Militarum,13.0,11,2,7,4,6.0,3,7,8,0.5,7,-1,2.0,36,6,0.5,7,0,1.0,False,False,False,0,False,True,False,False,False,0,0,False,False,True,False,False,False,False,False,0,False,False,False,False,2,765.0,,VEHICLE
astra_militarum_library_leman_russ_executioner,Leman Russ Executioner,Astra Militarum,13.0,11,2,7,4,6.0,3,7,6,0.5,8,-3,3.0,36,6,0.5,7,0,1.0,False,False,False,0,False,False,False,False,False,0,0,False,False,True,False,True,False,False,False,0,False,False,False,False,2,1042.0,,VEHICLE
astra_militarum_library_leman_russ_exterminator,Leman Russ Exterminator,Astra Militarum,13.0,11,2,7,4,6.0,3,7,4,0.5,9,-1,3.0,48,6,0.5,7,0,1.0,False,False,False,4,True,False,False,False,False,0,0,False,False,False,False,False,False,False,False,0,False,False,False,False,2,753.8,,VEHICLE
astra_militarum_library_leman_russ_punisher,Leman Russ Punisher,Astra Militarum,13.0,11,2,7,4,6.0,3,7,20,0.5,6,0,1.0,24,6,0.5,7,0,1.0,False,False,False,0,False,False,False,False,False,0,0,False,False,False,False,False,False,False,False,0,False,False,False,False,2,735.0,,VEHICLE
astra_militarum_library_leman_russ_vanquisher,Leman Russ Vanquisher,Astra Militarum,13.0,11,2,7,4,6.0,3,7,1,0.5,18,-4,9.5,72,6,0.5,7,0,1.0,False,True,False,0,False,False,False,False,False,0,0,False,False,False,False,False,False,False,False,0,False,False,False,False,2,852.2,,VEHICLE
astra_militarum_library_lord_marshal_dreir,Lord Marshal Dreir,Astra Militarum,6.0,4,4,4,6,6.0,2,7,1,0.667,3,0,1.0,12,6,0.833,6,-2,1.0,False,False,True,0,False,False,False,False,False,0,0,False,False,False,False,False,False,False,False,0,False,False,False,False,0,35.0,,MOUNTED|CHARACTER
astra_militarum_library_lord_solar_leontus,Lord Solar Leontus,Astra Militarum,8.0,4,3,4,7,6.0,2,6,2,0.833,8,-2,2.0,12,6,0.833,6,-2,2.0,False,False,True,0,False,False,False,False,False,0,0,False,False,False,False,False,False,False,False,0,False,False,False,False,0,184.9,,MOUNTED|CHARACTER
astra_militarum_library_macharius_legends,Macharius [Legends],Astra Militarum,20.0,13,2,7,4,6.0,8,7,6,0.5,10,-1,3.0,48,6,0.5,8,0,1.0,False,False,False,0,True,False,False,False,False,0,0,False,False,True,False,False,False,False,False,0,False,False,False,False,1,1174.2,,VEHICLE|TITANIC
astra_militarum_library_macharius_omega_legends,Macharius Omega [Legends],Astra Militarum,20.0,13,2,7,4,6.0,8,7,7,0.5,9,-3,3.0,60,3,0.5,6,0,1.0,False,False,False,0,False,False,False,False,False,0,0,False,False,True,False,True,False,False,False,0,False,False,False,False,1,1392.2,,VEHICLE|TITANIC
astra_militarum_library_macharius_vanquisher_legends,Macharius Vanquisher [Legends],Astra Militarum,20.0,13,2,7,4,6.0,8,7,1,0.5,18,-4,9.5,72,6,0.5,8,0,1.0,False,True,False,0,True,False,False,False,False,0,0,False,False,False,False,False,False,False,False,0,False,False,False,False,1,1167.2,,VEHICLE|TITANIC
astra_militarum_library_macharius_vulcan_legends,Macharius Vulcan [Legends],Astra Militarum,20.0,13,2,7,4,6.0,8,7,16,0.5,6,-1,2.0,48,6,0.5,8,0,1.0,False,False,False,0,False,False,False,False,False,0,1,False,False,False,False,False,False,False,False,0,False,False,False,False,1,1260.0,,VEHICLE|TITANIC
astra_militarum_library_malcador_annihilator_legends,Malcador Annihilator [Legends],Astra Militarum,18.0,11,2,7,4,6.0,5,7,6,0.5,14,-3,3.5,24,6,0.5,7,0,1.0,False,False,False,0,False,False,False,False,False,0,0,False,False,True,False,False,False,False,False,0,False,False,False,False,3,1343.2,,VEHICLE
astra_militarum_library_malcador_defender_legends,Malcador Defender [Legends],Astra Militarum,18.0,11,2,7,4,6.0,5,7,6,0.5,14,-3,3.5,24,6,0.5,7,0,1.0,False,False,False,0,False,False,False,False,False,0,0,False,False,True,False,False,False,False,False,0,False,False,False,False,3,1343.2,,VEHICLE
astra_militarum_library_malcador_infernus_legends,Malcador Infernus [Legends],Astra Militarum,18.0,11,2,7,4,6.0,5,7,6,1.0,5,-2,2.0,18,6,0.5,7,0,1.0,False,False,False,0,False,True,True,False,False,0,0,False,False,False,False,False,False,False,False,0,False,False,False,False,3,1200.0,,VEHICLE
astra_militarum_library_malcador_legends,Malcador [Legends],Astra Militarum,18.0,11,2,7,4,6.0,5,7,6,0.5,9,-1,3.0,48,6,0.5,7,0,1.0,False,False,False,0,False,False,False,False,False,0,0,False,False,True,False,False,False,False,False,0,False,False,False,False,3,1084.2,,VEHICLE
astra_militarum_library_manticore,Manticore,Astra Militarum,11.0,10,3,7,4,6.0,3,7,4,0.5,7,-2,3.0,120,3,0.5,6,0,1.0,False,False,False,0,False,False,False,False,False,0,0,False,False,True,True,False,False,False,False,0,False,False,False,False,2,405.0,INFANTRY:2,VEHICLE
astra_militarum_library_manticore_platform_legends,Manticore Platform [Legends],Astra Militarum,8.0,8,3,7,7,6.0,2,7,4,0.5,10,-2,3.0,120,3,0.5,3,0,1.0,False,False,False,0,False,False,False,False,False,0,0,False,False,True,True,False,False,False,False,0,False,False,False,False,1,433.1,,
astra_militarum_library_marauder_bomber_legends,Marauder Bomber [Legends],Astra Militarum,20.0,10,2,7,4,6.0,1,7,1,0.5,12,-3,4.5,48,6,0.5,8,0,1.0,False,False,False,0,False,False,False,False,False,0,0,False,False,False,False,False,False,False,False,0,False,False,False,True,1,1005.5,,VEHICLE|TITANIC|FLY
astra_militarum_library_marauder_destroyer_legends,Marauder Destroyer [Legends],Astra Militarum,20.0,10,2,7,4,6.0,1,7,4,0.5,10,-2,3.0,48,6,0.5,8,0,1.0,False,False,False,0,True,False,False,False,False,0,0,False,False,False,False,False,False,False,False,0,False,False,False,True,1,1125.0,,VEHICLE|TITANIC|FLY
astra_militarum_library_medusa_carriage_battery_legends,Medusa Carriage Battery [Legends],Astra Militarum,6.0,7,4,7,4,6.0,2,7,4,0.333,10,-3,3.0,36,5,0.5,3,0,1.0,False,True,False,0,False,False,False,False,False,0,0,False,False,True,True,False,False,False,False,0,False,False,False,False,0,208.9,,VEHICLE|INFANTRY
astra_militarum_library_militarum_tempestus_command_squad,Militarum Tempestus Command Squad,Astra Militarum,1.0,3,4,7,4,6.0,1,7,1,0.667,4,-2,1.62,12,2,0.5,3,0,1.0,False,False,True,1,False,False,False,False,False,2,0,False,False,False,False,False,False,False,True,0,False,False,False,False,0,28.1,,INFANTRY|CHARACTER
astra_militarum_library_ministorum_priest,Ministorum Priest,Astra Militarum,3.0,3,6,4,4,6.0,1,7,4,1.0,5,0,1.0,12,3,0.5,5,-1,2.0,False,False,False,0,False,True,True,False,False,0,0,False,False,False,False,False,False,False,False,0,False,False,False,False,0,59.2,,INFANTRY|CHARACTER
astra_militarum_library_minotaur_legends,Minotaur [Legends],Astra Militarum,18.0,11,2,7,4,6.0,5,7,6,0.5,8,-2,2.0,240,3,0.5,6,0,1.0,False,False,False,0,True,False,False,False,False,0,0,False,False,True,True,False,False,False,False,0,False,False,False,False,3,1053.8,,VEHICLE
astra_militarum_library_mukaali_riders_legends,Mukaali Riders [Legends],Astra Militarum,5.0,6,4,7,4,6.0,2,7,1,0.5,8,-3,2.0,24,2,0.5,4,-1,1.0,False,False,False,1,False,False,False,False,False,0,0,False,False,False,False,True,False,False,False,6,False,False,False,False,0,84.4,,MOUNTED
astra_militarum_library_munitorum_servitors_legends,Munitorum Servitors [Legends],Astra Militarum,1.0,3,4,7,4,6.0,1,8,2,0.167,9,-4,3.5,18,1,0.333,6,-2,3.0,False,True,False,0,False,False,False,False,False,2,0,False,False,False,False,False,False,False,False,0,False,False,False,False,0,69.5,,INFANTRY
astra_militarum_library_nork_deddog,Nork Deddog,Astra Militarum,6.0,6,4,7,5,6.0,1,7,3,0.667,5,-1,2.0,18,6,0.833,8,-1,2.0,False,False,False,3,False,False,False,False,False,0,0,False,False,False,False,False,False,False,False,0,False,False,False,False,0,135.0,,INFANTRY|CHARACTER
astra_militarum_library_ogryn_bodyguard,Ogryn Bodyguard,Astra Militarum,6.0,6,5,7,6,6.0,1,7,3,0.5,5,-1,2.0,18,6,0.667,8,-1,2.0,False,False,False,3,False,False,False,False,False,0,0,False,False,False,False,False,False,False,False,0,False,False,False,False,0,101.2,,INFANTRY|CHARACTER
astra_militarum_library_ogryn_squad,Ogryn Squad,Astra Militarum,3.0,6,5,7,6,6.0,1,7,3,0.5,5,-1,2.0,18,4,0.667,6,-1,1.0,False,False,False,3,False,False,False,False,False,0,0,False,False,False,False,False,False,False,False,0,False,False,False,False,0,84.4,,INFANTRY
astra_militarum_library_praetor_legends,Praetor [Legends],Astra Militarum,18.0,11,2,7,4,6.0,5,7,4,0.5,4,-2,3.0,120,6,0.5,7,0,1.0,False,True,False,0,False,False,False,False,False,0,0,False,False,True,True,False,False,False,False,0,False,False,False,False,3,961.9,MONSTER:4|VEHICLE:4,VEHICLE
astra_militarum_library_primaris_psyker,Primaris Psyker,Astra Militarum,3.0,3,5,7,4,6.0,1,7,4,0.667,6,-2,2.0,18,3,0.5,6,-1,2.0,False,False,False,0,False,False,False,False,False,0,0,True,False,True,False,True,False,False,False,0,False,False,False,False,0,188.5,,CHARACTER|INFANTRY|PSYKER
astra_militarum_library_provisionally_prepared_legends,Provisionally Prepared [Legends],Astra Militarum,2.0,2,6,7,7,6.0,2,8,1,0.667,4,-2,2.0,36,2,0.333,2,0,1.0,False,True,False,0,False,False,False,False,False,0,0,False,True,False,False,False,False,True,False,0,True,False,False,False,0,33.6,,INFANTRY|CHARACTER
astra_militarum_library_quartermaster_cadre_squad_legends,Quartermaster Cadre Squad [Legends],Astra Militarum,3.0,3,4,7,4,6.0,1,7,1,0.667,3,-1,1.0,12,2,0.667,4,-2,1.0,False,False,True,0,False,False,False,False,False,0,0,False,False,False,False,False,False,False,False,0,False,False,False,False,0,18.8,,CHARACTER|INFANTRY
astra_militarum_library_rapier_laser_destroyer_battery_legends,Rapier Laser Destroyer Battery [Legends],Astra Militarum,3.0,4,4,7,4,6.0,1,7,2,0.333,12,-2,4.5,36,2,0.5,3,0,1.0,False,True,False,0,True,False,False,False,False,0,0,False,False,False,False,False,False,False,False,0,False,False,False,False,0,127.4,,INFANTRY
astra_militarum_library_ratlings,Ratlings,Astra Militarum,1.0,2,6,7,4,6.0,1,8,1,0.667,4,-2,2.15,36,1,0.333,2,0,1.0,False,True,False,0,False,False,False,False,False,0,0,False,True,False,False,False,False,True,False,0,True,False,False,False,0,34.1,,INFANTRY
astra_militarum_library_regimental_attach_s_legends,Regimental Attachés [Legends],Astra Militarum,1.0,3,5,7,4,6.0,1,7,1,0.5,3,0,1.0,12,1,0.5,4,0,1.33,False,False,True,0,False,False,False,False,False,0,0,False,False,False,False,False,False,False,False,0,False,False,False,False,0,6.6,,INFANTRY|PSYKER
astra_militarum_library_rein_and_raus_legends,Rein and Raus [Legends],Astra Militarum,1.0,2,6,7,7,6.0,1,8,6,0.5,12,-2,2.0,6,1,0.333,2,0,1.0,False,False,False,0,False,False,False,False,False,0,0,False,False,True,False,True,True,True,False,0,True,False,True,False,0,245.6,,INFANTRY|CHARACTER
astra_militarum_library_rogal_dorn_battle_tank,Rogal Dorn Battle Tank,Astra Militarum,18.0,12,2,7,4,6.0,5,7,3,0.5,4,0,1.0,36,6,0.5,7,0,1.0,False,False,False,3,False,False,False,False,False,0,0,False,False,False,False,False,False,False,False,0,False,False,False,False,3,826.9,,VEHICLE
astra_militarum_library_rogal_dorn_commander,Rogal Dorn Commander,Astra Militarum,18.0,12,2,7,4,6.0,5,7,3,0.5,4,0,1.0,36,6,0.5,7,0,1.0,False,False,False,3,False,False,False,False,False,0,0,False,False,False,False,False,False,False,False,0,False,False,False,False,3,826.9,,VEHICLE|CHARACTER
astra_militarum_library_sabre_weapons_battery_legends,Sabre Weapons Battery [Legends],Astra Militarum,4.0,4,4,7,7,6.0,1,7,1,0.5,12,-3,4.5,48,2,0.5,3,0,1.0,False,False,False,0,True,False,False,False,False,0,0,False,False,False,False,False,False,False,False,0,False,False,False,False,0,125.5,,
astra_militarum_library_salamander_command_vehicle_legends,Salamander Command Vehicle [Legends],Astra Militarum,10.0,8,3,7,4,6.0,3,7,3,0.5,5,-1,2.0,36,3,0.5,6,0,1.0,False,False,False,0,False,False,False,False,False,0,1,False,False,False,False,False,False,False,False,0,False,False,False,False,2,292.5,,VEHICLE
astra_militarum_library_salamander_scout_vehicle_legends,Salamander Scout Vehicle [Legends],Astra Militarum,10.0,8,3,7,4,6.0,3,7,3,0.5,5,-1,2.0,36,3,0.5,6,0,1.0,False,False,False,0,False,False,False,False,False,0,1,False,False,False,False,False,False,False,False,9,False,False,False,False,2,292.5,,VEHICLE
astra_militarum_library_scout_sentinels,Scout Sentinels,Astra Militarum,7.0,7,3,7,4,6.0,2,7,1,0.5,12,-3,4.5,48,3,0.5,6,0,1.0,False,False,False,0,False,False,False,False,False,0,0,False,False,False,False,False,False,False,False,9,False,False,False,False,1,184.2,,VEHICLE|WALKER
astra_militarum_library_sentinel_powerlifter_legends,Sentinel Powerlifter [Legends],Astra Militarum,6.0,7,3,7,4,6.0,2,7,3,0.5,10,-2,2.0,1,3,0.5,10,-2,2.0,False,False,False,0,False,False,False,False,False,0,0,False,False,False,False,False,False,False,False,0,False,False,False,False,1,180.0,,VEHICLE|WALKER
astra_militarum_library_sergeant_harker_legends,Sergeant Harker [Legends],Astra Militarum,3.0,4,5,7,6,6.0,1,7,3,0.667,5,-1,2.0,36,2,0.5,3,0,1.0,False,False,False,0,False,False,False,False,False,0,1,False,False,False,False,False,False,False,False,6,False,False,False,False,0,101.3,,CHARACTER|INFANTRY
astra_militarum_library_shadowsword,Shadowsword,Astra Militarum,24.0,13,2,7,4,6.0,8,7,3,0.5,24,-5,12.0,96,6,0.5,8,0,1.0,False,True,False,0,False,False,False,False,False,0,0,False,False,True,False,False,False,False,False,0,False,False,False,False,1,2092.5,,VEHICLE|TITANIC
astra_militarum_library_sly_marbo,Sly Marbo,Astra Militarum,4.0,3,5,7,7,6.0,1,7,3,0.833,5,-1,2.0,12,5,0.833,5,-1,2.0,False,False,True,0,False,False,False,False,False,0,0,False,True,False,False,False,False,True,False,0,True,False,True,False,0,123.7,INFANTRY:2,INFANTRY|CHARACTER
astra_militarum_library_storm_chimera_legends,Storm Chimera [Legends],Astra Militarum,11.0,9,3,7,4,6.0,2,7,3,0.5,5,-1,2.0,36,3,0.5,6,0,1.0,False,False,False,0,False,False,False,False,False,0,1,False,False,False,False,False,False,False,False,0,False,False,False,False,2,315.0,,VEHICLE
astra_militarum_library_stormblade_legends,Stormblade [Legends],Astra Militarum,24.0,13,2,7,4,6.0,8,7,6,0.5,10,-3,4.0,48,6,0.5,8,0,1.0,False,False,False,0,False,False,False,False,False,0,0,False,False,True,False,True,False,False,False,0,False,False,False,False,1,1689.4,,VEHICLE|TITANIC
astra_militarum_library_stormlord,Stormlord,Astra Militarum,24.0,13,2,7,4,6.0,8,7,20,0.5,6,-1,2.0,48,6,0.5,8,0,1.0,False,False,False,0,False,False,False,False,False,0,1,False,False,False,False,False,False,False,False,0,False,False,False,False,1,1530.0,,TITANIC|VEHICLE
astra_militarum_library_stormsword,Stormsword,Astra Militarum,24.0,13,2,7,4,6.0,8,7,10,0.5,16,-4,5.5,48,6,0.5,8,0,1.0,False,False,False,0,False,True,False,False,False,0,0,False,False,True,False,False,False,False,False,0,False,False,False,False,1,2549.5,,TITANIC|VEHICLE
astra_militarum_library_stygies_destroyer_tank_hunter_legends,Stygies Destroyer Tank Hunter [Legends],Astra Militarum,13.0,11,2,7,4,6.0,3,7,2,0.5,14,-4,6.5,72,3,0.5,6,0,1.0,False,True,False,0,False,False,False,False,False,0,0,False,False,False,False,False,False,False,False,0,False,False,False,False,0,950.6,,VEHICLE
astra_militarum_library_tarantula_battery_legends,Tarantula Battery [Legends],Astra Militarum,4.0,5,3,7,4,6.0,1,7,1,0.5,12,-3,4.5,48,2,0.5,3,0,1.0,False,False,False,0,True,False,False,False,False,0,0,False,False,False,False,False,False,False,False,0,False,False,False,False,1,150.5,,VEHICLE
astra_militarum_library_tauros_assault_vehicle_legends,Tauros Assault Vehicle [Legends],Astra Militarum,6.0,6,4,7,4,6.0,2,7,4,1.0,5,-1,1.0,12,2,0.5,5,0,1.0,False,False,False,0,False,True,True,False,False,0,0,False,False,False,False,False,False,False,False,9,False,False,False,False,1,123.8,,MOUNTED
astra_militarum_library_tauros_venator_legends,Tauros Venator [Legends],Astra Militarum,6.0,6,4,7,4,6.0,2,7,1,0.5,12,-3,4.5,48,2,0.5,5,0,1.0,False,False,False,0,True,False,False,False,False,0,0,False,False,False,False,False,False,False,False,0,False,False,False,False,1,150.5,,MOUNTED
astra_militarum_library_taurox,Taurox,Astra Militarum,10.0,8,3,7,4,6.0,2,7,2,0.5,9,-1,3.0,48,3,0.5,6,0,1.0,False,False,False,0,True,False,False,False,False,0,0,False,False,False,False,False,False,False,False,0,False,False,False,False,2,309.4,,VEHICLE
astra_militarum_library_taurox_prime,Taurox Prime,Astra Militarum,10.0,8,3,7,4,6.0,2,7,2,0.667,4,0,1.0,24,3,0.5,6,0,1.0,False,False,False,2,False,False,False,False,False,0,0,False,False,False,False,False,False,False,False,0,False,False,False,False,2,240.0,,VEHICLE
astra_militarum_library_tech_priest_enginseer,Tech-Priest Enginseer,Astra Militarum,3.0,4,3,5,4,6.0,1,7,1,0.667,6,0,1.0,12,3,0.5,6,-2,2.0,False,False,True,0,False,False,False,False,False,0,0,True,False,False,False,False,False,False,False,0,False,False,True,False,0,32.5,,INFANTRY|CHARACTER
astra_militarum_library_tempestus_aquilons,Tempestus Aquilons,Astra Militarum,1.0,3,4,7,4,6.0,1,7,1,0.667,4,-1,1.5,18,2,0.5,3,0,1.0,True,True,True,0,False,False,False,False,False,2,0,False,True,False,False,False,False,False,True,0,False,False,False,False,0,28.2,,INFANTRY
astra_militarum_library_tempestus_scions,Tempestus Scions,Astra Militarum,1.0,3,4,7,4,6.0,1,7,1,0.667,3,-1,1.0,24,2,0.5,3,0,1.0,False,False,True,1,False,False,False,False,False,0,0,False,False,False,False,False,False,False,True,0,False,False,False,False,0,11.3,,INFANTRY
astra_militarum_library_trojan_support_vehicle_legends,Trojan Support Vehicle [Legends],Astra Militarum,11.0,9,3,7,4,6.0,2,7,3,0.5,5,-1,2.0,36,3,0.5,6,0,1.0,False,False,False,0,False,False,False,False,False,0,1,False,False,False,False,False,False,False,False,0,False,False,False,False,2,315.0,,VEHICLE
astra_militarum_library_ursula_creed,Ursula Creed,Astra Militarum,4.0,3,4,5,7,6.0,1,7,4,0.667,5,-2,1.0,12,4,0.667,4,-2,1.0,False,False,True,0,False,False,False,False,False,0,0,False,False,False,False,False,False,False,False,0,False,False,False,False,0,95.0,,INFANTRY|CHARACTER
astra_militarum_library_valdor_legends,Valdor [Legends],Astra Militarum,20.0,13,2,7,4,6.0,8,7,2,0.5,16,-4,4.5,48,6,0.5,8,0,1.0,False,True,False,0,False,False,False,False,False,0,0,False,False,False,False,False,False,False,False,0,False,False,False,False,1,1153.1,,VEHICLE|TITANIC
astra_militarum_library_valkyrie,Valkyrie,Astra Militarum,14.0,10,2,7,4,6.0,1,7,3,0.5,6,0,1.0,1,3,0.5,6,0,1.0,False,False,False,0,False,False,False,False,False,0,0,False,False,False,False,False,False,False,False,0,False,False,False,True,3,652.5,,VEHICLE|FLY
astra_militarum_library_valkyrie_sky_talon_legends,Valkyrie Sky Talon [Legends],Astra Militarum,14.0,10,2,7,4,6.0,1,7,3,0.5,5,-1,2.0,36,3,0.5,6,0,1.0,False,False,False,0,False,False,False,False,False,0,1,False,False,False,False,False,False,False,False,0,False,False,False,True,3,697.5,,VEHICLE|FLY
astra_militarum_library_vendetta_gunship_legends,Vendetta Gunship [Legends],Astra Militarum,14.0,10,2,7,4,6.0,1,7,2,0.5,10,-3,3.5,48,3,0.5,6,0,1.0,False,False,False,0,False,False,False,False,False,0,0,False,False,False,False,False,False,False,False,0,False,False,False,True,2,794.1,FLY:2,VEHICLE|FLY
astra_militarum_library_voss_pattern_lightning_legends,Voss-pattern Lightning [Legends],Astra Militarum,14.0,9,3,7,4,6.0,1,7,2,0.5,10,-3,3.5,48,6,0.5,8,0,1.0,False,False,False,0,False,False,False,False,False,0,0,False,False,False,False,False,False,False,False,0,False,False,False,True,3,479.1,FLY:2,VEHICLE|FLY
astra_militarum_library_vulture_gunship_legends,Vulture Gunship [Legends],Astra Militarum,14.0,10,2,7,4,6.0,1,7,3,0.5,5,-1,2.0,36,6,0.5,4,0,1.0,False,False,False,0,False,False,False,False,False,0,1,False,False,False,False,False,False,False,False,0,False,False,False,True,3,697.5,,VEHICLE|FLY
astra_militarum_library_wyvern,Wyvern,Astra Militarum,11.0,9,3,7,4,6.0,3,7,7,0.5,5,0,1.0,48,3,0.5,6,0,1.0,False,False,False,0,True,False,False,False,False,0,0,False,False,True,True,False,False,False,False,0,False,False,False,False,2,300.0,,VEHICLE
black_templars_black_templars_gladiator_lancer,Black Templars Gladiator Lancer,Black Templars,12.0,10,3,7,5,6.0,3,6,2,0.667,14,-4,6.5,72,3,0.5,6,0,1.0,False,True,False,0,False,False,False,False,False,0,0,False,False,False,False,False,False,False,False,0,False,False,False,False,2,757.7,,VEHICLE
black_templars_black_templars_gladiator_reaper,Black Templars Gladiator Reaper,Black Templars,12.0,10,3,7,5,6.0,3,6,2,0.667,9,-4,3.5,18,3,0.5,6,0,1.0,False,False,False,0,False,False,False,False,False,2,0,False,False,False,False,False,False,False,False,0,False,False,False,False,2,532.6,,VEHICLE
black_templars_black_templars_gladiator_valiant,Black Templars Gladiator Valiant,Black Templars,12.0,10,3,7,5,6.0,3,6,2,0.667,10,-3,4.5,36,3,0.5,6,0,1.0,False,False,False,0,True,False,False,False,False,0,0,False,False,False,False,False,False,False,False,0,False,False,False,False,2,551.4,,VEHICLE
black_templars_black_templars_impulsor,Black Templars Impulsor,Black Templars,11.0,9,3,7,5,6.0,2,6,2,0.667,9,-4,3.5,18,3,0.5,6,0,1.0,False,False,False,0,False,False,False,False,False,2,0,False,False,False,False,False,False,False,False,0,False,False,False,False,2,510.1,,VEHICLE
black_templars_black_templars_repulsor,Black Templars Repulsor,Black Templars,16.0,12,3,7,5,6.0,5,6,2,0.667,10,-3,4.5,36,6,0.5,8,0,1.0,False,False,False,0,False,False,False,False,False,0,0,False,False,False,False,False,False,False,False,0,False,False,False,False,3,641.4,,VEHICLE
black_templars_black_templars_repulsor_executioner,Black Templars Repulsor Executioner,Black Templars,16.0,12,3,7,5,6.0,5,6,2,0.667,16,-4,7.5,72,6,0.5,8,0,1.0,False,True,False,0,False,False,False,False,False,0,0,False,False,False,False,False,False,False,False,0,False,False,False,False,3,922.8,,VEHICLE
black_templars_castellan,Castellan,Black Templars,4.0,4,3,7,4,6.0,1,6,1,0.667,4,-1,1.0,18,4,0.833,5,-2,2.0,False,False,True,0,False,False,False,False,False,0,0,False,False,False,False,False,False,False,False,0,False,False,False,False,0,41.3,,CHARACTER|INFANTRY
black_templars_chaplain_grimaldus,Chaplain Grimaldus,Black Templars,4.0,4,3,4,5,6.0,1,5,1,0.833,8,-2,2.0,12,5,0.833,6,-2,2.0,False,False,True,0,False,False,False,False,False,0,0,False,False,False,False,True,False,False,False,0,False,False,False,False,0,92.5,,INFANTRY|CHARACTER
black_templars_crusader_squad,Crusader Squad,Black Templars,2.0,4,4,7,5,6.0,2,6,2,0.667,4,0,1.0,12,3,0.667,4,-2,1.0,True,False,True,0,False,False,False,False,False,0,0,False,False,False,False,False,False,False,False,0,False,False,False,False,0,21.3,,INFANTRY|BATTLELINE
black_templars_high_marshal_helbrecht,High Marshal Helbrecht,Black Templars,5.0,4,2,4,7,6.0,2,5,2,0.833,5,-1,2.0,24,6,0.833,8,-3,3.0,False,False,False,0,False,False,False,False,False,0,0,True,False,False,False,False,False,False,False,0,False,False,False,False,0,150.0,INFANTRY:4,CHARACTER|INFANTRY
black_templars_marshal,Marshal,Black Templars,5.0,4,3,4,4,6.0,1,6,1,0.833,8,-2,2.0,12,6,0.833,5,-2,2.0,False,False,True,0,False,False,False,False,False,0,0,False,False,False,False,True,False,False,False,0,False,False,False,False,0,100.0,,CHARACTER|INFANTRY
black_templars_primaris_crusader_squad,Primaris Crusader Squad,Black Templars,2.0,4,3,7,5,6.0,2,6,4,1.0,4,0,1.0,12,3,0.667,5,-2,1.0,False,False,True,0,False,True,True,False,False,0,0,False,False,False,False,False,False,False,False,6,False,False,False,False,0,54.4,,INFANTRY|BATTLELINE
black_templars_primaris_sword_brethren,Primaris Sword Brethren,Black Templars,3.0,4,3,7,5,6.0,1,6,3,0.963,4,0,1.0,12,3,0.55,7,-2,1.9,False,False,True,0,False,True,True,False,False,0,0,False,False,False,False,False,False,False,False,0,False,False,False,False,0,57.4,,INFANTRY
black_templars_the_emperor_s_champion,The Emperor's Champion,Black Templars,5.0,4,2,4,7,6.0,1,6,1,0.833,4,0,1.0,12,6,0.833,8,-3,3.0,False,False,True,0,False,False,False,False,False,0,0,False,True,False,False,False,False,False,False,0,False,False,False,False,0,84.4,,CHARACTER|INFANTRY
blood_angels_astorath,Astorath,Blood Angels,5.0,4,2,4,7,6.0,1,5,6,0.833,7,-3,2.0,1,6,0.833,7,-3,2.0,False,False,False,0,False,False,False,False,False,0,0,True,True,False,False,False,False,False,True,0,False,False,False,True,0,449.8,,CHARACTER|INFANTRY|FLY
blood_angels_baal_predator,Baal Predator,Blood Angels,11.0,10,3,7,5,6.0,3,6,6,1.0,6,-2,2.0,18,3,0.5,6,0,1.0,True,False,False,0,False,True,True,False,False,0,0,False,False,False,False,False,False,False,False,0,False,False,False,False,2,637.5,,VEHICLE
blood_angels_blood_angels_captain,Blood Angels Captain,Blood Angels,5.0,4,3,4,4,6.0,1,6,1,0.667,8,-4,2.0,6,6,0.833,5,-2,2.0,False,False,True,0,False,False,False,False,False,2,0,False,False,False,False,False,False,False,False,0,False,False,False,False,0,112.5,,INFANTRY|CHARACTER
blood_angels_brother_corbulo_legends,Brother Corbulo [Legends],Blood Angels,4.0,4,3,7,5,6.0,1,6,1,0.833,4,0,1.0,12,6,0.833,5,-1,1.0,False,False,True,0,False,False,False,False,False,0,0,False,False,False,False,False,False,False,False,0,False,False,False,False,0,39.4,,CHARACTER|INFANTRY
blood_angels_captain_tycho_legends,Captain Tycho [Legends],Blood Angels,4.0,4,2,4,7,6.0,1,6,2,0.833,4,-1,2.0,24,6,0.833,4,-1,2.0,False,False,False,0,False,False,False,False,False,2,0,True,False,False,False,False,False,False,False,0,False,False,False,False,0,116.2,INFANTRY:4,CHARACTER|INFANTRY
blood_angels_chief_librarian_mephiston,Chief Librarian Mephiston,Blood Angels,6.0,5,2,7,4,6.0,1,6,3,0.833,5,-2,2.0,18,6,0.833,9,-3,2.0,False,False,True,0,False,False,False,False,False,0,3,False,False,False,False,True,False,False,False,0,False,False,True,False,0,284.9,,CHARACTER|INFANTRY|PSYKER
blood_angels_commander_dante,Commander Dante,Blood Angels,6.0,4,2,4,7,6.0,1,6,1,0.833,9,-4,3.5,6,8,0.833,8,-3,2.0,False,False,True,0,False,False,False,False,False,2,2,False,False,False,False,False,False,False,True,0,False,False,False,True,0,254.0,,CHARACTER|INFANTRY|FLY
blood_angels_death_company_captain,Death Company Captain,Blood Angels,5.0,4,3,4,4,6.0,1,6,1,0.667,8,-4,2.0,6,6,0.833,5,-2,2.0,False,False,True,0,False,False,False,False,False,2,0,False,False,False,False,False,False,False,False,0,False,False,False,False,0,112.5,,INFANTRY|CHARACTER
blood_angels_death_company_captain_with_jump_pack,Death Company Captain with Jump Pack,Blood Angels,5.0,4,3,4,4,6.0,1,6,4,1.0,3,0,1.0,12,6,0.833,5,-2,2.0,False,False,True,0,False,True,True,False,False,0,0,False,False,False,False,False,False,False,False,0,False,False,False,True,0,63.8,,CHARACTER|INFANTRY|FLY
blood_angels_death_company_dreadnought,Death Company Dreadnought,Blood Angels,12.0,10,2,7,6,6.0,4,6,2,0.667,9,-4,3.5,18,6,0.667,12,-2,3.0,False,False,False,0,True,False,False,False,False,2,0,False,False,False,False,False,False,False,False,0,False,False,False,False,2,802.6,,VEHICLE|WALKER
blood_angels_death_company_dreadnought_with_magna_grapple_legends,Death Company Dreadnought with Magna-Grapple [Legends],Blood Angels,8.0,9,2,7,6,6.0,3,6,1,0.667,9,-4,3.5,12,7,0.667,8,-2,3.0,False,False,False,0,False,False,False,False,False,2,0,False,False,False,False,False,False,False,False,0,False,False,False,False,1,491.3,,VEHICLE|WALKER
blood_angels_death_company_intercessors,Death Company Intercessors,Blood Angels,2.0,4,3,7,6,6.0,1,6,4,1.0,3,0,1.0,12,3,0.667,5,-1,1.25,False,False,True,0,False,True,True,False,False,0,0,False,False,False,False,False,False,False,False,0,False,False,False,False,0,41.2,,INFANTRY
blood_angels_death_company_marines,Death Company Marines,Blood Angels,2.0,4,3,7,6,6.0,1,6,1,0.667,5,-2,1.22,18,4,0.65,5,-1,1.3,False,False,True,0,False,False,False,False,False,2,0,False,False,False,False,False,False,False,False,0,False,False,False,False,0,39.4,,INFANTRY
blood_angels_death_company_marines_with_bolt_rifles,Death Company Marines with Bolt Rifles,Blood Angels,2.0,4,3,7,6,6.0,1,6,1,0.667,4,-1,1.1,24,3,0.65,5,0,1.2,True,True,True,0,False,False,False,False,False,2,0,False,False,False,False,False,False,False,False,0,False,False,False,False,0,31.8,,INFANTRY
blood_angels_death_company_marines_with_boltguns_and_jump_packs_legends,Death Company Marines with Boltguns and Jump Packs [Legends],Blood Angels,2.0,4,3,7,6,6.0,1,6,3,0.5,8,-2,2.0,1,3,0.5,8,-2,2.0,False,False,False,0,False,False,False,False,False,0,0,True,False,False,False,False,False,False,True,0,False,False,False,False,0,127.5,,INFANTRY
blood_angels_death_company_marines_with_boltguns_legends,Death Company Marines with Boltguns [Legends],Blood Angels,2.0,4,3,7,6,6.0,1,6,3,0.5,8,-2,2.0,1,3,0.5,8,-2,2.0,False,False,False,0,False,False,False,False,False,0,0,True,False,False,False,False,False,False,False,0,False,False,False,False,0,127.5,,INFANTRY
blood_angels_death_company_marines_with_jump_packs,Death Company Marines with Jump Packs,Blood Angels,2.0,4,3,7,6,6.0,1,6,1,0.667,6,-2,1.4,18,4,0.65,5,-1,1.3,False,False,True,0,False,False,False,False,False,2,0,False,False,False,False,True,False,False,True,0,False,False,False,True,0,43.0,,INFANTRY|FLY
blood_angels_gabriel_seth_legends,Gabriel Seth [Legends],Blood Angels,6.0,4,3,4,7,6.0,1,6,1,0.833,4,0,1.0,12,6,0.833,8,-2,3.0,False,False,True,0,False,False,False,False,False,0,0,False,False,False,False,False,False,False,False,0,False,False,False,False,0,54.4,,CHARACTER|INFANTRY
blood_angels_lemartes,Lemartes,Blood Angels,4.0,4,3,4,6,6.0,1,5,1,0.833,5,-1,2.0,18,5,0.833,6,-2,2.0,False,False,True,0,False,False,False,False,False,0,0,False,False,False,False,False,False,False,True,0,False,False,False,True,0,67.5,,CHARACTER|INFANTRY|FLY
blood_angels_librarian_dreadnought_legends,Librarian Dreadnought [Legends],Blood Angels,8.0,9,2,7,5,6.0,3,6,1,0.667,12,-3,6.5,18,5,0.667,12,-3,3.0,False,False,False,0,False,False,False,False,False,0,2,False,False,False,False,True,False,False,False,0,False,False,False,False,1,563.2,,VEHICLE|WALKER|PSYKER
blood_angels_sanguinary_guard,Sanguinary Guard,Blood Angels,3.0,4,2,4,5,6.0,1,6,1,0.667,8,-4,2.0,6,4,0.667,6,-3,2.0,False,False,True,0,False,False,False,False,False,2,0,False,False,False,False,False,False,False,True,0,False,False,False,True,0,120.0,,INFANTRY|FLY
blood_angels_sanguinary_priest,Sanguinary Priest,Blood Angels,4.0,4,3,7,4,6.0,1,6,1,0.667,5,-1,2.0,18,5,0.667,4,-1,1.0,False,False,True,0,False,False,False,False,False,0,0,False,False,False,False,False,False,False,False,0,False,False,False,False,0,60.0,,CHARACTER|INFANTRY
blood_angels_sanguinary_priest_on_bike_legends,Sanguinary Priest on Bike [Legends],Blood Angels,5.0,5,3,7,4,6.0,2,6,1,0.667,8,-4,2.0,6,4,0.667,8,-2,2.0,False,False,True,0,False,False,False,False,False,2,0,False,False,False,False,False,False,False,False,0,False,False,False,False,0,131.3,,CHARACTER|MOUNTED
blood_angels_sanguinary_priest_with_jump_pack_legends,Sanguinary Priest with Jump Pack [Legends],Blood Angels,4.0,4,3,7,4,6.0,1,6,1,0.833,4,0,1.0,12,5,0.833,4,-1,1.0,False,False,True,0,False,False,False,False,False,0,0,False,False,False,False,False,False,False,False,0,False,False,False,True,0,39.4,,CHARACTER|INFANTRY|FLY
blood_angels_the_sanguinor,The Sanguinor,Blood Angels,7.0,4,2,4,7,6.0,1,6,8,0.833,6,-3,2.0,1,8,0.833,6,-3,2.0,False,False,False,0,False,False,False,False,False,0,0,True,False,False,False,False,False,False,True,0,False,False,True,True,0,604.8,,CHARACTER|INFANTRY|FLY
blood_angels_tycho_the_lost_legends,Tycho the Lost [Legends],Blood Angels,4.0,4,2,4,7,6.0,1,6,2,0.833,4,-1,2.0,24,6,0.833,4,-1,2.0,False,False,False,0,False,False,False,False,False,2,0,True,False,False,False,False,False,False,False,0,False,False,False,False,0,116.2,INFANTRY:4,CHARACTER|INFANTRY
chaos_daemons_library_aetaos_rau_keres_legends,Aetaos'rau'keres [Legends],Chaos Daemons,24.0,10,6,7,7,6.0,6,6,9,0.833,10,-2,2.0,24,6,0.667,8,-2,3.0,False,False,False,0,False,False,False,False,False,0,0,False,False,False,False,False,False,False,True,0,False,False,False,True,1,778.3,,MONSTER|CHARACTER|TITANIC|TOWERING|FLY|PSYKER|DAEMON
chaos_daemons_library_an_ggrath_the_unbound_legends,An'ggrath the Unbound [Legends],Chaos Daemons,24.0,11,4,7,7,6.0,6,6,9,0.833,8,0,2.0,12,8,0.833,16,-4,5.5,False,False,False,0,False,False,False,False,False,0,0,False,False,False,False,False,False,False,True,0,False,False,False,False,1,641.1,,MONSTER|CHARACTER|TITANIC|TOWERING|DAEMON
chaos_daemons_library_be_lakor,Be'lakor,Chaos Daemons,20.0,11,3,7,7,6.0,5,6,12,0.833,6,-3,1.0,18,7,0.833,14,-4,4.5,False,False,False,0,False,True,False,False,False,0,0,True,False,False,False,True,False,True,True,0,False,False,False,True,3,824.8,,MONSTER|CHARACTER|FLY|PSYKER|DAEMON
chaos_daemons_library_beasts_of_nurgle,Beasts of Nurgle,Chaos Daemons,7.0,9,6,7,7,6.0,3,7,6,0.5,6,-1,2.0,1,6,0.5,6,-1,2.0,False,False,False,0,False,False,False,False,False,0,0,True,False,False,False,False,False,False,True,6,False,False,False,False,1,198.0,,BEAST|DAEMON
chaos_daemons_library_bloodcrushers,Bloodcrushers,Chaos Daemons,4.0,7,3,7,7,6.0,2,7,3,0.583,6,-2,1.5,1,3,0.583,6,-2,1.5,False,False,False,0,False,False,False,False,True,0,0,False,False,False,False,False,False,False,True,0,False,False,False,False,0,123.7,,MOUNTED|DAEMON
chaos_daemons_library_bloodletters,Bloodletters,Chaos Daemons,1.0,4,7,7,7,6.0,2,7,2,0.667,5,-2,2.0,1,2,0.667,5,-2,2.0,False,False,False,0,False,False,False,False,False,0,0,False,False,False,False,False,False,False,True,0,False,False,False,False,0,82.5,,INFANTRY|BATTLELINE|DAEMON
chaos_daemons_library_bloodmaster,Bloodmaster,Chaos Daemons,4.0,4,5,7,4,6.0,1,7,5,0.833,6,-2,3.0,1,5,0.833,6,-2,3.0,False,False,False,0,False,False,False,False,False,0,0,False,False,False,False,False,False,False,True,0,False,False,False,False,0,389.8,,INFANTRY|CHARACTER|DAEMON
chaos_daemons_library_bloodthirster,Bloodthirster,Chaos Daemons,18.0,11,3,7,4,6.0,5,6,6,0.833,8,-1,2.0,12,7,0.833,16,-4,5.5,False,False,False,0,False,False,False,False,False,0,0,False,False,False,False,False,False,False,True,0,False,False,False,True,3,686.1,,MONSTER|CHARACTER|FLY|DAEMON
chaos_daemons_library_blue_horrors,Blue Horrors,Chaos Daemons,1.0,3,8,7,7,6.0,1,8,2,0.5,3,-1,1.0,18,1,0.333,3,0,1.0,False,False,True,0,False,False,False,False,False,0,0,False,False,False,False,False,False,False,True,0,True,False,False,False,0,13.1,,INFANTRY|BATTLELINE|DAEMON
chaos_daemons_library_burning_chariot,Burning Chariot,Chaos Daemons,9.0,8,7,7,7,6.0,3,7,3,0.667,9,-3,3.0,18,6,0.5,6,-2,2.0,False,False,False,0,False,True,False,False,False,0,0,False,False,False,False,False,False,False,True,0,False,False,False,True,0,348.9,,MOUNTED|DAEMON|FLY
chaos_daemons_library_changecaster,Changecaster,Chaos Daemons,3.0,3,6,7,4,6.0,1,7,3,0.667,6,-2,2.0,18,3,0.5,4,-1,1.0,False,False,False,0,False,False,False,False,False,0,0,True,False,False,False,True,False,False,True,0,False,False,False,False,0,126.8,,INFANTRY|CHARACTER|PSYKER|DAEMON
chaos_daemons_library_contorted_epitome,Contorted Epitome,Chaos Daemons,8.0,6,5,7,4,6.0,2,7,8,0.833,4,-1,1.0,1,8,0.833,4,-1,1.0,False,False,False,0,False,False,False,False,False,0,0,True,False,False,False,False,False,False,True,0,False,False,False,False,0,157.5,,INFANTRY|CHARACTER|PSYKER
chaos_daemons_library_daemon_prince_of_chaos,Daemon Prince of Chaos,Chaos Daemons,10.0,10,2,7,4,6.0,3,6,3,0.833,5,-1,2.0,24,6,0.833,8,-2,3.0,False,False,False,0,False,False,False,False,False,0,0,False,False,False,False,False,False,False,True,0,False,False,False,False,2,562.5,,MONSTER|CHARACTER|DAEMON
chaos_daemons_library_daemon_prince_of_chaos_with_wings,Daemon Prince of Chaos with wings,Chaos Daemons,10.0,9,2,7,4,6.0,3,6,3,0.833,5,-1,2.0,24,6,0.833,8,-2,3.0,False,False,False,0,False,False,False,False,False,0,0,False,False,False,False,False,False,False,True,0,False,False,False,True,2,562.5,,MONSTER|CHARACTER|DAEMON|FLY
chaos_daemons_library_daemonettes,Daemonettes,Chaos Daemons,1.0,3,7,7,7,6.0,2,7,3,0.667,4,-1,1.0,1,3,0.667,4,-1,1.0,False,False,False,0,False,False,False,False,False,0,0,True,False,False,False,False,False,False,True,0,False,False,False,False,0,35.6,,INFANTRY|BATTLELINE|DAEMON
chaos_daemons_library_epidemius,Epidemius,Chaos Daemons,8.0,5,6,7,7,6.0,2,7,6,0.667,5,-2,2.0,1,6,0.667,5,-2,2.0,False,False,False,0,False,False,False,True,False,0,0,False,False,False,False,False,False,False,True,0,False,False,False,False,0,296.1,,INFANTRY|CHARACTER|DAEMON
chaos_daemons_library_exalted_flamer,Exalted Flamer,Chaos Daemons,6.0,4,7,7,7,6.0,1,7,3,0.667,9,-3,3.0,18,4,0.5,5,0,1.0,False,False,False,0,False,True,False,False,False,0,0,False,False,False,False,False,False,False,True,0,False,False,False,True,0,296.4,,INFANTRY|CHARACTER|FLY|DAEMON
chaos_daemons_library_exalted_seeker_chariot_legends,Exalted Seeker Chariot [Legends],Chaos Daemons,12.0,6,5,7,7,6.0,5,7,6,0.667,4,0,1.0,6,14,0.667,4,-1,1.0,True,False,True,0,False,False,False,False,False,0,0,False,False,False,False,False,False,False,True,0,False,False,False,False,0,112.5,INFANTRY:3,MOUNTED|DAEMON
chaos_daemons_library_fateskimmer,Fateskimmer,Chaos Daemons,9.0,7,6,7,4,6.0,3,7,3,0.667,6,-2,2.0,18,6,0.5,6,-2,2.0,False,False,False,0,False,False,False,False,False,0,0,True,False,False,False,True,False,False,True,0,False,False,False,True,0,160.6,,MOUNTED|CHARACTER|FLY|PSYKER|DAEMON
chaos_daemons_library_fiends,Fiends,Chaos Daemons,4.0,5,7,7,7,6.0,2,7,5,0.667,5,-2,2.0,1,5,0.667,5,-2,2.0,False,False,False,0,False,False,False,False,False,0,0,True,False,False,False,False,False,False,True,0,False,False,False,False,0,215.1,,BEAST|DAEMON
chaos_daemons_library_flamers,Flamers,Chaos Daemons,3.0,4,7,7,7,6.0,1,7,4,1.0,4,-1,1.0,12,3,0.5,4,0,1.0,False,False,False,0,False,True,True,False,False,0,0,False,False,False,False,False,False,False,True,0,False,False,False,True,0,66.6,,INFANTRY|FLY|DAEMON
chaos_daemons_library_flesh_hounds,Flesh Hounds,Chaos Daemons,2.0,4,7,7,7,6.0,1,7,4,1.0,4,0,1.0,12,3,0.667,5,-1,1.0,False,False,False,0,False,True,True,False,False,0,0,False,False,False,False,False,False,False,True,0,False,False,False,False,0,44.4,,BEAST|DAEMON
chaos_daemons_library_fluxmaster,Fluxmaster,Chaos Daemons,4.0,4,6,7,4,6.0,1,7,3,0.667,6,-2,2.0,18,3,0.5,4,-1,1.0,False,False,False,0,False,False,False,False,False,0,0,True,False,False,False,True,False,False,True,0,False,False,False,True,0,132.1,,MOUNTED|CHARACTER|FLY|PSYKER|DAEMON
chaos_daemons_library_furies_legends,Furies [Legends],Chaos Daemons,1.0,3,7,7,7,6.0,1,8,2,0.5,4,0,1.0,1,2,0.5,4,0,1.0,False,False,False,0,False,False,False,False,False,0,0,False,False,False,False,False,False,False,True,0,False,False,False,True,0,13.1,,INFANTRY|DAEMON|FLY
chaos_daemons_library_giant_chaos_spawn_legends,Giant Chaos Spawn [Legends],Chaos Daemons,10.0,8,4,7,5,6.0,3,7,10,0.667,10,-1,2.0,1,10,0.667,10,-1,2.0,False,False,False,0,False,False,False,False,False,0,0,False,False,False,False,False,False,False,True,0,False,False,False,False,0,506.4,,MONSTER
chaos_daemons_library_great_unclean_one,Great Unclean One,Chaos Daemons,20.0,12,5,7,6,6.0,5,6,6,1.0,5,-2,1.0,12,6,0.833,10,-2,4.5,False,False,False,0,False,True,True,False,False,0,0,False,False,False,False,False,False,False,True,0,False,False,False,False,3,420.0,,MONSTER|CHARACTER|PSYKER|DAEMON
chaos_daemons_library_hellflayer_legends,Hellflayer [Legends],Chaos Daemons,7.0,6,5,7,7,6.0,3,7,6,0.667,4,0,1.0,6,6,0.611,5,0,1.33,True,False,True,0,False,False,False,False,False,0,0,False,False,False,False,False,False,False,True,0,False,False,False,False,0,84.4,INFANTRY:3,MOUNTED|DAEMON
chaos_daemons_library_herald_of_slaanesh_on_steed_of_slaanesh_legends,Herald of Slaanesh on Steed of Slaanesh [Legends],Chaos Daemons,4.0,4,7,7,4,6.0,2,7,6,0.833,4,-1,1.0,1,6,0.833,4,-1,1.0,False,False,False,0,False,False,False,False,False,0,0,True,False,False,False,False,False,False,True,9,False,False,False,False,0,94.3,,MOUNTED|CHARACTER|PSYKER|DAEMON
chaos_daemons_library_horticulous_slimux,Horticulous Slimux,Chaos Daemons,10.0,10,3,7,7,6.0,2,7,4,0.667,6,-2,3.0,1,4,0.667,6,-2,3.0,False,False,False,0,False,False,False,True,False,0,0,False,False,False,False,False,False,False,True,0,False,False,False,False,0,465.1,,MOUNTED|CHARACTER|DAEMON
chaos_daemons_library_infernal_enrapturess,Infernal Enrapturess,Chaos Daemons,3.0,3,7,7,4,6.0,1,7,1,0.667,12,-3,4.5,24,5,0.833,4,-1,1.0,True,False,False,0,False,False,False,False,False,0,0,False,False,False,False,False,False,False,True,0,False,False,False,False,0,146.3,,INFANTRY|CHARACTER|DAEMON
chaos_daemons_library_kairos_fateweaver,Kairos Fateweaver,Chaos Daemons,20.0,10,6,7,7,6.0,5,6,8,0.833,9,-3,2.0,24,5,0.667,8,-2,4.0,False,False,False,0,False,False,False,False,False,0,0,False,False,True,True,True,False,False,True,0,False,False,False,True,3,804.8,,MONSTER|CHARACTER|FLY|PSYKER|DAEMON
chaos_daemons_library_karanak_legends,Karanak [Legends],Chaos Daemons,5.0,4,7,7,3,6.0,1,7,6,0.833,6,-1,2.0,1,6,0.833,6,-1,2.0,False,False,False,0,False,False,False,False,False,0,0,False,True,False,False,False,False,False,True,0,False,False,False,False,0,237.4,,BEAST|CHARACTER|DAEMON
chaos_daemons_library_keeper_of_secrets,Keeper of Secrets,Chaos Daemons,18.0,10,5,7,4,6.0,5,6,9,0.833,6,-2,1.0,18,6,0.833,8,-2,3.0,False,False,False,0,False,False,False,False,False,0,0,True,False,False,False,True,False,False,True,0,False,False,False,False,3,427.4,,MONSTER|CHARACTER|PSYKER|DAEMON
chaos_daemons_library_khorne_soul_grinder,Khorne Soul Grinder,Chaos Daemons,14.0,11,3,7,7,6.0,5,7,7,1.0,5,-1,1.0,12,5,0.667,16,-3,5.5,False,False,False,0,False,True,True,False,False,0,0,False,False,False,False,False,False,False,True,0,False,False,False,False,2,472.5,,VEHICLE|WALKER|DAEMON
chaos_daemons_library_lord_of_change,Lord of Change,Chaos Daemons,18.0,10,6,7,4,6.0,5,6,9,0.833,9,-2,2.0,18,5,0.667,6,-1,3.0,False,False,False,0,False,False,False,False,False,0,0,False,False,False,False,True,False,False,True,0,False,False,False,True,3,724.3,,MONSTER|CHARACTER|FLY|PSYKER|DAEMON
chaos_daemons_library_nurgle_soul_grinder,Nurgle Soul Grinder,Chaos Daemons,14.0,11,3,7,7,6.0,5,7,4,0.667,7,-1,2.0,36,5,0.667,16,-3,5.5,False,False,False,0,False,False,False,True,False,0,0,False,False,True,True,False,False,False,True,0,False,False,False,False,2,450.1,,VEHICLE|WALKER|DAEMON
chaos_daemons_library_nurglings,Nurglings,Chaos Daemons,4.0,3,7,7,7,6.0,1,8,4,0.333,2,0,1.0,1,4,0.333,2,0,1.0,False,False,False,0,False,False,False,True,False,0,0,False,False,False,False,False,False,False,True,0,True,False,False,False,0,12.5,,SWARM|BATTLELINE|DAEMON
chaos_daemons_library_pink_horrors,Pink Horrors,Chaos Daemons,1.0,3,7,7,7,6.0,1,8,2,0.667,4,-1,1.0,18,1,0.5,3,0,1.0,False,False,True,0,False,False,False,False,False,0,0,False,False,False,False,False,False,False,True,0,False,False,False,False,0,24.4,,INFANTRY|BATTLELINE|DAEMON
chaos_daemons_library_plague_drones,Plague Drones,Chaos Daemons,5.0,8,6,7,7,6.0,2,7,2,0.5,4,0,1.0,12,2,0.583,4,-1,1.5,False,False,False,0,False,False,False,True,False,0,0,False,False,True,False,False,False,False,True,0,False,False,False,True,0,56.3,,MOUNTED|FLY|DAEMON
chaos_daemons_library_plague_toads_legends,Plague Toads [Legends],Chaos Daemons,4.0,8,6,7,7,6.0,2,7,2,0.5,5,0,1.0,9,3,0.667,6,-1,2.0,False,False,False,0,False,False,False,True,False,0,0,False,False,False,False,False,False,False,True,0,False,False,False,False,0,51.0,,BEAST|DAEMON
chaos_daemons_library_plaguebearers,Plaguebearers,Chaos Daemons,2.0,5,7,7,7,6.0,2,7,2,0.667,4,-1,1.0,1,2,0.667,4,-1,1.0,False,False,False,0,False,False,False,True,False,0,0,False,False,False,False,False,False,False,True,0,False,False,False,False,0,30.0,,INFANTRY|BATTLELINE|DAEMON
chaos_daemons_library_pox_riders_legends,Pox Riders [Legends],Chaos Daemons,5.0,8,6,7,7,6.0,2,7,2,0.5,5,0,1.0,9,2,0.667,5,-1,1.5,False,False,False,0,False,False,False,True,False,0,0,False,False,False,False,False,False,False,True,0,False,False,False,False,0,60.0,,MOUNTED|DAEMON
chaos_daemons_library_poxbringer,Poxbringer,Chaos Daemons,5.0,5,7,7,5,6.0,1,7,4,0.667,5,-2,2.0,1,4,0.667,5,-2,2.0,False,False,False,0,False,False,False,True,False,0,0,False,False,False,False,False,False,False,True,0,False,False,False,False,0,178.8,,INFANTRY|CHARACTER|PSYKER|DAEMON
chaos_daemons_library_rendmaster_on_blood_throne,Rendmaster on Blood Throne,Chaos Daemons,9.0,9,4,7,4,6.0,3,7,5,0.833,6,-2,3.0,1,5,0.833,6,-2,3.0,False,False,False,0,False,False,False,False,False,0,0,False,False,False,False,False,False,False,True,0,False,False,False,False,0,509.8,,MOUNTED|CHARACTER|DAEMON
chaos_daemons_library_rotigus,Rotigus,Chaos Daemons,22.0,12,5,7,6,6.0,5,6,7,1.0,7,-2,1.0,12,7,0.833,10,-3,3.0,False,False,False,0,False,True,True,False,False,0,0,True,False,False,False,False,False,False,True,0,False,False,False,False,3,457.5,,MONSTER|CHARACTER|PSYKER|DAEMON
chaos_daemons_library_scabeiathrax_the_bloated_legends,Scabeiathrax the Bloated [Legends],Chaos Daemons,22.0,12,5,7,6,6.0,5,6,6,1.0,5,-2,1.0,6,7,0.833,9,-2,3.5,False,False,False,0,False,True,True,False,False,0,0,False,False,False,False,False,False,False,True,0,False,False,False,False,3,442.5,,MONSTER|CHARACTER|PSYKER|DAEMON
chaos_daemons_library_screamers,Screamers,Chaos Daemons,3.0,4,6,7,7,6.0,1,7,3,0.667,6,-2,2.0,1,3,0.667,6,-2,2.0,False,False,False,0,False,False,False,False,False,0,0,False,False,False,False,False,False,False,True,0,False,False,False,True,0,129.1,MONSTER:4|VEHICLE:4,BEAST|FLY|DAEMON
chaos_daemons_library_seeker_chariot_legends,Seeker Chariot [Legends],Chaos Daemons,7.0,6,5,7,7,6.0,3,7,6,0.667,4,0,1.0,6,6,0.583,4,0,1.0,True,False,True,0,False,False,False,False,False,0,0,False,False,False,False,False,False,False,True,0,False,False,False,False,0,84.4,INFANTRY:3,MOUNTED|DAEMON
chaos_daemons_library_seekers,Seekers,Chaos Daemons,2.0,4,7,7,7,6.0,1,7,2,0.583,4,0,1.0,1,2,0.583,4,0,1.0,False,False,False,0,False,False,False,True,False,0,0,True,False,False,False,False,False,False,True,9,False,False,False,False,0,21.4,,MOUNTED|DAEMON
chaos_daemons_library_shalaxi_helbane,Shalaxi Helbane,Chaos Daemons,20.0,10,3,7,7,6.0,5,6,4,0.833,9,-2,2.0,18,6,0.833,14,-3,5.5,False,False,False,0,False,False,False,False,False,0,3,True,True,False,False,True,False,False,True,0,False,False,False,False,3,668.7,,MONSTER|CHARACTER|PSYKER|DAEMON
chaos_daemons_library_skarbrand,Skarbrand,Chaos Daemons,20.0,11,3,7,7,6.0,5,6,7,1.0,8,-1,1.0,12,8,0.833,16,-4,6.0,False,False,False,0,False,True,True,False,False,0,0,False,False,False,False,False,False,False,True,0,False,False,False,False,3,646.9,,MONSTER|CHARACTER|DAEMON
chaos_daemons_library_skull_cannon,Skull Cannon,Chaos Daemons,9.0,9,4,7,7,6.0,3,7,6,0.667,9,-1,2.0,48,4,0.667,5,-2,2.0,False,False,False,0,False,False,False,False,False,0,0,False,False,True,False,False,False,False,True,0,False,False,False,False,0,341.4,,MOUNTED|DAEMON
chaos_daemons_library_skullmaster,Skullmaster,Chaos Daemons,6.0,7,3,7,4,6.0,2,7,5,0.833,6,-2,3.0,1,5,0.833,6,-2,3.0,False,False,False,0,False,False,False,False,False,0,0,False,False,False,False,False,False,False,True,0,False,False,False,False,0,442.3,,MOUNTED|CHARACTER|DAEMON
chaos_daemons_library_skulltaker,Skulltaker,Chaos Daemons,5.0,4,4,7,7,6.0,1,7,6,0.833,6,-2,3.0,1,6,0.833,6,-2,3.0,False,False,False,0,False,False,False,False,False,0,0,True,True,False,False,False,False,False,True,0,False,False,False,False,0,474.8,,INFANTRY|CHARACTER|DAEMON
chaos_daemons_library_slaanesh_soul_grinder,Slaanesh Soul Grinder,Chaos Daemons,14.0,11,3,7,7,6.0,5,7,6,0.667,9,-2,2.0,24,5,0.667,16,-3,5.5,False,False,False,0,False,False,False,False,False,0,1,True,False,False,False,False,False,False,True,0,False,False,False,False,2,615.2,,VEHICLE|WALKER|DAEMON
chaos_daemons_library_sloppity_bilepiper,Sloppity Bilepiper,Chaos Daemons,5.0,5,7,7,4,6.0,1,7,4,0.667,5,0,1.0,1,4,0.667,5,0,1.0,False,False,False,0,False,False,False,True,False,0,0,False,False,False,False,False,False,False,True,0,False,False,False,False,0,58.8,,INFANTRY|CHARACTER|DAEMON
chaos_daemons_library_spined_chaos_beast_legends,Spined Chaos Beast [Legends],Chaos Daemons,12.0,10,4,7,7,6.0,4,7,6,0.667,12,-2,3.0,1,6,0.667,12,-2,3.0,False,False,False,0,False,False,False,False,False,0,0,False,False,False,False,False,False,False,True,0,False,False,False,False,0,630.2,,MONSTER
chaos_daemons_library_spoilpox_scrivener,Spoilpox Scrivener,Chaos Daemons,5.0,5,7,7,4,6.0,1,6,4,1.0,3,0,1.0,6,6,0.667,5,-1,1.0,False,False,False,0,False,True,True,False,False,0,0,False,False,False,False,False,False,False,True,0,False,False,False,False,0,45.0,,INFANTRY|CHARACTER|DAEMON
chaos_daemons_library_syll_esske,Syll'esske,Chaos Daemons,9.0,6,6,7,7,6.0,2,6,7,1.0,6,-1,1.0,12,6,0.667,7,-2,3.0,False,False,False,0,False,True,True,False,False,0,0,True,False,False,False,True,False,False,True,0,False,False,False,False,0,198.0,,MONSTER|CHARACTER|PSYKER|DAEMON
chaos_daemons_library_the_blue_scribes,The Blue Scribes,Chaos Daemons,6.0,4,6,7,7,6.0,2,8,4,0.333,2,0,1.0,1,4,0.333,2,0,1.0,False,False,False,0,False,False,False,False,False,0,0,False,False,False,False,False,False,False,True,0,False,False,True,True,0,23.0,PSYKER:2,MOUNTED|CHARACTER|FLY|DAEMON
chaos_daemons_library_the_changeling,The Changeling,Chaos Daemons,5.0,3,7,7,7,6.0,1,7,6,1.0,6,-1,2.0,12,3,0.5,4,-1,2.0,False,False,False,0,False,True,True,False,False,0,0,False,False,False,False,True,False,True,True,0,False,False,True,False,0,301.9,,INFANTRY|CHARACTER|PSYKER|DAEMON
chaos_daemons_library_the_masque_of_slaanesh,The Masque of Slaanesh,Chaos Daemons,4.0,3,7,7,7,6.0,1,7,6,0.833,4,-1,2.0,1,6,0.833,4,-1,2.0,False,False,False,0,False,False,False,False,False,0,0,True,False,False,False,False,False,False,True,0,False,False,True,True,0,176.2,,INFANTRY|CHARACTER|FLY|DAEMON
chaos_daemons_library_tormentbringer_on_exalted_seeker_chariot_legends,Tormentbringer on Exalted Seeker Chariot [Legends],Chaos Daemons,12.0,6,5,7,4,6.0,3,7,6,0.667,4,0,1.0,6,15,0.667,4,-1,1.0,True,False,True,0,False,False,False,False,False,0,0,False,False,False,False,False,False,False,True,0,False,False,False,False,0,112.5,INFANTRY:3,MOUNTED|CHARACTER|PSYKER|DAEMON
chaos_daemons_library_tranceweaver,Tranceweaver,Chaos Daemons,3.0,3,7,7,4,6.0,1,7,6,0.833,4,-1,1.0,1,6,0.833,4,-1,1.0,False,False,False,0,False,False,False,False,False,0,0,True,False,False,False,False,False,False,True,0,False,False,False,False,0,90.0,,INFANTRY|CHARACTER|PSYKER|DAEMON
chaos_daemons_library_tzeentch_soul_grinder,Tzeentch Soul Grinder,Chaos Daemons,14.0,11,3,7,7,6.0,5,7,2,0.667,12,-2,5.5,48,5,0.667,16,-3,5.5,False,False,False,0,False,False,False,False,False,0,0,False,False,True,False,False,False,False,True,0,False,False,False,False,2,590.1,,VEHICLE|WALKER|DAEMON
chaos_daemons_library_zarakynel_legends,Zarakynel [Legends],Chaos Daemons,20.0,10,5,7,7,6.0,5,6,9,0.833,6,-2,1.0,18,6,0.833,9,-2,3.0,False,False,False,0,False,False,False,False,False,0,0,True,False,False,False,True,False,False,True,0,False,False,False,False,3,449.9,,MONSTER|CHARACTER|PSYKER|DAEMON
chaos_knights_accursed_cultists,Accursed Cultists,Chaos Knights,3.0,4,6,7,6,6.0,1,7,6,0.5,5,-1,2.0,1,6,0.5,5,-1,2.0,False,False,False,0,False,False,False,False,False,0,0,False,False,False,False,False,False,False,False,6,False,False,False,False,0,132.7,,INFANTRY
chaos_knights_cultist_firebrand,Cultist Firebrand,Chaos Knights,4.0,4,4,7,7,6.0,1,6,6,1.0,5,-1,1.0,12,4,0.5,4,0,1.0,False,False,False,0,False,True,True,False,False,0,0,False,False,False,False,False,False,False,False,0,False,False,False,False,0,166.2,,CHARACTER|INFANTRY
chaos_knights_cultist_mob,Cultist Mob,Chaos Knights,1.0,3,6,7,7,6.0,1,7,1,0.5,3,0,1.0,12,2,0.5,3,0,1.0,False,False,True,0,False,False,False,False,False,0,0,False,False,False,False,False,False,False,False,0,False,False,False,False,0,6.0,,INFANTRY|BATTLELINE
chaos_knights_cultist_mob_with_firearms_legends,Cultist Mob with Firearms [Legends],Chaos Knights,1.0,3,6,7,7,6.0,1,7,3,0.595,5,-1,1.29,12,2,0.5,3,0,1.0,False,True,True,3,False,True,True,False,False,0,0,False,False,False,False,False,False,False,False,0,False,False,False,False,0,46.6,,INFANTRY|BATTLELINE
chaos_knights_dark_commune,Dark Commune,Chaos Knights,4.0,3,6,7,7,6.0,1,6,2,0.556,4,0,1.33,12,1,0.5,3,0,1.33,False,False,True,0,False,False,False,False,False,0,2,False,False,False,False,True,False,False,False,0,False,False,False,False,0,22.9,,CHARACTER|INFANTRY|PSYKER
chaos_knights_fellgor_beastmen,Fellgor Beastmen,Chaos Knights,1.0,4,5,7,7,6.0,1,7,1,0.5,4,0,1.11,12,2,0.481,4,0,1.22,False,False,True,0,False,False,False,False,False,0,0,True,False,False,False,True,False,False,False,0,False,False,False,False,0,10.3,,INFANTRY
chaos_knights_gellerpox_infected_legends,Gellerpox Infected [Legends],Chaos Knights,1.0,5,6,7,5,6.0,1,7,4,1.0,5,0,1.0,12,4,0.5,6,-1,2.0,False,False,False,0,False,True,True,False,False,0,0,False,False,False,False,False,False,False,False,0,False,False,False,False,0,57.0,,INFANTRY
chaos_knights_library_chaos_acastus_knight_asterius,Chaos Acastus Knight Asterius,Chaos Knights,30.0,13,2,7,7,6.0,10,6,3,0.667,16,-2,6.0,48,6,0.5,10,-1,2.0,False,False,False,0,True,False,False,False,False,0,2,False,False,False,False,False,False,False,False,0,False,False,False,False,1,1800.2,,VEHICLE|WALKER|TITANIC|TOWERING
chaos_knights_library_chaos_acastus_knight_porphyrion,Chaos Acastus Knight Porphyrion,Chaos Knights,30.0,13,2,7,7,6.0,10,6,4,0.667,18,-4,9.5,72,6,0.5,10,-1,2.0,False,False,False,0,True,False,False,False,False,0,0,False,False,True,False,False,False,False,False,0,False,False,False,False,1,2597.5,,VEHICLE|WALKER|TITANIC|TOWERING
chaos_knights_library_chaos_cerastus_knight_acheron,Chaos Cerastus Knight Acheron,Chaos Knights,25.0,12,3,7,6,6.0,10,6,7,1.0,8,-1,2.0,18,4,0.667,14,-4,6.0,False,False,False,0,False,True,True,False,False,0,0,False,False,False,False,False,False,False,False,0,False,False,False,False,1,956.2,,VEHICLE|WALKER|CHARACTER|TITANIC|TOWERING
chaos_knights_library_chaos_cerastus_knight_atrapos,Chaos Cerastus Knight Atrapos,Chaos Knights,25.0,12,3,7,6,6.0,10,6,4,0.667,14,-3,4.0,24,6,0.667,14,-3,4.0,False,False,False,0,False,False,False,False,False,0,1,False,False,False,False,False,False,False,False,0,False,False,False,False,1,1000.2,,VEHICLE|WALKER|CHARACTER|TITANIC|TOWERING
chaos_knights_library_chaos_cerastus_knight_castigator,Chaos Cerastus Knight Castigator,Chaos Knights,25.0,12,3,7,6,6.0,10,6,18,0.667,6,-2,2.0,36,4,0.667,14,-4,6.0,False,False,False,0,True,False,False,False,False,0,0,False,False,False,False,False,False,False,False,0,False,False,False,False,1,1282.9,,VEHICLE|WALKER|CHARACTER|TITANIC|TOWERING
chaos_knights_library_chaos_cerastus_knight_lancer,Chaos Cerastus Knight Lancer,Chaos Knights,25.0,12,3,7,6,6.0,10,6,6,0.667,6,0,2.0,12,5,0.833,20,-3,8.0,True,False,False,0,False,False,False,False,True,0,2,False,False,False,False,False,False,False,False,0,False,False,False,False,1,682.6,,VEHICLE|WALKER|CHARACTER|TITANIC|TOWERING
chaos_knights_library_chaos_questoris_knight_magaera,Chaos Questoris Knight Magaera,Chaos Knights,22.0,12,3,7,6,6.0,10,6,12,0.667,9,0,2.0,48,4,0.667,20,-3,8.0,False,False,False,0,False,False,False,False,False,0,2,False,False,False,False,False,False,False,False,0,False,False,False,False,3,795.2,,VEHICLE|WALKER|CHARACTER|TITANIC|TOWERING
chaos_knights_library_chaos_questoris_knight_styrix,Chaos Questoris Knight Styrix,Chaos Knights,22.0,12,3,7,6,6.0,10,6,9,0.667,12,0,3.0,30,4,0.667,20,-3,8.0,False,False,False,0,False,False,False,False,False,0,0,True,False,False,False,False,False,False,False,0,False,False,False,False,3,832.7,,VEHICLE|WALKER|CHARACTER|TITANIC|TOWERING
chaos_knights_library_knight_abominant,Knight Abominant,Chaos Knights,22.0,12,3,7,6,6.0,10,6,9,0.667,12,0,3.0,30,9,0.667,10,-2,3.0,False,False,False,0,False,False,False,False,False,0,0,True,False,False,False,False,False,False,False,0,False,False,False,False,3,832.7,,VEHICLE|WALKER|TITANIC|TOWERING|CHARACTER|PSYKER
chaos_knights_library_knight_desecrator,Knight Desecrator,Chaos Knights,22.0,12,3,7,6,6.0,10,6,3,0.833,18,-4,6.5,72,4,0.667,20,-3,8.0,False,False,False,0,False,False,False,False,False,0,0,False,False,False,False,False,False,False,False,0,False,False,False,False,3,1408.7,,VEHICLE|WALKER|TITANIC|TOWERING|CHARACTER
chaos_knights_library_knight_despoiler,Knight Despoiler,Chaos Knights,22.0,12,3,7,6,6.0,10,6,18,0.667,6,-2,2.0,36,4,0.667,20,-3,8.0,False,False,False,0,False,False,False,False,False,0,0,False,False,False,False,False,False,False,False,0,False,False,False,False,3,1215.4,,VEHICLE|WALKER|TITANIC|TOWERING|CHARACTER
chaos_knights_library_knight_rampager,Knight Rampager,Chaos Knights,22.0,12,3,7,6,6.0,10,6,3,0.667,5,0,1.0,36,6,0.833,20,-3,8.0,False,False,False,3,False,False,False,False,False,0,0,False,False,False,False,False,False,False,False,0,False,False,False,False,3,525.0,,VEHICLE|WALKER|TITANIC|TOWERING|CHARACTER
chaos_knights_library_knight_tyrant,Knight Tyrant,Chaos Knights,24.0,13,2,7,6,6.0,10,6,2,0.667,20,-5,11.5,60,4,0.5,8,-1,2.0,False,False,False,0,False,False,False,False,False,0,0,False,False,True,False,False,False,False,False,0,False,False,False,False,1,1942.9,,VEHICLE|WALKER|TITANIC|TOWERING|CHARACTER
chaos_knights_library_war_dog_brigand,War Dog Brigand,Chaos Knights,12.0,10,3,7,7,6.0,8,7,2,0.667,12,-4,3.5,24,4,0.667,6,0,1.0,False,False,False,0,False,False,False,False,False,4,0,False,False,False,False,False,False,False,False,0,False,False,False,False,2,532.6,,VEHICLE|WALKER|BATTLELINE
chaos_knights_library_war_dog_executioner,War Dog Executioner,Chaos Knights,12.0,10,3,7,7,6.0,8,7,4,0.667,9,-1,3.0,48,4,0.667,6,0,1.0,False,False,False,0,False,False,False,False,False,0,0,False,False,False,False,False,False,False,False,0,False,False,False,False,2,495.1,,VEHICLE|WALKER|BATTLELINE
chaos_knights_library_war_dog_huntsman,War Dog Huntsman,Chaos Knights,12.0,10,3,7,7,6.0,8,7,2,0.667,12,-4,3.5,24,4,0.667,10,-3,3.0,False,False,False,0,False,False,False,False,False,4,0,False,False,False,False,False,False,False,False,0,False,False,False,False,2,532.6,,VEHICLE|WALKER|BATTLELINE
chaos_knights_library_war_dog_karnivore,War Dog Karnivore,Chaos Knights,12.0,10,3,7,7,6.0,8,7,4,0.667,5,0,1.0,48,4,0.667,12,-3,5.5,False,False,False,0,False,False,False,False,False,0,0,False,False,True,True,False,False,False,False,0,False,False,False,False,2,305.0,,VEHICLE|WALKER|BATTLELINE
chaos_knights_library_war_dog_moirax,War Dog Moirax,Chaos Knights,12.0,10,3,7,7,6.0,8,7,4,0.667,7,-1,2.0,24,4,0.667,12,-3,5.5,False,False,False,0,False,False,False,False,False,0,0,False,False,True,False,False,False,False,False,0,False,False,False,False,2,375.1,VEHICLE:2,VEHICLE|WALKER|BATTLELINE
chaos_knights_library_war_dog_stalker,War Dog Stalker,Chaos Knights,12.0,10,3,7,6,6.0,8,7,2,0.667,12,-4,3.5,24,4,0.667,12,-3,5.5,False,False,False,0,False,False,False,False,False,4,0,False,False,False,False,False,False,False,False,0,False,False,False,False,2,532.6,,VEHICLE|WALKER|BATTLELINE|CHARACTER
chaos_knights_mutoid_vermin_legends,Mutoid Vermin [Legends],Chaos Knights,1.0,2,7,7,6,6.0,1,8,2,0.5,2,0,1.0,1,2,0.5,2,0,1.0,False,False,False,0,False,False,False,True,False,0,0,False,False,False,False,False,False,False,False,0,False,False,False,False,0,5.2,,SWARM
chaos_knights_negavolt_cultists_legends,Negavolt Cultists [Legends],Chaos Knights,1.0,3,7,7,5,6.0,1,7,3,0.667,4,0,1.0,1,3,0.667,4,0,1.0,False,False,False,0,False,False,False,False,False,0,2,False,False,False,False,False,False,False,False,0,False,False,False,False,0,24.4,,INFANTRY
chaos_knights_renegade_enforcer_legends,Renegade Enforcer [Legends],Chaos Knights,3.0,3,5,7,7,6.0,1,6,2,0.667,4,0,1.0,18,3,0.667,6,-2,2.0,True,False,False,0,False,False,False,False,False,0,0,False,False,False,False,False,False,False,False,0,False,False,False,False,0,23.4,,INFANTRY|CHARACTER
chaos_knights_renegade_heavy_weapons_squad_legends,Renegade Heavy Weapons Squad [Legends],Chaos Knights,2.0,3,5,7,7,6.0,2,7,1,0.417,8,-2,2.75,24,2,0.5,3,0,1.0,False,True,False,1,False,False,False,False,False,0,0,False,False,False,False,False,False,False,False,0,False,False,False,False,0,48.6,,INFANTRY
chaos_knights_renegade_ogryn_beast_handler_legends,Renegade Ogryn Beast Handler [Legends],Chaos Knights,4.0,6,5,7,7,6.0,1,7,3,0.667,5,0,1.33,1,3,0.667,5,0,1.33,False,False,False,0,False,False,False,False,False,0,0,False,False,False,False,False,False,False,False,0,False,False,False,False,0,58.1,,BEAST
chaos_knights_renegade_ogryn_brutes_legends,Renegade Ogryn Brutes [Legends],Chaos Knights,3.0,6,5,7,7,6.0,1,7,3,0.667,7,-1,2.0,1,3,0.667,7,-1,2.0,False,False,False,0,False,False,False,False,False,0,0,False,False,False,False,False,False,False,False,0,False,False,False,False,0,106.9,,INFANTRY
chaos_knights_renegade_plague_ogryns_legends,Renegade Plague Ogryns [Legends],Chaos Knights,3.0,7,5,7,6,6.0,1,7,3,0.667,6,-1,2.0,1,3,0.667,6,-1,2.0,False,False,False,0,False,False,False,True,False,0,0,False,False,False,False,False,False,False,False,0,False,False,False,False,0,106.9,,INFANTRY
chaos_knights_rogue_psyker_legends,Rogue Psyker [Legends],Chaos Knights,3.0,3,5,7,4,6.0,1,7,6,0.667,6,-2,2.0,12,1,0.5,6,-1,2.0,False,False,False,0,False,False,False,False,False,0,0,True,False,True,False,True,False,False,False,0,False,False,False,False,0,268.6,,INFANTRY|CHARACTER|PSYKER
chaos_knights_traitor_enforcer,Traitor Enforcer,Chaos Knights,3.0,3,5,7,4,6.0,1,6,1,0.667,4,0,1.0,12,4,0.667,6,-2,2.0,False,False,True,0,False,False,False,False,False,0,0,False,False,False,False,False,False,False,False,0,False,False,False,False,0,15.9,,CHARACTER|INFANTRY
chaos_knights_traitor_guardsmen_squad,Traitor Guardsmen Squad,Chaos Knights,1.0,3,5,7,7,6.0,2,7,1,0.5,3,0,1.0,24,1,0.5,3,0,1.0,False,False,False,1,False,False,False,False,False,0,0,False,False,False,False,False,False,False,False,0,False,False,False,False,0,6.6,,INFANTRY
chaos_space_marines_abaddon_the_despoiler,Abaddon the Despoiler,Chaos Space Marines,9.0,5,2,7,7,6.0,4,5,4,0.833,5,-1,2.0,24,8,0.833,14,-4,3.0,False,False,False,0,False,False,False,False,False,0,1,False,False,False,False,False,False,False,True,0,False,False,False,False,0,352.4,,INFANTRY|CHARACTER
chaos_space_marines_accursed_cultists,Accursed Cultists,Chaos Space Marines,3.0,4,6,7,6,6.0,1,7,6,0.5,5,-1,2.0,1,6,0.5,5,-1,2.0,False,False,False,0,False,False,False,False,False,0,0,False,False,False,False,False,False,False,False,6,False,False,False,False,0,132.7,,INFANTRY
chaos_space_marines_chaos_bikers,Chaos Bikers,Chaos Space Marines,3.0,5,3,7,7,6.0,2,6,2,0.667,4,0,1.0,24,3,0.667,4,-1,1.08,False,False,True,2,False,False,False,False,False,0,0,False,False,False,False,False,False,False,False,0,False,False,False,False,0,48.2,,MOUNTED
chaos_space_marines_chaos_deimos_predator_legends,Chaos Deimos Predator [Legends],Chaos Space Marines,11.0,10,3,7,7,6.0,3,6,2,0.667,12,-4,3.5,18,3,0.5,6,0,1.0,False,False,False,0,False,False,False,False,False,4,0,False,False,False,False,False,False,False,False,0,False,False,False,False,2,510.1,,VEHICLE
chaos_space_marines_chaos_land_raider,Chaos Land Raider,Chaos Space Marines,16.0,12,2,7,7,6.0,5,6,2,0.667,12,-3,4.5,48,6,0.5,8,0,1.0,False,False,False,0,False,False,False,False,False,0,0,False,False,False,False,False,False,False,False,0,False,False,False,False,3,1001.4,,VEHICLE
chaos_space_marines_chaos_lord,Chaos Lord,Chaos Space Marines,5.0,4,3,7,5,6.0,1,6,1,0.833,8,-3,2.0,12,5,0.833,8,-2,2.0,False,False,True,0,False,False,False,False,False,0,0,False,False,False,False,True,False,False,False,0,False,False,False,False,0,115.6,,INFANTRY|CHARACTER
chaos_space_marines_chaos_lord_in_terminator_armour,Chaos Lord in Terminator Armour,Chaos Space Marines,6.0,5,2,7,5,6.0,1,6,2,0.833,4,0,1.0,24,6,0.833,5,-2,2.0,False,False,False,2,False,False,False,False,False,0,0,False,False,False,False,False,False,False,True,0,False,False,False,False,0,153.7,,INFANTRY|CHARACTER
chaos_space_marines_chaos_lord_on_bike_legends,Chaos Lord on Bike [Legends],Chaos Space Marines,6.0,5,3,7,5,6.0,2,6,1,0.833,8,-3,2.0,12,5,0.833,8,-2,2.0,False,False,True,0,False,False,False,False,False,0,0,False,False,False,False,True,False,False,False,0,False,False,False,False,0,145.6,,MOUNTED|CHARACTER
chaos_space_marines_chaos_lord_on_disc_of_tzeentch_legends,Chaos Lord on Disc of Tzeentch [Legends],Chaos Space Marines,6.0,4,3,7,5,6.0,1,6,1,0.833,8,-3,2.0,12,5,0.833,8,-2,2.0,False,False,True,0,False,False,False,False,False,0,0,False,False,False,False,True,False,False,False,0,False,False,False,True,0,123.1,,INFANTRY|CHARACTER|FLY
chaos_space_marines_chaos_lord_on_juggernaut_legends,Chaos Lord on Juggernaut [Legends],Chaos Space Marines,7.0,6,2,7,5,6.0,2,6,1,0.833,8,-3,2.0,12,5,0.833,8,-2,2.0,False,False,True,0,False,False,False,False,False,0,0,False,False,False,False,True,False,False,False,0,False,False,False,False,0,235.6,,MOUNTED|CHARACTER
chaos_space_marines_chaos_lord_on_palanquin_of_nurgle_legends,Chaos Lord on Palanquin of Nurgle [Legends],Chaos Space Marines,8.0,5,3,7,5,6.0,2,6,1,0.833,8,-3,2.0,12,5,0.833,8,-2,2.0,False,False,True,0,False,False,False,False,False,0,0,False,False,False,False,True,False,False,False,0,False,False,False,False,0,168.1,,INFANTRY|CHARACTER
chaos_space_marines_chaos_lord_on_steed_of_slaanesh_legends,Chaos Lord on Steed of Slaanesh [Legends],Chaos Space Marines,6.0,5,3,7,5,6.0,2,6,1,0.833,8,-3,2.0,12,5,0.833,8,-2,2.0,False,False,True,0,False,False,False,False,False,0,0,False,False,False,False,True,False,False,False,0,False,False,False,False,0,145.6,,MOUNTED|CHARACTER
chaos_space_marines_chaos_lord_with_jump_pack,Chaos Lord with Jump Pack,Chaos Space Marines,5.0,4,3,7,5,6.0,1,6,1,0.833,8,-3,2.0,12,5,0.833,8,-2,2.0,False,False,True,0,False,False,False,False,False,0,0,False,False,False,False,True,False,False,True,0,False,False,False,True,0,115.6,,CHARACTER|INFANTRY|FLY
chaos_space_marines_chaos_predator_annihilator,Chaos Predator Annihilator,Chaos Space Marines,11.0,10,3,7,7,6.0,4,6,1,0.667,14,-3,4.5,48,3,0.5,6,0,1.0,False,False,False,0,True,False,False,False,False,0,0,False,False,False,False,False,False,False,False,0,False,False,False,False,2,388.2,,VEHICLE
chaos_space_marines_chaos_predator_destructor,Chaos Predator Destructor,Chaos Space Marines,11.0,10,3,7,7,6.0,4,6,4,0.667,9,-1,3.0,48,3,0.5,6,0,1.0,False,False,False,2,False,False,False,False,False,0,0,False,False,False,False,False,False,False,False,0,False,False,False,False,2,472.6,,VEHICLE
chaos_space_marines_chaos_rhino,Chaos Rhino,Chaos Space Marines,10.0,9,3,7,7,6.0,2,6,4,0.667,5,0,1.0,48,3,0.5,6,0,1.0,False,False,False,0,False,False,False,False,False,0,0,False,False,True,False,False,False,False,False,0,False,False,False,False,2,260.0,,VEHICLE
chaos_space_marines_chaos_spawn,Chaos Spawn,Chaos Space Marines,4.0,5,4,7,5,6.0,1,7,6,0.5,5,-1,2.0,1,6,0.5,5,-1,2.0,False,False,False,0,False,False,False,False,False,0,0,False,False,False,False,False,False,False,False,0,False,False,False,False,0,153.7,,BEAST
chaos_space_marines_chaos_terminator_squad,Chaos Terminator Squad,Chaos Space Marines,3.0,5,2,7,7,6.0,1,6,1,0.583,4,0,1.0,24,3,0.644,7,-2,1.6,False,False,False,2,False,True,True,False,False,0,0,True,False,False,False,False,False,False,True,0,False,False,False,False,0,77.1,INFANTRY:4,INFANTRY
chaos_space_marines_chaos_vindicator,Chaos Vindicator,Chaos Space Marines,11.0,11,2,7,7,6.0,3,6,6,0.667,14,-3,3.5,24,3,0.5,6,0,1.0,False,False,False,0,False,False,False,False,False,0,0,False,False,True,False,False,False,False,False,0,False,False,False,False,2,1206.3,,VEHICLE
chaos_space_marines_chosen,Chosen,Chaos Space Marines,3.0,4,3,7,7,6.0,1,6,1,0.611,4,0,1.0,24,4,0.667,6,-2,1.2,False,False,True,1,False,False,False,False,False,0,0,True,False,False,False,False,False,False,False,0,False,False,False,False,0,32.1,INFANTRY:4,INFANTRY
chaos_space_marines_cultist_firebrand,Cultist Firebrand,Chaos Space Marines,4.0,4,4,7,5,6.0,1,6,6,1.0,5,-1,1.0,12,4,0.5,4,0,1.0,False,False,False,0,False,True,True,False,False,0,0,False,False,False,False,False,False,False,False,0,False,False,False,False,0,166.2,,CHARACTER|INFANTRY
chaos_space_marines_cultist_mob,Cultist Mob,Chaos Space Marines,1.0,3,6,7,7,6.0,1,7,1,0.5,3,0,1.0,12,2,0.5,3,0,1.0,False,False,True,0,False,False,False,False,False,0,0,False,False,False,False,False,False,False,False,0,False,False,False,False,0,6.0,,INFANTRY|BATTLELINE
chaos_space_marines_cultist_mob_with_firearms_legends,Cultist Mob with Firearms [Legends],Chaos Space Marines,1.0,3,6,7,7,6.0,1,7,3,0.595,5,-1,1.29,12,2,0.5,3,0,1.0,False,True,True,3,False,True,True,False,False,0,0,False,False,False,False,False,False,False,False,0,False,False,False,False,0,46.6,,INFANTRY|BATTLELINE
chaos_space_marines_cypher,Cypher,Chaos Space Marines,5.0,4,3,7,7,6.0,1,6,3,0.833,8,-3,2.0,12,3,0.833,8,-3,2.0,True,False,True,0,False,False,False,False,False,0,1,False,False,False,False,False,False,False,False,0,False,False,True,False,0,271.8,,INFANTRY|CHARACTER
chaos_space_marines_dark_apostle,Dark Apostle,Chaos Space Marines,4.0,4,3,7,5,6.0,1,5,1,0.667,4,0,1.0,12,2,0.611,4,0,1.33,False,False,True,0,False,False,False,False,False,0,0,False,False,False,False,False,False,False,False,0,False,False,False,False,0,37.5,,CHARACTER|INFANTRY
chaos_space_marines_dark_commune,Dark Commune,Chaos Space Marines,4.0,3,6,7,7,6.0,1,6,2,0.556,4,0,1.33,12,1,0.5,3,0,1.33,False,False,True,0,False,False,False,False,False,0,2,False,False,False,False,True,False,False,False,0,False,False,False,False,0,22.9,,CHARACTER|INFANTRY|PSYKER
chaos_space_marines_defiler,Defiler,Chaos Space Marines,14.0,10,3,7,7,6.0,5,6,6,0.667,10,-1,3.0,48,5,0.667,16,-3,4.5,False,False,False,0,False,False,False,False,False,0,0,False,False,True,False,False,False,False,False,0,False,False,False,False,2,680.8,,VEHICLE|WALKER|DAEMON
chaos_space_marines_exalted_champion_legends,Exalted Champion [Legends],Chaos Space Marines,4.0,4,3,7,5,6.0,1,6,1,0.667,4,0,1.0,12,5,0.833,5,-2,2.0,False,False,True,0,False,False,False,False,False,0,0,False,False,False,False,False,False,False,False,0,False,False,False,False,0,37.5,,INFANTRY|CHARACTER
chaos_space_marines_fabius_bile,Fabius Bile,Chaos Space Marines,5.0,4,3,7,5,6.0,1,6,3,0.833,2,-1,2.0,18,6,0.833,5,-1,3.0,False,False,True,0,False,False,False,False,False,0,0,False,False,False,False,False,False,False,False,0,False,False,False,False,0,65.6,INFANTRY:2,INFANTRY|CHARACTER
chaos_space_marines_fellgor_beastmen,Fellgor Beastmen,Chaos Space Marines,1.0,4,5,7,7,6.0,1,7,1,0.5,4,0,1.11,12,2,0.481,4,0,1.22,False,False,True,0,False,False,False,False,False,0,0,True,False,False,False,True,False,False,False,0,False,False,False,False,0,10.3,,INFANTRY
chaos_space_marines_forgefiend,Forgefiend,Chaos Space Marines,12.0,10,3,7,7,6.0,3,6,6,0.667,8,-1,2.0,36,5,0.667,7,0,2.0,False,False,False,0,False,False,False,False,False,0,0,False,False,False,False,False,False,False,False,0,False,False,False,False,2,495.1,,VEHICLE|WALKER|DAEMON
chaos_space_marines_gellerpox_infected_legends,Gellerpox Infected [Legends],Chaos Space Marines,1.0,5,6,7,5,6.0,1,7,4,1.0,5,0,1.0,12,4,0.5,6,-1,2.0,False,False,False,0,False,True,True,False,False,0,0,False,False,False,False,False,False,False,False,0,False,False,False,False,0,57.0,,INFANTRY
chaos_space_marines_haarken_worldclaimer,Haarken Worldclaimer,Chaos Space Marines,5.0,4,3,7,7,6.0,1,6,1,0.833,8,-3,3.0,12,6,0.833,5,-2,2.0,True,False,False,0,False,False,False,False,False,0,2,False,True,False,False,False,False,False,True,0,False,False,False,True,0,154.6,,INFANTRY|CHARACTER|FLY
chaos_space_marines_havocs,Havocs,Chaos Space Marines,2.0,5,3,7,7,6.0,1,6,3,0.667,8,-1,2.65,48,3,0.667,4,0,1.06,False,False,False,0,False,False,False,False,False,0,1,False,False,False,False,False,False,False,False,0,False,False,False,False,0,180.3,,INFANTRY
chaos_space_marines_helbrute,Helbrute,Chaos Space Marines,8.0,9,2,7,7,6.0,3,6,2,0.667,9,-4,3.5,18,5,0.5,14,-3,4.5,False,False,False,0,False,False,False,False,False,2,0,False,False,False,False,False,False,False,False,0,False,False,False,False,1,622.6,,VEHICLE|WALKER
chaos_space_marines_heldrake,Heldrake,Chaos Space Marines,12.0,9,3,7,7,6.0,1,6,6,1.0,6,-1,2.0,12,5,0.667,7,-1,2.0,False,False,False,0,False,True,True,False,False,0,0,False,False,False,False,False,False,False,False,0,False,False,False,True,2,562.5,,VEHICLE|FLY|DAEMON
chaos_space_marines_hell_talon_legends,Hell Talon [Legends],Chaos Space Marines,14.0,9,3,7,7,6.0,1,6,1,0.667,12,-3,4.5,48,6,0.5,6,0,1.0,False,False,False,0,True,False,False,False,False,0,0,False,False,False,False,False,False,False,False,0,False,False,False,True,2,455.7,,VEHICLE|FLY
chaos_space_marines_hellblade_legends,Hellblade [Legends],Chaos Space Marines,10.0,8,3,7,7,6.0,1,6,1,0.667,12,-3,4.5,48,3,0.5,6,0,1.0,False,False,False,0,True,False,False,False,False,0,0,False,False,False,False,False,False,False,False,0,False,False,False,True,2,365.7,,VEHICLE|FLY
chaos_space_marines_heretic_astartes_daemon_prince,Heretic Astartes Daemon Prince,Chaos Space Marines,10.0,10,2,7,5,6.0,3,6,3,0.833,5,-1,2.0,24,6,0.833,8,-2,3.0,False,False,False,0,False,False,False,False,False,0,0,False,False,False,False,False,False,False,False,0,False,False,False,False,2,562.5,,MONSTER|CHARACTER|DAEMON
chaos_space_marines_heretic_astartes_daemon_prince_with_wings,Heretic Astartes Daemon Prince with wings,Chaos Space Marines,10.0,9,2,7,5,6.0,3,6,3,0.833,5,-1,2.0,24,6,0.833,8,-2,3.0,False,False,False,0,False,False,False,False,False,0,0,False,False,False,False,False,False,False,True,0,False,False,False,True,2,562.5,,MONSTER|CHARACTER|DAEMON|FLY
chaos_space_marines_huron_blackheart,Huron Blackheart,Chaos Space Marines,5.0,4,3,7,7,6.0,1,6,4,1.0,6,-1,1.0,12,6,0.833,5,-2,2.0,False,False,False,0,False,True,True,False,False,0,0,False,False,False,False,False,False,False,False,0,False,False,False,False,0,116.2,,INFANTRY|CHARACTER
chaos_space_marines_khorne_berserkers,Khorne Berserkers,Chaos Space Marines,2.0,4,3,7,7,6.0,2,6,1,0.667,4,0,1.0,12,4,0.667,6,-1,1.44,False,False,True,0,False,False,False,False,False,0,0,False,False,False,False,False,False,False,False,0,False,False,False,False,0,22.5,,INFANTRY|BATTLELINE
chaos_space_marines_khorne_lord_of_skulls,Khorne Lord of Skulls,Chaos Space Marines,24.0,13,3,7,7,6.0,8,6,4,0.667,14,-4,5.5,18,5,0.667,16,-4,8.0,False,False,False,0,False,False,False,False,False,0,0,False,False,True,False,False,False,False,False,0,False,False,False,False,1,1262.2,,VEHICLE|TITANIC|TOWERING|DAEMON
chaos_space_marines_legionaries,Legionaries,Chaos Space Marines,2.0,4,3,7,7,6.0,2,6,1,0.667,4,0,1.18,12,3,0.667,4,0,1.0,False,False,True,0,False,False,False,False,False,2,0,False,False,False,False,False,False,False,False,0,False,False,False,False,0,24.5,,INFANTRY|BATTLELINE
chaos_space_marines_lord_discordant_on_helstalker,Lord Discordant on Helstalker,Chaos Space Marines,10.0,9,2,7,5,6.0,4,6,6,1.0,6,-1,2.0,12,4,0.833,6,-2,2.0,False,False,False,0,False,True,True,False,True,0,0,False,False,False,False,False,False,False,False,0,False,False,False,False,0,742.5,,MOUNTED|CHARACTER|DAEMON
chaos_space_marines_lucius_the_eternal,Lucius the Eternal,Chaos Space Marines,5.0,4,3,7,7,6.0,1,6,4,1.0,6,-1,1.0,12,8,0.833,5,-2,2.0,False,False,False,0,False,False,True,False,False,0,0,False,True,False,False,False,False,False,False,0,False,False,False,False,0,116.2,,INFANTRY|CHARACTER
chaos_space_marines_master_of_executions,Master of Executions,Chaos Space Marines,4.0,4,3,7,5,6.0,1,6,1,0.667,4,0,1.0,12,5,0.833,7,-2,2.0,False,False,True,0,False,False,False,False,False,0,0,False,True,False,False,False,False,False,False,0,False,False,False,False,0,37.5,,INFANTRY|CHARACTER
chaos_space_marines_master_of_possession,Master of Possession,Chaos Space Marines,4.0,4,3,7,5,6.0,1,6,2,0.667,6,-3,3.0,18,4,0.667,6,-1,2.0,False,False,True,0,False,False,False,False,False,0,0,False,True,False,False,True,False,False,False,0,False,False,False,False,0,180.1,PSYKER:2,INFANTRY|CHARACTER|PSYKER
chaos_space_marines_maulerfiend,Maulerfiend,Chaos Space Marines,12.0,10,3,7,7,6.0,3,6,2,0.667,9,-4,3.5,6,6,0.667,14,-2,4.5,False,False,False,0,False,False,False,False,False,2,0,False,False,False,False,False,False,False,False,0,False,False,False,False,2,532.6,,VEHICLE|WALKER|DAEMON
chaos_space_marines_mutilators_legends,Mutilators [Legends],Chaos Space Marines,4.0,7,2,7,7,6.0,2,6,4,0.667,6,-2,2.0,1,4,0.667,6,-2,2.0,False,False,False,0,False,False,False,False,False,0,0,False,False,False,False,False,False,False,True,0,False,False,False,False,0,250.1,,INFANTRY|DAEMON
chaos_space_marines_mutoid_vermin_legends,Mutoid Vermin [Legends],Chaos Space Marines,1.0,2,7,7,6,6.0,1,8,2,0.5,2,0,1.0,1,2,0.5,2,0,1.0,False,False,False,0,False,False,False,True,False,0,0,False,False,False,False,False,False,False,False,0,False,False,False,False,0,5.2,,SWARM
chaos_space_marines_negavolt_cultists_legends,Negavolt Cultists [Legends],Chaos Space Marines,1.0,3,7,7,5,6.0,1,7,3,0.667,4,0,1.0,1,3,0.667,4,0,1.0,False,False,False,0,False,False,False,False,False,0,2,False,False,False,False,False,False,False,False,0,False,False,False,False,0,24.4,,INFANTRY
chaos_space_marines_nemesis_claw,Nemesis Claw,Chaos Space Marines,2.0,4,3,7,7,6.0,1,6,1,0.661,4,0,1.11,12,3,0.667,4,-1,1.06,False,True,True,0,False,False,False,False,False,2,1,False,False,False,False,False,False,True,False,0,False,False,False,False,0,23.8,,INFANTRY|PSYKER
chaos_space_marines_noctilith_crown,Noctilith Crown,Chaos Space Marines,14.0,11,3,7,7,6.0,1,6,8,0.5,8,-1,2.0,6,0,0.0,4,0,0.0,False,False,False,0,False,False,False,False,False,0,0,False,False,False,False,False,False,False,False,0,False,False,False,False,3,540.0,,
chaos_space_marines_noise_marines,Noise Marines,Chaos Space Marines,2.0,4,3,7,7,6.0,1,6,2,0.668,4,0,1.05,12,3,0.667,4,0,1.03,True,True,True,0,False,False,True,False,False,0,0,False,False,False,False,False,False,False,False,0,False,False,False,False,0,27.4,,INFANTRY
chaos_space_marines_obliterators,Obliterators,Chaos Space Marines,5.0,7,2,7,7,6.0,2,6,2,0.667,12,-3,4.0,18,4,0.667,9,-2,2.0,False,False,False,0,False,False,False,False,False,2,0,False,False,False,False,False,False,False,True,0,False,False,False,False,0,362.6,,INFANTRY|DAEMON
chaos_space_marines_plague_marines,Plague Marines,Chaos Space Marines,2.0,5,3,7,5,6.0,2,6,2,0.762,6,-2,2.0,24,3,0.633,5,-1,1.2,False,False,False,0,False,True,True,True,False,2,0,False,False,False,False,False,False,False,False,0,False,False,False,False,0,120.6,INFANTRY:2,INFANTRY|BATTLELINE
chaos_space_marines_possessed,Possessed,Chaos Space Marines,3.0,6,3,7,7,6.0,1,6,4,0.667,5,-1,2.0,1,4,0.667,5,-1,2.0,False,False,False,0,False,False,False,False,False,0,0,False,False,False,False,False,False,False,False,0,False,False,False,False,0,153.8,,INFANTRY|DAEMON
chaos_space_marines_raptors,Raptors,Chaos Space Marines,2.0,4,3,7,7,6.0,1,6,1,0.667,4,0,1.0,12,4,0.667,4,-1,1.11,False,False,True,0,False,False,False,False,False,0,0,False,False,False,False,False,False,False,True,0,False,False,False,True,0,22.5,,INFANTRY|FLY
chaos_space_marines_renegade_enforcer_legends,Renegade Enforcer [Legends],Chaos Space Marines,3.0,3,5,7,5,6.0,1,6,2,0.667,4,0,1.0,18,3,0.667,6,-2,2.0,True,False,False,0,False,False,False,False,False,0,0,False,False,False,False,False,False,False,False,0,False,False,False,False,0,23.4,,INFANTRY|CHARACTER
chaos_space_marines_renegade_heavy_weapons_squad_legends,Renegade Heavy Weapons Squad [Legends],Chaos Space Marines,2.0,3,5,7,7,6.0,2,7,1,0.417,8,-2,2.75,24,2,0.5,3,0,1.0,False,True,False,1,False,False,False,False,False,0,0,False,False,False,False,False,False,False,False,0,False,False,False,False,0,48.6,,INFANTRY
chaos_space_marines_renegade_ogryn_beast_handler_legends,Renegade Ogryn Beast Handler [Legends],Chaos Space Marines,4.0,6,5,7,7,6.0,1,7,3,0.667,5,0,1.33,1,3,0.667,5,0,1.33,False,False,False,0,False,False,False,False,False,0,0,False,False,False,False,False,False,False,False,0,False,False,False,False,0,58.1,,BEAST
chaos_space_marines_renegade_ogryn_brutes_legends,Renegade Ogryn Brutes [Legends],Chaos Space Marines,3.0,6,5,7,7,6.0,1,7,3,0.667,7,-1,2.0,1,3,0.667,7,-1,2.0,False,False,False,0,False,False,False,False,False,0,0,False,False,False,False,False,False,False,False,0,False,False,False,False,0,106.9,,INFANTRY
chaos_space_marines_renegade_plague_ogryns_legends,Renegade Plague Ogryns [Legends],Chaos Space Marines,3.0,7,5,7,6,6.0,1,7,3,0.667,6,-1,2.0,1,3,0.667,6,-1,2.0,False,False,False,0,False,False,False,True,False,0,0,False,False,False,False,False,False,False,False,0,False,False,False,False,0,106.9,,INFANTRY
chaos_space_marines_rogue_psyker_legends,Rogue Psyker [Legends],Chaos Space Marines,3.0,3,5,7,4,6.0,1,7,6,0.667,6,-2,2.0,12,1,0.5,6,-1,2.0,False,False,False,0,False,False,False,False,False,0,0,True,False,True,False,True,False,False,False,0,False,False,False,False,0,268.6,,INFANTRY|CHARACTER|PSYKER
chaos_space_marines_rubric_marines,Rubric Marines,Chaos Space Marines,2.0,4,3,7,7,6.0,2,6,4,0.955,4,-1,1.0,12,2,0.667,4,0,1.09,False,False,True,0,False,True,True,False,False,0,0,True,False,False,False,False,False,False,False,0,False,False,False,False,0,74.0,INFANTRY:4,INFANTRY|BATTLELINE|PSYKER
chaos_space_marines_sorcerer,Sorcerer,Chaos Space Marines,4.0,4,3,7,5,6.0,1,6,4,0.667,6,-2,2.0,24,4,0.667,6,-1,2.0,False,False,False,0,False,False,False,False,False,0,0,True,False,False,False,True,False,False,False,0,False,False,False,False,0,170.1,,INFANTRY|CHARACTER|PSYKER
chaos_space_marines_sorcerer_in_terminator_armour,Sorcerer in Terminator Armour,Chaos Space Marines,5.0,5,2,7,5,6.0,1,6,4,0.667,6,-2,2.0,24,4,0.667,6,-1,2.0,False,False,False,0,False,False,False,False,False,0,0,True,False,False,False,True,False,False,True,0,False,False,False,False,0,252.6,,INFANTRY|CHARACTER|PSYKER
chaos_space_marines_sorcerer_on_bike_legends,Sorcerer on Bike [Legends],Chaos Space Marines,5.0,5,3,7,5,6.0,2,6,4,0.667,6,-2,2.0,24,5,0.833,8,-2,2.0,False,False,False,0,False,False,False,False,False,0,0,True,False,False,False,True,False,False,False,0,False,False,False,False,0,196.3,,MOUNTED|CHARACTER|PSYKER
chaos_space_marines_sorcerer_on_disc_of_tzeentch_legends,Sorcerer on Disc of Tzeentch [Legends],Chaos Space Marines,5.0,4,3,7,5,6.0,1,6,4,0.667,6,-2,2.0,24,5,0.833,8,-2,2.0,False,False,False,0,False,False,False,False,False,0,0,True,False,False,False,True,False,False,False,0,False,False,False,True,0,177.6,,INFANTRY|CHARACTER|PSYKER|FLY
chaos_space_marines_sorcerer_on_palanquin_of_nurgle_legends,Sorcerer on Palanquin of Nurgle [Legends],Chaos Space Marines,7.0,5,3,7,5,6.0,2,6,4,0.667,6,-2,2.0,24,5,0.833,8,-2,2.0,False,False,False,0,False,False,False,False,False,0,0,True,False,False,False,True,False,False,False,0,False,False,False,False,0,218.8,,INFANTRY|CHARACTER|PSYKER
chaos_space_marines_sorcerer_on_steed_of_slaanesh_legends,Sorcerer on Steed of Slaanesh [Legends],Chaos Space Marines,5.0,5,3,7,5,6.0,2,6,4,0.667,6,-2,2.0,24,5,0.833,8,-2,2.0,False,False,False,0,False,False,False,False,False,0,0,True,False,False,False,True,False,False,False,0,False,False,False,False,0,196.3,,MOUNTED|CHARACTER|PSYKER
chaos_space_marines_traitor_enforcer,Traitor Enforcer,Chaos Space Marines,3.0,3,5,7,4,6.0,1,6,1,0.667,4,0,1.0,12,4,0.667,6,-2,2.0,False,False,True,0,False,False,False,False,False,0,0,False,False,False,False,False,False,False,False,0,False,False,False,False,0,15.9,,CHARACTER|INFANTRY
chaos_space_marines_traitor_guardsmen_squad,Traitor Guardsmen Squad,Chaos Space Marines,1.0,3,5,7,7,6.0,2,7,1,0.5,3,0,1.0,24,1,0.5,3,0,1.0,False,False,False,1,False,False,False,False,False,0,0,False,False,False,False,False,False,False,False,0,False,False,False,False,0,6.6,,INFANTRY
chaos_space_marines_vashtorr_the_arkifane,Vashtorr the Arkifane,Chaos Space Marines,14.0,10,2,7,7,6.0,3,6,4,1.0,5,-2,1.0,12,6,0.833,14,-2,3.0,False,False,False,0,False,False,True,False,False,0,0,False,False,False,False,False,False,False,True,0,False,False,False,True,2,735.0,VEHICLE:4,MONSTER|CHARACTER|FLY|DAEMON
chaos_space_marines_venomcrawler,Venomcrawler,Chaos Space Marines,9.0,9,3,7,7,6.0,3,6,6,0.667,6,-1,2.0,36,6,0.667,6,-1,2.0,False,False,False,0,False,False,False,False,False,0,0,False,False,False,False,False,False,False,False,0,False,False,False,False,2,382.6,,VEHICLE|WALKER|DAEMON
chaos_space_marines_warp_talons,Warp Talons,Chaos Space Marines,2.0,4,3,7,7,6.0,1,6,4,0.667,5,-2,1.0,1,4,0.667,5,-2,1.0,False,False,False,0,True,False,False,False,False,0,0,False,False,False,False,False,False,False,True,0,False,False,False,True,0,95.0,,INFANTRY|FLY|DAEMON
chaos_space_marines_warpsmith,Warpsmith,Chaos Space Marines,4.0,4,2,7,5,6.0,1,6,1,0.833,8,-4,2.0,6,4,0.667,6,-2,2.0,False,False,True,0,False,False,False,False,False,1,0,False,False,False,False,False,False,False,False,0,False,False,False,False,0,153.7,,INFANTRY|CHARACTER
dark_angels_asmodai,Asmodai,Dark Angels,4.0,4,3,7,7,6.0,1,5,1,0.667,4,-1,1.0,18,5,0.833,6,-2,2.0,False,False,True,0,False,False,False,False,False,0,0,False,False,False,False,False,False,False,False,0,False,False,False,False,0,41.3,,CHARACTER|INFANTRY
dark_angels_azrael,Azrael,Dark Angels,6.0,4,2,7,4,6.0,1,6,2,0.833,8,-3,2.0,24,6,0.833,6,-4,2.0,False,False,False,1,False,False,False,False,False,0,0,True,False,False,False,False,False,False,False,0,False,False,False,False,0,246.2,INFANTRY:4,CHARACTER|INFANTRY
dark_angels_belial,Belial,Dark Angels,6.0,5,2,7,7,6.0,1,6,2,0.833,4,0,2.0,24,6,0.833,6,-2,2.0,False,False,False,2,False,False,False,False,False,0,0,False,True,False,False,False,False,False,True,0,False,False,False,False,0,172.5,,CHARACTER|INFANTRY
dark_angels_deathwing_command_squad_legends,Deathwing Command Squad [Legends],Dark Angels,3.0,5,2,7,4,6.0,1,6,2,0.667,4,0,1.23,24,4,0.571,7,-2,1.69,False,False,False,2,False,False,False,False,False,0,0,False,True,False,False,False,False,False,True,0,False,False,False,False,0,85.9,,INFANTRY
dark_angels_deathwing_knights,Deathwing Knights,Dark Angels,4.0,5,2,7,4,6.0,1,6,5,0.833,6,-2,2.0,1,5,0.833,6,-2,2.0,False,False,False,0,False,False,False,True,False,0,0,False,False,False,False,False,False,False,True,0,False,False,False,False,0,349.9,,INFANTRY
dark_angels_deathwing_strikemaster_legends,Deathwing Strikemaster [Legends],Dark Angels,5.0,5,2,7,4,6.0,1,6,2,0.833,4,0,1.0,24,5,0.833,6,-1,3.0,False,False,False,2,False,False,False,False,False,0,0,False,False,False,False,False,False,False,True,0,False,False,False,False,0,131.2,,CHARACTER|INFANTRY
dark_angels_deathwing_terminator_squad,Deathwing Terminator Squad,Dark Angels,3.0,5,2,7,4,6.0,1,6,2,0.667,4,0,1.23,24,3,0.53,8,-2,1.91,False,False,False,2,False,False,False,False,False,0,0,False,False,False,False,False,False,False,True,0,False,False,False,False,0,85.9,,INFANTRY
dark_angels_ezekiel,Ezekiel,Dark Angels,4.0,4,2,7,4,6.0,1,6,1,0.833,6,-2,3.5,12,4,0.833,6,-2,2.0,False,False,False,0,False,False,False,False,False,0,0,True,True,False,False,False,False,False,False,0,False,False,False,False,0,147.5,,CHARACTER|INFANTRY|PSYKER
dark_angels_inner_circle_companions,Inner Circle Companions,Dark Angels,3.0,4,3,7,5,6.0,2,6,1,0.667,4,-1,1.0,18,4,0.667,6,-2,2.0,False,False,True,0,False,False,False,False,False,0,0,False,False,False,False,False,False,False,False,0,False,False,False,False,0,33.8,,INFANTRY
dark_angels_land_speeder_vengeance,Land Speeder Vengeance,Dark Angels,10.0,8,3,7,5,6.0,3,6,4,0.667,9,-3,2.0,36,4,0.667,4,0,1.0,False,False,False,0,True,False,False,False,False,0,0,False,False,True,False,True,False,False,False,0,False,False,False,True,2,506.4,,FLY|VEHICLE
dark_angels_lazarus,Lazarus,Dark Angels,5.0,4,3,7,3,6.0,1,6,1,0.833,4,0,1.0,12,6,0.833,6,-3,2.0,False,False,True,0,False,False,False,False,False,0,0,False,False,False,False,False,False,False,False,0,False,False,False,False,0,46.9,,CHARACTER|INFANTRY
dark_angels_lion_el_jonson,Lion El'Jonson,Dark Angels,10.0,9,2,7,4,6.0,4,5,4,0.833,4,-1,2.0,12,8,0.833,12,-4,4.0,False,False,True,0,False,False,False,False,False,0,0,False,False,False,False,False,False,False,True,0,False,False,False,False,0,562.5,,CHARACTER|MONSTER
dark_angels_nephilim_jetfighter,Nephilim Jetfighter,Dark Angels,11.0,8,3,7,5,6.0,1,6,10,0.667,5,-1,2.0,36,3,0.5,6,0,1.0,False,False,False,0,False,False,False,False,False,0,1,False,False,False,False,False,False,False,False,0,False,False,False,True,2,547.7,,VEHICLE|FLY
dark_angels_ravenwing_black_knights,Ravenwing Black Knights,Dark Angels,3.0,5,3,7,5,6.0,2,6,1,0.667,6,-1,1.5,18,3,0.667,5,-2,1.0,False,False,True,1,False,False,False,False,False,0,0,False,False,False,False,True,False,False,False,0,False,False,False,False,0,65.6,,MOUNTED
dark_angels_ravenwing_command_squad,Ravenwing Command Squad,Dark Angels,4.0,5,3,7,5,6.0,2,6,2,0.667,7,-2,1.67,18,4,0.722,5,-2,1.33,False,False,True,1,False,False,False,False,False,0,0,False,False,False,False,True,False,False,False,0,False,False,False,False,0,100.6,,MOUNTED|CHARACTER
dark_angels_ravenwing_dark_talon,Ravenwing Dark Talon,Dark Angels,11.0,8,3,7,5,6.0,1,6,3,0.667,16,-4,3.0,18,3,0.5,6,0,1.0,False,False,False,0,False,False,False,False,False,0,0,True,False,True,False,False,False,False,False,0,False,False,False,True,2,585.2,,FLY|VEHICLE
dark_angels_ravenwing_darkshroud,Ravenwing Darkshroud,Dark Angels,10.0,8,3,7,5,6.0,3,6,3,0.667,5,-1,2.0,36,4,0.667,4,0,1.0,False,False,False,0,False,False,False,False,False,0,1,False,False,False,False,False,False,False,False,0,False,False,False,True,2,315.0,,FLY|VEHICLE
dark_angels_ravenwing_talonmaster_legends,Ravenwing Talonmaster [Legends],Dark Angels,6.0,7,3,7,4,6.0,2,6,3,0.667,5,-1,2.0,36,5,0.667,5,-2,1.0,False,False,False,0,True,False,False,False,False,0,1,False,False,False,False,False,False,False,False,0,False,False,False,True,1,157.5,,VEHICLE|CHARACTER|FLY
dark_angels_sammael,Sammael,Dark Angels,7.0,5,3,7,7,6.0,2,6,2,0.833,8,-3,2.0,36,6,0.833,6,-3,2.0,False,False,False,0,False,False,False,False,False,0,0,False,False,True,False,False,False,False,False,0,False,False,False,True,0,234.9,,CHARACTER|MOUNTED|FLY
death_guard_biologus_putrifier,Biologus Putrifier,Death Guard,4.0,5,3,7,7,6.0,1,6,4,0.667,5,-1,2.0,12,4,0.667,4,0,1.0,True,False,False,0,False,False,False,True,False,0,0,False,False,True,False,False,False,False,False,0,False,False,False,False,1,150.1,,INFANTRY|CHARACTER
death_guard_blightlord_terminators,Blightlord Terminators,Death Guard,3.0,6,2,7,7,6.0,1,6,2,0.639,5,0,1.17,24,4,0.667,5,-2,1.14,False,False,False,1,False,True,True,True,False,0,1,True,False,False,False,False,False,False,True,0,False,False,False,False,0,90.8,INFANTRY:2,INFANTRY
death_guard_chaos_lord_on_palanquin_of_nurgle_legends,Chaos Lord on Palanquin of Nurgle [Legends],Death Guard,8.0,5,3,7,7,6.0,2,6,1,0.833,8,-3,2.0,12,5,0.833,8,-2,2.0,False,False,True,0,False,False,False,False,False,0,0,False,False,False,False,True,False,False,False,0,False,False,False,False,0,168.1,,INFANTRY|CHARACTER
death_guard_death_guard_chaos_lord,Death Guard Chaos Lord,Death Guard,5.0,5,3,7,7,6.0,1,6,1,0.833,8,-3,2.0,12,5,0.667,8,-2,2.0,False,False,True,0,False,False,False,False,False,0,0,False,False,False,False,True,False,False,False,0,False,False,False,False,0,134.3,,INFANTRY|CHARACTER
death_guard_death_guard_chaos_lord_in_terminator_armour,Death Guard Chaos Lord in Terminator Armour,Death Guard,6.0,6,2,7,7,6.0,1,6,2,0.667,4,0,1.0,24,5,0.833,8,-2,2.0,False,False,False,2,False,False,False,True,False,0,0,False,False,False,False,False,False,False,True,0,False,False,False,False,0,150.0,,INFANTRY|CHARACTER
death_guard_death_guard_chaos_spawn,Death Guard Chaos Spawn,Death Guard,4.0,5,4,7,5,6.0,1,7,6,0.5,5,-1,2.0,1,6,0.5,5,-1,2.0,False,False,False,0,False,False,False,False,False,0,0,False,False,False,False,False,False,False,False,0,False,False,False,False,0,153.7,,BEAST
death_guard_death_guard_cultists,Death Guard Cultists,Death Guard,1.0,3,6,7,7,6.0,1,7,1,0.535,4,0,1.11,24,2,0.5,3,0,1.0,False,False,False,3,False,True,True,False,False,0,0,False,False,False,False,False,False,False,False,6,False,False,False,False,0,12.1,,INFANTRY
death_guard_death_guard_daemon_prince,Death Guard Daemon Prince,Death Guard,10.0,11,2,7,6,6.0,3,6,4,1.0,5,-1,1.0,12,6,0.833,8,-2,3.0,False,False,False,0,False,True,True,False,False,0,0,False,False,False,False,False,False,False,False,0,False,False,False,False,2,528.8,INFANTRY:2,MONSTER|CHARACTER|PSYKER|DAEMON
death_guard_death_guard_daemon_prince_with_wings,Death Guard Daemon Prince with wings,Death Guard,10.0,10,2,7,7,6.0,3,6,4,1.0,5,-1,1.0,12,6,0.833,8,-2,3.0,False,False,False,0,False,True,True,False,False,0,0,False,False,False,False,False,False,False,True,0,False,False,False,True,2,528.8,INFANTRY:2,MONSTER|CHARACTER|PSYKER|DAEMON|FLY
death_guard_death_guard_defiler,Death Guard Defiler,Death Guard,14.0,10,3,7,7,6.0,5,6,6,0.667,10,-1,3.0,48,5,0.667,16,-3,4.5,False,False,False,0,False,False,False,False,False,0,0,False,False,True,False,False,False,False,False,0,False,False,False,False,2,680.8,,VEHICLE|WALKER|DAEMON
death_guard_death_guard_helbrute,Death Guard Helbrute,Death Guard,8.0,9,2,7,7,6.0,3,6,2,0.667,9,-4,3.5,18,5,0.5,14,-3,4.5,False,False,False,0,False,False,False,False,False,2,0,False,False,False,False,False,False,False,False,0,False,False,False,False,1,622.6,,VEHICLE|WALKER
death_guard_death_guard_icon_bearer,Death Guard Icon Bearer,Death Guard,4.0,5,3,7,7,6.0,1,5,2,0.667,4,0,1.0,24,4,0.667,4,0,1.0,False,False,False,0,False,False,False,True,False,0,0,False,False,False,False,False,False,False,False,0,False,False,False,False,0,60.0,,INFANTRY|CHARACTER
death_guard_death_guard_land_raider,Death Guard Land Raider,Death Guard,16.0,12,2,7,7,6.0,5,6,2,0.667,12,-3,4.5,48,6,0.5,8,0,1.0,False,False,False,0,False,False,False,False,False,0,0,False,False,False,False,False,False,False,False,0,False,False,False,False,3,1001.4,,VEHICLE
death_guard_death_guard_possessed_legends,Death Guard Possessed [Legends],Death Guard,3.0,6,3,7,7,6.0,1,6,4,0.667,5,-1,2.0,1,4,0.667,5,-1,2.0,False,False,False,0,False,False,False,False,False,0,0,False,False,False,False,False,False,False,False,0,False,False,False,False,0,153.8,,INFANTRY|DAEMON
death_guard_death_guard_predator_annihilator,Death Guard Predator Annihilator,Death Guard,11.0,10,3,7,7,6.0,4,6,1,0.667,14,-3,4.5,48,3,0.5,6,0,1.0,False,False,False,0,True,False,False,False,False,0,0,False,False,False,False,False,False,False,False,0,False,False,False,False,2,388.2,,VEHICLE
death_guard_death_guard_predator_destructor,Death Guard Predator Destructor,Death Guard,11.0,10,3,7,7,6.0,4,6,4,0.667,9,-1,3.0,48,3,0.5,6,0,1.0,False,False,False,2,False,False,False,False,False,0,0,False,False,False,False,False,False,False,False,0,False,False,False,False,2,472.6,,VEHICLE
death_guard_death_guard_rhino,Death Guard Rhino,Death Guard,10.0,9,3,7,7,6.0,2,6,4,0.667,5,0,1.0,48,3,0.5,6,0,1.0,False,False,False,0,False,False,False,False,False,0,0,False,False,True,False,False,False,False,False,0,False,False,False,False,2,260.0,,VEHICLE
death_guard_death_guard_sorcerer_in_terminator_armour,Death Guard Sorcerer in Terminator Armour,Death Guard,5.0,6,2,7,7,6.0,1,6,7,0.667,6,-2,1.0,24,6,0.833,5,-2,1.0,False,False,False,0,False,False,False,False,False,0,0,False,False,False,False,True,False,False,True,0,False,False,False,False,0,252.6,,INFANTRY|CHARACTER|PSYKER
death_guard_deathshroud_terminators,Deathshroud Terminators,Death Guard,3.0,6,2,7,7,6.0,1,6,4,1.0,3,0,1.0,12,4,0.833,8,-2,2.0,False,False,True,0,False,True,True,False,False,0,0,False,False,False,False,False,False,False,True,0,False,False,False,False,0,93.8,INFANTRY:4,INFANTRY
death_guard_foetid_bloat_drone,Foetid Bloat-drone,Death Guard,10.0,9,3,7,7,6.0,3,6,6,0.667,8,-2,2.0,36,10,0.667,7,-1,2.0,False,False,False,0,False,False,False,True,False,0,0,False,False,False,False,False,False,False,False,0,False,False,False,True,1,525.2,,VEHICLE|FLY|DAEMON
death_guard_foul_blightspawn,Foul Blightspawn,Death Guard,4.0,5,3,7,7,6.0,1,6,4,1.0,7,-2,2.0,12,4,0.667,4,0,1.0,False,False,False,0,False,True,True,False,False,0,0,False,False,False,False,False,False,False,False,0,False,False,False,False,0,255.0,INFANTRY:2,INFANTRY|CHARACTER
death_guard_gellerpox_infected_legends,Gellerpox Infected [Legends],Death Guard,1.0,5,6,7,5,6.0,1,7,4,1.0,5,0,1.0,12,4,0.5,6,-1,2.0,False,False,False,0,False,True,True,False,False,0,0,False,False,False,False,False,False,False,False,0,False,False,False,False,0,57.0,,INFANTRY
death_guard_hell_talon_legends,Hell Talon [Legends],Death Guard,14.0,9,3,7,7,6.0,1,6,1,0.667,12,-3,4.5,48,6,0.5,6,0,1.0,False,False,False,0,True,False,False,False,False,0,0,False,False,False,False,False,False,False,False,0,False,False,False,True,2,455.7,,VEHICLE|FLY
death_guard_hellblade_legends,Hellblade [Legends],Death Guard,10.0,8,3,7,7,6.0,1,6,1,0.667,12,-3,4.5,48,3,0.5,6,0,1.0,False,False,False,0,True,False,False,False,False,0,0,False,False,False,False,False,False,False,False,0,False,False,False,True,2,365.7,,VEHICLE|FLY
death_guard_lord_of_contagion,Lord of Contagion,Death Guard,6.0,6,2,7,7,6.0,1,6,5,0.833,8,-2,3.0,1,5,0.833,8,-2,3.0,False,False,False,0,False,False,False,True,False,0,0,False,False,False,False,False,False,False,True,0,False,False,False,False,0,603.6,,INFANTRY|CHARACTER
death_guard_lord_of_virulence,Lord of Virulence,Death Guard,6.0,6,2,7,7,6.0,1,6,4,1.0,5,-1,1.0,12,5,0.667,8,-2,2.0,False,False,False,0,True,True,True,False,False,0,0,False,False,False,False,False,False,False,True,0,False,False,False,False,0,213.8,INFANTRY:2,INFANTRY|CHARACTER
death_guard_malignant_plaguecaster,Malignant Plaguecaster,Death Guard,4.0,5,3,7,7,6.0,1,6,6,1.0,6,-2,2.0,12,4,0.667,6,-1,2.0,False,False,False,0,False,False,True,False,False,0,0,False,False,False,False,True,False,False,False,0,False,False,False,False,0,435.0,,INFANTRY|CHARACTER|PSYKER
death_guard_miasmic_malignifier,Miasmic Malignifier,Death Guard,12.0,10,3,7,7,6.0,1,6,7,1.0,3,0,1.0,6,0,0.0,4,0,0.0,False,False,False,0,False,True,True,False,False,0,0,False,False,False,False,False,False,False,False,0,True,False,False,False,2,322.5,,
death_guard_mortarion,Mortarion,Death Guard,16.0,12,2,7,5,6.0,6,5,6,0.833,7,-2,1.0,18,5,0.833,14,-3,4.0,False,False,False,0,False,False,False,True,False,0,0,True,False,True,False,False,False,False,True,0,False,False,False,True,3,882.4,,MONSTER|PSYKER|FLY|CHARACTER|DAEMON
death_guard_mutoid_vermin_legends,Mutoid Vermin [Legends],Death Guard,1.0,2,7,7,6,6.0,1,8,2,0.5,2,0,1.0,1,2,0.5,2,0,1.0,False,False,False,0,False,False,False,True,False,0,0,False,False,False,False,False,False,False,False,0,False,False,False,False,0,5.2,,SWARM
death_guard_myphitic_blight_haulers,Myphitic Blight-haulers,Death Guard,10.0,9,3,7,7,6.0,3,6,2,0.667,8,-2,2.67,12,4,0.667,6,-1,1.0,False,False,False,0,False,False,False,True,False,2,0,False,False,False,False,False,False,False,False,0,False,False,False,False,1,358.3,,VEHICLE|DAEMON
death_guard_noxious_blightbringer,Noxious Blightbringer,Death Guard,4.0,5,3,7,7,6.0,1,6,1,0.667,8,-3,2.0,12,5,0.667,4,0,2.0,False,False,True,0,False,False,False,False,False,0,0,False,False,False,False,True,False,False,False,0,False,False,False,False,0,107.5,,INFANTRY|CHARACTER
death_guard_plague_marines,Plague Marines,Death Guard,2.0,5,3,7,5,6.0,2,6,2,0.762,6,-2,2.0,24,3,0.633,5,-1,1.2,False,False,False,0,False,True,True,True,False,2,0,False,False,False,False,False,False,False,False,0,False,False,False,False,0,120.6,INFANTRY:2,INFANTRY|BATTLELINE
death_guard_plague_surgeon,Plague Surgeon,Death Guard,4.0,5,3,7,7,6.0,1,6,1,0.667,4,0,1.0,12,4,0.667,5,-2,2.0,False,False,True,0,False,False,False,True,False,0,0,False,False,False,False,False,False,False,False,0,False,False,False,False,0,52.5,,INFANTRY|CHARACTER
death_guard_plagueburst_crawler,Plagueburst Crawler,Death Guard,12.0,10,2,7,7,6.0,4,6,6,0.667,8,-1,2.0,48,3,0.5,6,0,1.0,False,False,False,0,False,False,False,True,False,0,0,False,False,True,True,False,False,False,False,0,False,False,False,False,2,783.9,,VEHICLE|DAEMON
death_guard_poxwalkers,Poxwalkers,Death Guard,1.0,4,7,7,5,6.0,1,8,2,0.333,3,0,1.0,1,2,0.333,3,0,1.0,False,False,False,0,False,False,False,True,False,0,0,False,False,False,False,False,False,False,False,0,False,False,False,False,0,7.5,,INFANTRY
death_guard_sorcerer_on_palanquin_of_nurgle_legends,Sorcerer on Palanquin of Nurgle [Legends],Death Guard,7.0,5,3,7,7,6.0,2,6,4,0.667,6,-2,2.0,24,5,0.833,8,-2,2.0,False,False,False,0,False,False,False,False,False,0,0,True,False,False,False,True,False,False,False,0,False,False,False,False,0,218.8,,INFANTRY|CHARACTER|PSYKER
death_guard_tallyman,Tallyman,Death Guard,4.0,5,3,7,7,6.0,1,6,1,0.667,8,-3,2.0,12,4,0.667,4,0,1.0,False,False,True,0,False,False,False,False,False,0,2,False,False,False,False,True,False,False,False,0,False,False,False,False,0,107.5,,INFANTRY|CHARACTER
death_guard_typhus,Typhus,Death Guard,6.0,6,2,7,7,6.0,1,6,5,0.833,9,-2,3.0,1,5,0.833,9,-2,3.0,False,False,False,0,False,False,False,True,False,0,0,False,False,False,False,False,False,False,True,0,False,False,False,False,0,603.6,,INFANTRY|CHARACTER|PSYKER
deathwatch_corvus_blackstar,Corvus Blackstar,Deathwatch,14.0,10,3,7,5,6.0,1,6,1,0.667,12,-3,4.5,48,3,0.5,6,0,1.0,False,False,False,0,True,False,False,False,False,0,0,False,False,False,False,False,False,True,False,0,False,False,False,True,3,455.7,,FLY|VEHICLE
deathwatch_deathwatch_terminator_squad,Deathwatch Terminator Squad,Deathwatch,3.0,5,2,7,5,6.0,1,6,5,0.667,5,-2,1.0,1,5,0.667,5,-2,1.0,False,False,False,0,True,False,False,False,False,0,0,False,False,False,False,False,False,False,True,0,False,False,False,False,0,167.6,,INFANTRY
deathwatch_deathwatch_veterans,Deathwatch Veterans,Deathwatch,2.0,4,3,7,5,6.0,2,6,2,0.604,5,0,1.75,18,3,0.641,5,-1,1.31,True,True,False,0,False,False,False,False,False,0,1,False,True,True,False,False,False,False,False,0,False,False,False,False,0,46.7,,INFANTRY|BATTLELINE
deathwatch_fortis_kill_team,Fortis Kill Team,Deathwatch,2.0,4,3,7,5,6.0,2,6,2,0.742,4,-1,1.06,12,3,0.667,4,-1,1.05,True,True,True,0,False,True,True,True,False,0,0,False,False,False,False,False,False,False,False,0,False,False,False,False,0,36.7,,INFANTRY
deathwatch_kill_team_cassius_legends,Kill Team Cassius [Legends],Deathwatch,4.0,4,3,7,4,6.0,2,5,4,0.667,5,-1,2.0,24,5,0.833,5,-3,2.0,False,False,False,0,False,False,False,False,False,0,0,False,False,False,False,False,False,False,True,0,False,False,False,False,0,135.1,,INFANTRY|CHARACTER
deathwatch_spectrus_kill_team,Spectrus Kill Team,Deathwatch,2.0,4,3,7,5,6.0,1,6,2,0.667,4,0,1.0,12,3,0.667,4,0,1.0,True,True,True,0,False,True,False,True,False,0,0,False,False,False,False,False,False,False,False,6,True,False,False,False,0,26.3,,INFANTRY
deathwatch_talonstrike_kill_team,Talonstrike Kill Team,Deathwatch,2.0,4,3,7,5,6.0,1,6,2,0.704,6,-2,2.11,18,3,0.667,4,-1,1.11,True,False,True,0,True,True,True,False,False,0,0,False,False,False,False,True,False,False,True,0,False,False,False,True,0,96.7,,INFANTRY|FLY
deathwatch_watch_captain_artemis,Watch Captain Artemis,Deathwatch,4.0,4,3,7,6,6.0,1,6,4,1.0,4,-1,1.0,12,6,0.833,5,-2,2.0,False,False,False,0,False,True,True,False,False,0,0,True,False,False,False,False,False,False,False,0,False,False,False,False,0,89.1,INFANTRY:4,CHARACTER|INFANTRY
deathwatch_watch_master,Watch Master,Deathwatch,5.0,4,2,7,4,6.0,1,6,2,0.833,4,-1,2.0,24,6,0.833,6,-2,2.0,False,False,False,0,False,False,False,False,True,0,0,False,False,False,False,False,False,False,False,0,False,False,False,False,0,131.2,,CHARACTER|INFANTRY
genestealer_cults_aberrants,Aberrants,Genestealer Cults,3.0,6,5,7,7,6.0,1,7,3,0.667,7,-2,2.0,1,3,0.667,7,-2,2.0,False,False,False,0,False,False,False,False,False,0,0,False,False,False,False,False,False,False,True,0,False,False,False,False,0,136.9,,INFANTRY
genestealer_cults_abominant,Abominant,Genestealer Cults,5.0,6,5,7,7,6.0,1,7,4,0.667,12,-2,4.5,1,4,0.667,12,-2,4.5,False,False,False,0,False,False,False,False,False,0,0,False,False,False,False,False,False,False,True,0,False,False,False,False,0,478.4,,INFANTRY|CHARACTER
genestealer_cults_achilles_ridgerunners,Achilles Ridgerunners,Genestealer Cults,8.0,7,3,7,7,6.0,3,7,2,0.5,8,-2,2.75,36,3,0.5,5,0,1.0,False,False,False,3,True,False,False,False,False,0,0,False,False,True,False,False,False,False,False,9,False,False,False,False,1,219.0,,VEHICLE
genestealer_cults_acolyte_hybrids_with_autopistols,Acolyte Hybrids with Autopistols,Genestealer Cults,1.0,4,5,7,7,6.0,2,7,1,0.5,3,0,1.0,12,3,0.667,4,-1,1.0,False,False,True,0,False,False,False,False,False,0,0,False,False,False,False,False,False,False,True,0,False,True,False,False,0,7.5,,INFANTRY|BATTLELINE
genestealer_cults_acolyte_hybrids_with_hand_flamers,Acolyte Hybrids with Hand Flamers,Genestealer Cults,1.0,4,5,7,7,6.0,2,7,4,1.0,3,0,1.0,12,3,0.667,4,-1,1.0,False,False,True,0,False,True,True,False,False,0,0,False,False,False,False,False,False,False,True,0,False,True,False,False,0,30.0,,INFANTRY|BATTLELINE
genestealer_cults_acolyte_iconward,Acolyte Iconward,Genestealer Cults,3.0,4,5,7,5,6.0,1,6,1,0.667,3,0,1.0,12,4,0.667,4,-1,1.0,False,False,True,0,False,False,False,False,False,0,0,False,False,False,False,False,False,False,True,6,False,False,False,False,0,16.3,,INFANTRY|CHARACTER
genestealer_cults_atalan_jackals,Atalan Jackals,Genestealer Cults,2.0,4,5,7,7,6.0,1,7,2,0.5,4,0,1.0,12,2,0.5,4,-2,1.0,False,False,True,0,False,False,False,False,False,0,0,False,False,True,False,False,False,True,False,9,False,False,False,False,0,18.8,,MOUNTED
genestealer_cults_benefictus,Benefictus,Genestealer Cults,3.0,3,5,5,7,6.0,1,7,2,0.667,12,-3,4.5,18,2,0.667,3,0,1.0,False,False,False,0,False,True,False,False,False,0,0,False,False,False,False,True,False,False,True,0,False,False,False,False,0,289.8,,CHARACTER|INFANTRY|PSYKER
genestealer_cults_biophagus,Biophagus,Genestealer Cults,3.0,3,5,7,7,6.0,1,7,1,0.667,1,-1,2.0,6,1,0.667,2,0,2.0,False,False,False,0,False,False,False,False,False,0,0,False,False,False,False,False,False,False,True,0,False,False,False,False,0,15.9,INFANTRY:2,INFANTRY|CHARACTER
genestealer_cults_clamavus,Clamavus,Genestealer Cults,3.0,3,5,7,7,6.0,1,6,1,0.667,3,0,1.0,12,2,0.667,3,0,1.0,False,False,True,0,False,False,False,False,False,0,0,False,False,False,False,False,False,False,True,0,False,False,False,False,0,13.4,,INFANTRY|CHARACTER
genestealer_cults_goliath_rockgrinder,Goliath Rockgrinder,Genestealer Cults,10.0,10,3,7,7,6.0,3,7,2,0.5,12,-3,4.5,36,8,0.667,10,-2,2.0,False,False,False,0,False,False,False,False,False,0,0,False,False,True,False,False,False,False,False,0,False,False,False,False,2,435.9,,VEHICLE
genestealer_cults_goliath_truck,Goliath Truck,Genestealer Cults,10.0,9,3,7,7,6.0,2,7,2,0.5,9,-1,3.0,48,3,0.5,6,0,1.0,False,False,False,0,True,False,False,False,False,0,0,False,False,False,False,False,False,False,False,0,False,False,False,False,2,309.4,,VEHICLE
genestealer_cults_hybrid_metamorphs,Hybrid Metamorphs,Genestealer Cults,1.0,4,5,7,5,6.0,1,7,2,0.75,3,0,1.0,12,3,0.667,5,-1,2.0,False,False,True,0,False,True,True,False,False,0,0,False,False,False,False,False,False,False,True,6,False,False,False,False,0,16.4,,INFANTRY
genestealer_cults_jackal_alphus,Jackal Alphus,Genestealer Cults,4.0,4,5,7,7,6.0,1,7,1,0.667,5,-2,3.0,36,3,0.667,3,0,1.0,False,True,False,0,False,False,False,False,False,0,0,False,True,False,False,False,False,True,False,9,False,False,False,False,0,75.0,,CHARACTER|MOUNTED
genestealer_cults_kelermorph,Kelermorph,Genestealer Cults,3.0,3,5,5,7,6.0,1,7,6,0.833,6,-2,1.0,12,3,0.667,3,0,1.0,False,False,True,0,False,False,False,False,False,0,0,True,False,False,False,False,False,False,True,0,False,False,True,False,0,158.4,,INFANTRY|CHARACTER
genestealer_cults_locus,Locus,Genestealer Cults,3.0,4,5,4,4,6.0,1,7,5,0.833,5,-2,2.0,1,5,0.833,5,-2,2.0,False,False,False,0,False,False,False,False,False,0,0,False,False,False,False,False,False,False,True,0,False,False,False,False,0,261.1,,INFANTRY|CHARACTER
genestealer_cults_magus,Magus,Genestealer Cults,4.0,3,5,7,7,6.0,1,6,1,0.667,3,0,1.0,12,3,0.667,5,-1,2.0,False,False,True,0,False,False,False,False,False,0,0,False,False,False,False,False,False,False,True,0,False,False,False,False,0,16.3,,INFANTRY|CHARACTER
genestealer_cults_neophyte_hybrids,Neophyte Hybrids,Genestealer Cults,1.0,3,5,7,7,6.0,2,7,1,0.5,3,0,1.0,24,1,0.5,3,0,1.0,False,False,True,1,False,False,False,False,False,0,0,False,False,False,False,False,False,False,True,0,False,False,False,False,0,6.6,,INFANTRY|BATTLELINE
genestealer_cults_nexos,Nexos,Genestealer Cults,3.0,3,5,7,7,6.0,1,7,1,0.667,3,0,1.0,12,2,0.667,3,0,1.0,False,False,True,0,False,False,False,False,False,0,0,False,False,False,False,False,False,False,True,0,False,False,False,False,0,13.4,,INFANTRY|CHARACTER
genestealer_cults_patriarch,Patriarch,Genestealer Cults,6.0,5,4,4,7,6.0,1,6,5,0.833,6,-2,2.0,1,5,0.833,6,-2,2.0,False,False,False,0,True,False,False,False,False,0,0,True,False,False,False,False,False,False,True,0,True,False,False,False,0,294.9,,INFANTRY|CHARACTER|PSYKER
genestealer_cults_primus,Primus,Genestealer Cults,4.0,3,5,5,7,6.0,1,6,1,0.833,1,0,2.0,18,5,0.833,5,-2,1.0,False,False,True,0,False,True,False,False,False,0,0,False,False,False,False,False,False,False,True,0,False,False,False,False,0,17.5,INFANTRY:2,INFANTRY|CHARACTER
genestealer_cults_purestrain_genestealers,Purestrain Genestealers,Genestealer Cults,2.0,4,5,5,7,6.0,1,7,4,0.833,4,-2,1.0,1,4,0.833,4,-2,1.0,False,False,False,0,False,False,False,False,False,0,0,False,False,False,False,False,False,False,True,0,True,False,False,False,0,82.5,,INFANTRY
genestealer_cults_reductus_saboteur,Reductus Saboteur,Genestealer Cults,3.0,3,5,5,7,6.0,1,7,4,0.667,9,-2,2.0,8,2,0.667,3,0,1.0,True,False,False,0,False,False,False,False,False,0,0,False,False,True,False,False,True,True,True,0,True,False,True,False,0,183.5,,INFANTRY|CHARACTER
genestealer_cults_sanctus,Sanctus,Genestealer Cults,3.0,3,5,5,7,6.0,1,7,1,0.667,7,-2,3.0,36,6,0.833,3,-2,2.0,False,True,False,0,False,False,False,False,False,0,0,False,True,False,False,False,False,True,True,0,True,False,True,False,0,68.5,PSYKER:2,INFANTRY|CHARACTER
genestealer_cults_tectonic_fragdrill_legends,Tectonic Fragdrill [Legends],Genestealer Cults,14.0,11,3,7,7,6.0,1,7,6,0.167,12,-2,3.5,1,6,0.167,12,-2,3.5,False,False,False,0,False,False,False,False,False,0,0,False,False,False,False,False,False,False,False,0,False,False,False,False,2,446.5,,VEHICLE
grey_knights_brother_captain,Brother-Captain,Grey Knights,6.0,5,2,4,7,6.0,1,6,3,0.833,8,-1,2.0,24,4,0.833,6,-2,2.0,False,False,False,0,False,False,False,False,False,0,0,False,False,False,False,False,False,False,True,0,False,False,False,False,0,275.6,,PSYKER|INFANTRY|CHARACTER
grey_knights_brother_captain_stern,Brother-Captain Stern,Grey Knights,6.0,5,2,4,7,6.0,1,6,2,0.833,4,0,1.0,24,5,0.833,6,-2,2.0,False,False,False,2,False,False,False,False,False,0,0,False,False,False,False,False,False,False,True,0,False,False,False,False,0,153.7,,CHARACTER|INFANTRY|PSYKER
grey_knights_brotherhood_champion,Brotherhood Champion,Grey Knights,4.0,4,2,4,7,6.0,1,6,2,0.833,4,0,1.0,24,5,0.833,6,-2,2.0,False,False,False,2,False,False,False,False,False,0,0,False,True,False,False,False,False,False,True,0,False,False,False,False,0,78.7,,CHARACTER|INFANTRY|PSYKER
grey_knights_brotherhood_chaplain,Brotherhood Chaplain,Grey Knights,5.0,5,2,4,7,6.0,1,5,2,0.833,4,0,1.0,24,5,0.833,6,-1,2.0,False,False,False,2,False,False,False,False,False,0,0,False,False,False,False,False,False,False,True,0,False,False,False,False,0,131.2,,PSYKER|INFANTRY|CHARACTER
grey_knights_brotherhood_librarian,Brotherhood Librarian,Grey Knights,5.0,5,2,4,4,6.0,1,6,1,0.667,6,-2,3.0,24,4,0.833,6,-1,2.0,False,False,False,0,False,False,False,False,False,0,0,False,False,False,False,False,False,False,True,0,False,False,False,False,0,172.5,,INFANTRY|CHARACTER|PSYKER
grey_knights_brotherhood_techmarine,Brotherhood Techmarine,Grey Knights,4.0,4,2,7,7,6.0,1,6,4,1.0,4,0,1.0,12,4,0.667,6,-2,2.0,False,False,False,0,False,True,True,False,False,0,0,False,False,False,False,False,False,False,True,0,False,False,False,False,0,99.4,,CHARACTER|INFANTRY|PSYKER
grey_knights_brotherhood_terminator_squad,Brotherhood Terminator Squad,Grey Knights,3.0,5,2,4,7,6.0,2,6,2,0.667,5,0,1.25,24,4,0.667,6,-2,2.0,False,False,False,2,False,False,False,False,False,0,0,False,False,False,False,False,False,False,True,0,False,False,False,False,0,95.6,,BATTLELINE|INFANTRY|PSYKER
grey_knights_castellan_crowe,Castellan Crowe,Grey Knights,5.0,4,2,4,7,6.0,1,6,3,0.833,4,-1,1.0,18,5,0.833,6,-2,2.0,False,False,False,0,False,True,False,False,False,0,0,False,True,False,False,False,False,False,True,0,False,False,False,False,0,117.2,INFANTRY:2,PSYKER|INFANTRY|CHARACTER
grey_knights_grand_master,Grand Master,Grey Knights,7.0,5,2,4,7,6.0,1,6,3,0.833,8,-1,2.0,24,5,0.833,6,-2,2.0,False,False,False,0,False,False,False,False,False,0,0,False,False,False,False,False,False,False,True,0,False,False,False,False,0,298.1,,INFANTRY|CHARACTER|PSYKER
grey_knights_grand_master_in_nemesis_dreadknight,Grand Master in Nemesis Dreadknight,Grey Knights,13.0,8,2,4,7,6.0,4,6,6,0.667,10,-2,3.0,24,5,0.667,14,-3,4.5,False,False,False,0,False,True,False,False,False,0,0,False,False,False,False,False,False,False,True,0,False,False,False,False,2,1035.2,,CHARACTER|VEHICLE|WALKER|PSYKER
grey_knights_grand_master_voldus,Grand Master Voldus,Grey Knights,6.0,5,2,4,7,6.0,1,6,2,0.833,4,0,1.0,24,5,0.833,10,-2,3.0,False,False,False,2,False,False,False,False,False,0,0,False,False,False,False,False,False,False,True,0,False,False,False,False,0,153.7,,CHARACTER|INFANTRY|PSYKER
grey_knights_grey_knights_dreadnought_legends,Grey Knights Dreadnought [Legends],Grey Knights,8.0,9,2,7,7,6.0,3,6,6,0.667,10,-1,2.0,24,5,0.667,14,-3,3.0,False,False,False,0,False,False,False,False,False,0,0,False,False,False,False,False,False,False,False,0,False,False,False,False,2,585.1,,WALKER|VEHICLE|PSYKER
grey_knights_grey_knights_land_raider,Grey Knights Land Raider,Grey Knights,16.0,12,2,7,7,6.0,5,6,2,0.667,12,-3,4.5,48,6,0.5,8,0,1.0,False,False,False,0,False,False,False,False,False,0,0,False,False,False,False,False,False,False,False,0,False,False,False,False,3,1001.4,,VEHICLE
grey_knights_grey_knights_land_raider_crusader,Grey Knights Land Raider Crusader,Grey Knights,16.0,12,2,7,7,6.0,5,6,2,0.667,9,-4,3.5,18,6,0.5,8,0,1.0,False,False,False,0,False,False,False,False,False,2,0,False,False,False,False,False,False,False,False,0,False,False,False,False,3,982.6,,VEHICLE
grey_knights_grey_knights_land_raider_redeemer,Grey Knights Land Raider Redeemer,Grey Knights,16.0,12,2,7,7,6.0,5,6,6,1.0,6,-2,2.0,12,6,0.5,8,0,1.0,False,False,False,0,False,True,True,False,False,0,0,False,False,False,False,False,False,False,False,0,False,False,False,False,3,1110.0,,VEHICLE
grey_knights_grey_knights_razorback,Grey Knights Razorback,Grey Knights,10.0,9,3,7,7,6.0,2,6,1,0.667,12,-3,4.5,48,3,0.5,6,0,1.0,False,False,False,0,True,False,False,False,False,0,0,False,False,False,False,False,False,False,False,0,False,False,False,False,2,365.7,,VEHICLE
grey_knights_grey_knights_relic_razorback_legends,Grey Knights Relic Razorback [Legends],Grey Knights,10.0,9,3,7,7,6.0,2,6,6,0.667,10,-1,2.0,24,3,0.5,6,0,1.0,False,False,False,0,False,False,False,False,False,0,0,False,False,False,False,False,False,False,False,0,False,False,False,False,2,450.1,,VEHICLE
grey_knights_grey_knights_rhino,Grey Knights Rhino,Grey Knights,10.0,9,3,7,7,6.0,2,6,1,0.833,14,-3,3.5,48,3,0.5,6,0,1.0,False,False,False,0,False,False,False,False,False,0,0,False,False,False,False,False,True,False,False,0,False,False,False,False,2,361.7,,VEHICLE
grey_knights_grey_knights_stormhawk_interceptor,Grey Knights Stormhawk Interceptor,Grey Knights,10.0,9,3,7,7,6.0,1,6,2,0.667,10,-3,4.5,24,3,0.5,6,0,1.0,False,False,False,0,False,False,False,False,False,0,0,False,False,False,False,False,False,False,False,0,False,False,False,True,2,506.4,,VEHICLE|FLY
grey_knights_grey_knights_stormraven_gunship,Grey Knights Stormraven Gunship,Grey Knights,14.0,10,3,7,7,6.0,1,6,3,0.667,8,-3,3.0,36,6,0.5,8,0,1.0,False,False,False,0,True,False,False,False,False,0,0,False,False,True,False,True,False,False,False,0,False,False,False,True,3,596.4,,VEHICLE|FLY
grey_knights_grey_knights_stormtalon_gunship,Grey Knights Stormtalon Gunship,Grey Knights,10.0,8,3,7,7,6.0,1,6,1,0.667,12,-3,4.5,48,3,0.5,6,0,1.0,False,False,False,0,True,False,False,False,False,0,0,False,False,False,False,False,False,False,False,0,False,False,False,True,2,365.7,,VEHICLE|FLY
grey_knights_grey_knights_thunderhawk_gunship,Grey Knights Thunderhawk Gunship,Grey Knights,30.0,12,2,7,7,6.0,1,6,3,0.667,20,-4,9.5,96,6,0.5,8,0,1.0,False,False,False,0,False,False,False,False,False,0,0,False,False,True,False,False,False,False,False,0,False,False,False,True,1,2419.3,,TITANIC|VEHICLE|FLY
grey_knights_grey_knights_venerable_dreadnought,Grey Knights Venerable Dreadnought,Grey Knights,8.0,9,2,7,7,6.0,3,6,2,0.667,9,-4,3.5,18,0,0.0,4,0,0.0,False,False,False,0,False,False,False,False,False,2,0,False,False,False,False,False,False,False,False,0,False,False,False,False,2,622.6,,WALKER|VEHICLE|PSYKER
grey_knights_interceptor_squad,Interceptor Squad,Grey Knights,2.0,4,2,7,7,6.0,1,6,2,0.667,4,0,1.0,24,3,0.667,6,-2,2.0,False,False,False,2,False,False,False,False,False,0,0,False,False,False,False,False,False,False,True,0,False,False,False,True,0,45.0,,INFANTRY|FLY|PSYKER
grey_knights_kaldor_draigo,Kaldor Draigo,Grey Knights,7.0,5,2,4,4,6.0,1,6,3,0.833,6,-2,2.0,18,6,0.833,8,-4,3.0,False,False,False,0,False,True,False,False,False,0,0,False,False,False,False,False,False,False,True,0,False,False,False,False,0,307.4,DAEMON:2,INFANTRY|CHARACTER|PSYKER
grey_knights_land_raider_banisher,Land Raider Banisher,Grey Knights,16.0,12,2,7,7,6.0,5,6,2,0.667,9,-4,3.5,18,6,0.5,8,0,1.0,False,False,False,0,False,False,False,False,False,2,0,False,False,False,False,False,False,False,False,0,False,False,False,False,3,982.6,,VEHICLE
grey_knights_nemesis_dreadknight,Nemesis Dreadknight,Grey Knights,13.0,8,2,4,7,6.0,4,6,6,0.667,10,-2,3.0,24,5,0.667,14,-3,4.5,False,False,False,0,False,True,False,False,False,0,0,False,False,False,False,False,False,False,True,0,False,False,False,False,2,1035.2,,VEHICLE|WALKER|PSYKER
grey_knights_paladin_squad,Paladin Squad,Grey Knights,3.0,5,2,4,7,6.0,1,6,2,0.833,5,0,1.33,24,4,0.833,6,-2,2.0,False,False,False,2,False,False,False,False,False,0,0,False,False,False,False,False,False,False,True,0,False,False,False,False,0,106.4,,INFANTRY|PSYKER
grey_knights_purgation_squad,Purgation Squad,Grey Knights,2.0,4,2,7,7,6.0,1,6,2,0.667,4,0,1.0,24,3,0.667,6,-2,2.0,False,False,False,2,False,False,False,False,False,0,0,False,False,False,False,False,False,False,True,0,False,False,False,False,0,45.0,,PSYKER|INFANTRY
grey_knights_purifier_squad,Purifier Squad,Grey Knights,2.0,4,2,7,7,6.0,1,6,2,0.667,4,0,1.0,24,3,0.667,6,-2,2.0,False,False,False,2,False,True,False,False,False,0,0,False,False,False,False,False,False,False,True,0,False,False,False,False,0,41.3,INFANTRY:2,PSYKER|INFANTRY
grey_knights_servitors,Servitors,Grey Knights,1.0,4,4,7,7,6.0,1,8,2,0.5,7,-3,2.5,36,1,0.333,3,0,1.0,False,True,False,0,False,False,False,False,False,2,1,False,False,True,False,True,False,False,False,0,False,False,False,False,0,114.3,,INFANTRY
grey_knights_strike_squad,Strike Squad,Grey Knights,2.0,4,2,7,7,6.0,2,6,2,0.667,4,0,1.11,24,3,0.667,6,-2,1.89,False,False,False,2,False,False,False,False,False,0,0,False,False,False,False,False,False,False,True,6,False,False,False,False,0,47.6,,PSYKER|BATTLELINE|INFANTRY
imperial_fists_darnath_lysander,Darnath Lysander,Imperial Fists,6.0,5,2,4,7,6.0,1,6,5,0.833,10,-3,3.0,1,5,0.833,10,-3,3.0,False,False,False,0,False,False,False,False,False,0,0,True,False,False,False,False,False,False,True,0,False,False,False,False,0,720.7,,CHARACTER|INFANTRY
imperial_fists_pedro_kantor,Pedro Kantor,Imperial Fists,5.0,4,2,4,6,6.0,1,6,2,0.833,5,-1,2.0,24,5,0.833,8,-3,3.0,False,False,False,2,False,False,False,False,False,0,1,False,False,False,False,False,False,False,False,0,False,False,False,False,0,150.0,,CHARACTER|INFANTRY
imperial_fists_tor_garadon,Tor Garadon,Imperial Fists,6.0,6,3,4,7,6.0,1,6,2,0.833,5,-1,2.0,18,5,0.833,12,-2,2.0,False,False,False,0,False,False,False,False,False,0,0,False,False,False,False,False,False,False,False,0,False,False,False,False,0,142.5,VEHICLE:2,CHARACTER|INFANTRY
imperial_knights_library_acastus_knight_asterius,Acastus Knight Asterius,Imperial Knights,30.0,13,2,5,7,6.0,10,6,3,0.667,16,-2,6.0,48,6,0.5,10,-1,2.0,False,False,False,0,True,False,False,False,False,0,2,False,False,False,False,False,False,False,False,0,False,False,False,False,1,1800.2,,VEHICLE|WALKER|TITANIC|TOWERING
imperial_knights_library_acastus_knight_porphyrion,Acastus Knight Porphyrion,Imperial Knights,30.0,13,2,5,7,6.0,10,6,4,0.667,18,-4,9.5,72,6,0.5,10,-1,2.0,False,False,False,0,True,False,False,False,False,0,0,False,False,True,False,False,False,False,False,0,False,False,False,False,1,2597.5,,VEHICLE|WALKER|TITANIC|TOWERING
imperial_knights_library_armiger_helverin,Armiger Helverin,Imperial Knights,12.0,10,3,5,7,6.0,8,7,4,0.667,9,-1,3.0,48,4,0.667,6,0,1.0,False,False,False,0,False,False,False,False,False,0,0,False,False,False,False,False,False,False,False,0,False,False,False,False,2,495.1,,VEHICLE|WALKER|BATTLELINE
imperial_knights_library_armiger_moirax,Armiger Moirax,Imperial Knights,12.0,10,3,5,7,6.0,8,7,4,0.667,7,-1,2.0,24,4,0.667,6,0,1.0,False,False,False,0,False,False,False,False,False,0,0,False,False,True,False,False,False,False,False,0,False,False,False,False,2,375.1,VEHICLE:2,BATTLELINE|VEHICLE|WALKER
imperial_knights_library_armiger_warglaive,Armiger Warglaive,Imperial Knights,12.0,10,3,5,7,6.0,8,7,2,0.667,12,-4,3.5,24,4,0.667,10,-3,3.0,False,False,False,0,False,False,False,False,False,4,0,False,False,False,False,False,False,False,False,0,False,False,False,False,2,532.6,,VEHICLE|WALKER|BATTLELINE
imperial_knights_library_canis_rex,Canis Rex,Imperial Knights,22.0,12,3,5,7,6.0,10,5,4,0.833,14,-3,4.0,24,5,0.833,20,-3,9.0,False,False,False,0,False,False,False,False,False,0,1,False,False,True,False,False,False,False,False,0,False,False,True,False,3,1041.7,,CHARACTER|VEHICLE|WALKER|TITANIC|TOWERING|INFANTRY
imperial_knights_library_cerastus_knight_acheron,Cerastus Knight Acheron,Imperial Knights,25.0,12,3,7,7,6.0,10,6,7,1.0,8,-1,2.0,18,4,0.667,14,-4,6.0,False,False,False,0,False,True,True,False,False,0,0,False,False,False,False,False,False,False,False,0,False,False,False,False,1,956.2,,CHARACTER|VEHICLE|WALKER|TITANIC|TOWERING
imperial_knights_library_cerastus_knight_atrapos,Cerastus Knight Atrapos,Imperial Knights,25.0,12,3,7,7,6.0,10,6,4,0.667,14,-3,4.0,24,6,0.667,14,-3,4.0,False,False,False,0,False,False,False,False,False,0,1,False,False,False,False,False,False,False,False,0,False,False,False,False,1,1000.2,,CHARACTER|VEHICLE|WALKER|TITANIC|TOWERING
imperial_knights_library_cerastus_knight_castigator,Cerastus Knight Castigator,Imperial Knights,25.0,12,3,5,7,6.0,10,6,18,0.667,6,-2,2.0,36,4,0.667,14,-4,6.0,False,False,False,0,True,False,False,False,False,0,0,False,False,False,False,False,False,False,False,0,False,False,False,False,1,1282.9,,CHARACTER|VEHICLE|WALKER|TITANIC|TOWERING
imperial_knights_library_cerastus_knight_lancer,Cerastus Knight Lancer,Imperial Knights,25.0,12,3,7,7,6.0,10,6,6,0.667,6,0,2.0,12,5,0.833,20,-3,8.0,True,False,False,0,False,False,False,False,True,0,2,False,False,False,False,False,False,False,False,0,False,False,False,False,1,682.6,,CHARACTER|VEHICLE|WALKER|TITANIC|TOWERING
imperial_knights_library_knight_castellan,Knight Castellan,Imperial Knights,24.0,13,2,5,7,6.0,10,6,2,0.667,18,-5,11.5,72,4,0.5,8,-1,2.0,False,False,False,0,False,False,False,False,False,0,0,False,False,True,False,False,False,False,False,0,False,False,False,False,1,1942.9,,VEHICLE|WALKER|TITANIC|TOWERING|CHARACTER
imperial_knights_library_knight_crusader,Knight Crusader,Imperial Knights,22.0,12,3,5,7,6.0,10,6,18,0.667,6,-2,2.0,36,4,0.667,8,-1,2.0,False,False,False,0,False,False,False,False,False,0,0,False,False,False,False,False,False,False,False,0,False,False,False,False,3,1215.4,,VEHICLE|WALKER|TITANIC|TOWERING|CHARACTER
imperial_knights_library_knight_errant,Knight Errant,Imperial Knights,22.0,12,3,5,7,6.0,10,6,4,0.667,12,-4,3.5,24,4,0.667,20,-3,8.0,False,False,False,0,False,False,False,False,False,6,0,False,False,True,False,False,False,False,False,0,False,False,False,False,3,1020.3,,VEHICLE|WALKER|TITANIC|TOWERING|CHARACTER
imperial_knights_library_knight_gallant,Knight Gallant,Imperial Knights,22.0,12,3,5,7,6.0,10,6,3,0.667,8,-2,3.5,48,6,0.833,20,-3,8.0,False,False,False,0,False,False,False,False,False,0,0,False,False,False,False,False,False,False,False,0,False,False,False,False,3,757.6,,VEHICLE|WALKER|TITANIC|TOWERING|CHARACTER
imperial_knights_library_knight_paladin,Knight Paladin,Imperial Knights,22.0,12,3,5,7,6.0,10,6,6,0.667,10,-1,3.0,72,4,0.667,20,-3,8.0,False,False,False,0,False,False,False,False,False,0,0,False,False,True,False,False,False,False,False,0,False,False,False,False,3,860.8,,VEHICLE|WALKER|TITANIC|TOWERING|CHARACTER
imperial_knights_library_knight_preceptor,Knight Preceptor,Imperial Knights,22.0,12,3,5,7,6.0,10,6,4,0.667,14,-3,4.0,24,4,0.667,20,-3,8.0,False,False,False,0,False,False,False,False,False,0,0,False,False,True,False,False,False,False,False,0,False,False,False,False,3,932.7,,VEHICLE|WALKER|TITANIC|TOWERING|CHARACTER
imperial_knights_library_knight_valiant,Knight Valiant,Imperial Knights,24.0,13,2,5,7,6.0,10,6,1,0.833,24,-6,12.0,18,4,0.5,8,-1,2.0,False,False,False,0,False,False,False,False,False,0,0,True,False,False,False,False,False,False,False,0,False,False,False,False,1,1642.3,MONSTER:4|VEHICLE:4,VEHICLE|WALKER|TITANIC|TOWERING|CHARACTER
imperial_knights_library_knight_warden,Knight Warden,Imperial Knights,22.0,12,3,5,7,6.0,10,6,18,0.667,6,-2,2.0,36,4,0.667,20,-3,8.0,False,False,False,0,False,False,False,False,False,0,0,False,False,False,False,False,False,False,False,0,False,False,False,False,3,1215.4,,VEHICLE|WALKER|TITANIC|TOWERING|CHARACTER
imperial_knights_library_questoris_knight_magaera,Questoris Knight Magaera,Imperial Knights,22.0,12,3,7,7,6.0,10,6,12,0.667,9,0,2.0,48,4,0.667,14,-4,6.0,False,False,False,0,False,False,False,False,False,0,2,False,False,False,False,False,False,False,False,0,False,False,False,False,3,795.2,,CHARACTER|VEHICLE|WALKER|TITANIC|TOWERING
imperial_knights_library_questoris_knight_styrix,Questoris Knight Styrix,Imperial Knights,22.0,12,3,7,7,6.0,10,6,9,0.667,12,0,3.0,30,4,0.667,14,-4,6.0,False,False,False,0,False,False,False,False,False,0,0,True,False,False,False,False,False,False,False,0,False,False,False,False,3,832.7,,CHARACTER|VEHICLE|WALKER|TITANIC|TOWERING
imperial_knights_skitarii_marshal,Skitarii Marshal,Imperial Knights,3.0,3,4,7,7,6.0,1,6,1,0.5,6,-1,1.0,12,4,0.667,6,-1,1.0,False,False,True,0,False,False,False,False,False,0,0,True,False,False,False,False,False,False,False,0,False,False,False,False,0,22.5,,CHARACTER
imperial_knights_skitarii_rangers,Skitarii Rangers,Imperial Knights,1.0,3,4,7,7,6.0,2,7,2,0.5,5,-1,1.33,30,1,0.5,3,0,1.0,False,True,False,1,False,False,False,False,False,0,0,True,True,False,False,True,False,False,False,6,False,False,False,False,0,30.4,VEHICLE:4,INFANTRY|BATTLELINE
imperial_knights_skitarii_vanguard,Skitarii Vanguard,Imperial Knights,1.0,3,4,7,7,6.0,2,7,2,0.5,5,-1,1.33,18,1,0.5,3,0,1.0,False,True,False,1,False,False,False,False,False,0,0,True,True,False,False,True,False,False,False,0,False,False,False,False,0,40.4,VEHICLE:4|INFANTRY:4,INFANTRY|BATTLELINE
imperial_knights_tech_priest_dominus,Tech-Priest Dominus,Imperial Knights,4.0,4,2,7,5,6.0,1,7,2,0.667,6,-2,2.0,12,4,0.667,6,-2,2.0,False,False,False,0,False,False,False,False,False,0,0,False,False,False,False,False,False,False,False,0,False,False,False,False,0,140.0,,CHARACTER|INFANTRY
imperial_knights_tech_priest_manipulus,Tech-Priest Manipulus,Imperial Knights,4.0,4,2,7,7,6.0,1,7,4,1.0,4,0,2.0,12,4,0.667,6,-1,2.0,False,False,False,0,False,False,True,False,False,0,0,True,False,False,False,False,False,False,False,0,False,False,False,False,0,138.8,,CHARACTER|INFANTRY
iron_hands_iron_father_feirros,Iron Father Feirros,Iron Hands,6.0,6,2,7,5,6.0,1,6,3,0.833,5,-1,2.0,36,6,0.667,7,-2,2.0,False,False,False,0,False,False,False,False,False,0,2,False,False,False,False,False,False,False,False,0,False,False,False,False,0,247.5,,CHARACTER|INFANTRY
leagues_of_votann_br_khyr_iron_master,Brôkhyr Iron-master,Leagues of Votann,4.0,5,4,7,7,6.0,1,7,1,0.583,5,-2,1.0,6,2,0.5,4,-1,1.25,False,False,True,0,False,False,False,False,False,0,0,False,False,False,False,False,False,False,False,0,False,False,False,False,0,47.5,,INFANTRY|CHARACTER
leagues_of_votann_br_khyr_thunderkyn,Brôkhyr Thunderkyn,Leagues of Votann,3.0,6,3,7,7,6.0,1,7,4,0.5,5,-2,2.0,18,2,0.5,4,0,1.0,False,False,False,0,False,False,False,False,False,0,0,False,False,True,False,False,False,False,False,0,False,False,False,False,0,138.8,VEHICLE:2,INFANTRY
leagues_of_votann_cthonian_beserks,Cthonian Beserks,Leagues of Votann,2.0,5,6,7,5,6.0,1,7,4,0.5,5,-1,1.0,24,4,0.5,9,-1,2.0,False,False,False,0,False,False,False,False,False,0,0,False,False,True,True,False,False,False,False,0,False,False,False,False,0,48.4,,INFANTRY
leagues_of_votann_einhyr_champion,Einhyr Champion,Leagues of Votann,5.0,6,2,7,7,6.0,1,7,4,0.833,4,0,1.0,24,6,0.833,6,-2,2.0,False,False,False,0,False,False,False,False,False,0,0,False,False,False,False,False,False,False,False,0,False,False,False,False,0,150.0,,INFANTRY|CHARACTER
leagues_of_votann_einhyr_hearthguard,Einhyr Hearthguard,Leagues of Votann,2.0,6,2,7,7,6.0,1,7,2,0.667,6,-2,1.5,18,2,0.648,9,-2,2.11,False,False,False,0,False,False,False,False,False,0,0,False,False,True,False,False,False,False,False,0,False,False,False,False,0,112.6,,INFANTRY
leagues_of_votann_grimnyr,Grimnyr,Leagues of Votann,4.0,5,4,7,7,6.0,1,6,3,0.611,5,-1,1.33,24,1,0.556,4,0,1.33,False,False,False,0,False,False,False,False,False,0,0,False,False,False,False,True,False,False,False,0,False,False,False,False,0,91.0,,INFANTRY|CHARACTER|PSYKER
leagues_of_votann_hearthkyn_warriors,Hearthkyn Warriors,Leagues of Votann,1.0,5,4,7,6,6.0,2,7,1,0.472,6,-1,1.75,12,1,0.5,4,0,1.25,False,True,True,0,False,False,False,False,False,0,0,True,False,False,False,False,False,False,False,0,False,False,False,False,0,27.7,,INFANTRY|BATTLELINE
leagues_of_votann_hekaton_land_fortress,Hekaton Land Fortress,Leagues of Votann,16.0,12,2,7,7,6.0,5,7,1,0.5,18,-4,9.5,30,6,0.5,8,0,1.0,False,True,False,0,False,False,False,False,False,0,0,True,False,False,False,False,False,False,False,0,False,False,False,False,3,987.2,,VEHICLE
leagues_of_votann_hernkyn_pioneers,Hernkyn Pioneers,Leagues of Votann,3.0,6,4,7,7,6.0,2,7,2,0.5,6,0,1.29,9,2,0.5,4,0,1.0,True,False,True,0,False,False,False,False,False,0,2,False,False,False,False,False,False,False,False,9,False,False,False,True,0,45.2,,MOUNTED|FLY
leagues_of_votann_hernkyn_yaegirs,Hernkyn Yaegirs,Leagues of Votann,1.0,5,5,7,7,6.0,1,7,1,0.5,5,-1,2.17,18,1,0.5,4,0,1.0,True,False,False,0,False,True,False,False,False,0,0,False,True,False,False,False,False,False,False,0,True,False,False,False,0,38.1,MONSTER:3|VEHICLE:3,INFANTRY
leagues_of_votann_k_hl,Kâhl,Leagues of Votann,4.0,5,3,7,7,6.0,1,7,4,0.833,4,0,1.0,24,4,0.833,5,-2,2.0,False,False,False,0,False,False,False,False,False,0,0,False,False,False,False,False,False,False,False,0,False,False,False,False,0,82.5,,INFANTRY|CHARACTER
leagues_of_votann_sagitaur,Sagitaur,Leagues of Votann,9.0,10,3,7,7,6.0,3,7,2,0.5,12,-3,3.5,24,3,0.5,6,0,1.0,False,False,False,0,False,False,False,False,False,0,2,False,False,False,False,False,False,False,False,6,False,False,False,False,1,366.6,,VEHICLE
leagues_of_votann_thar_the_destined,Ûthar the Destined,Leagues of Votann,5.0,5,3,7,7,6.0,1,7,3,0.833,5,0,1.0,18,5,0.833,6,-3,2.0,False,False,False,0,False,False,False,False,False,0,0,True,False,False,False,False,False,False,False,0,False,False,False,False,0,93.7,,INFANTRY|CHARACTER
library_astartes_heresy_legends_blood_slaughterer_legends,Blood Slaughterer [Legends],Heresy Legends,10.0,9,3,7,7,6.0,3,6,1,0.667,12,-2,3.0,12,5,0.667,12,-3,3.0,False,False,False,0,False,False,False,False,False,0,0,False,False,False,False,False,False,False,False,0,False,False,False,False,2,300.0,MONSTER:2|VEHICLE:2,VEHICLE|WALKER|DAEMON
library_astartes_heresy_legends_cerberus_legends,Cerberus [Legends],Heresy Legends,18.0,12,2,7,7,6.0,6,6,3,0.667,16,-4,6.5,48,6,0.5,8,0,1.0,False,False,False,0,True,False,False,False,False,0,0,False,False,False,False,False,False,False,False,0,False,False,False,False,3,1541.6,,VEHICLE
library_astartes_heresy_legends_chaos_thunderhawk_legends,Chaos Thunderhawk [Legends],Heresy Legends,30.0,12,2,7,7,6.0,1,6,3,0.667,20,-4,9.5,96,6,0.5,8,0,1.0,False,False,False,0,False,False,False,False,False,0,0,False,False,True,False,False,False,False,False,0,False,False,False,True,3,2419.3,,VEHICLE|TITANIC|FLY
library_astartes_heresy_legends_deathstorm_drop_pod_legends,Deathstorm Drop Pod [Legends],Heresy Legends,8.0,7,3,7,7,6.0,2,6,7,0.5,8,-2,2.0,18,0,0.0,4,0,0.0,False,False,False,0,False,False,False,False,False,0,0,False,False,True,False,False,False,False,True,0,False,False,False,False,1,352.5,,VEHICLE
library_astartes_heresy_legends_decimator_legends,Decimator [Legends],Heresy Legends,12.0,10,3,7,7,6.0,4,6,8,0.667,6,-1,1.0,36,5,0.667,14,-3,3.0,False,False,False,0,False,False,False,False,False,0,1,False,False,False,False,False,False,False,False,0,False,False,False,False,2,390.1,,VEHICLE|WALKER|DAEMON
library_astartes_heresy_legends_deredeo_dreadnought_legends,Deredeo Dreadnought [Legends],Heresy Legends,12.0,9,2,7,7,6.0,3,6,6,0.667,8,-3,3.0,36,6,0.667,6,0,1.0,False,False,False,0,False,False,False,False,False,0,0,False,False,False,False,True,False,False,False,0,False,False,False,False,2,1102.8,,VEHICLE|WALKER
library_astartes_heresy_legends_dreadclaw_drop_pod_legends,Dreadclaw Drop Pod [Legends],Heresy Legends,9.0,7,3,7,7,6.0,2,6,8,0.5,6,-2,1.0,1,8,0.5,6,-2,1.0,False,False,False,0,False,False,False,False,False,0,0,False,False,False,False,False,False,False,True,0,False,False,False,True,1,221.2,,VEHICLE|FLY
library_astartes_heresy_legends_falchion_legends,Falchion [Legends],Heresy Legends,24.0,13,2,7,7,6.0,8,6,3,0.667,24,-5,12.0,120,6,0.5,8,0,1.0,False,False,False,0,True,False,False,False,False,0,0,False,False,True,False,False,False,False,False,0,False,False,False,False,1,2430.7,,VEHICLE|TITANIC
library_astartes_heresy_legends_fellblade_legends,Fellblade [Legends],Heresy Legends,24.0,13,2,7,7,6.0,8,6,6,0.667,14,-3,3.5,24,6,0.5,8,0,1.0,False,False,False,0,False,False,False,False,False,0,0,False,False,True,False,False,False,False,False,0,False,False,False,False,1,1791.3,,VEHICLE|TITANIC
library_astartes_heresy_legends_fire_raptor_gunship_legends,Fire Raptor Gunship [Legends],Heresy Legends,18.0,10,3,7,7,6.0,1,6,10,0.667,6,-1,2.0,36,6,0.5,8,0,1.0,False,False,False,0,True,False,False,False,False,0,0,False,False,False,False,False,False,False,False,0,False,False,False,True,3,705.2,,VEHICLE|FLY
library_astartes_heresy_legends_greater_blight_drone_legends,Greater Blight Drone [Legends],Heresy Legends,10.0,9,3,7,7,6.0,3,6,6,0.667,8,-2,2.0,36,0,0.0,4,0,0.0,False,False,False,0,False,False,False,True,False,0,0,False,False,False,False,False,False,False,True,0,False,False,False,True,1,525.2,,VEHICLE|FLY|DAEMON
library_astartes_heresy_legends_greater_brass_scorpion_legends,Greater Brass Scorpion [Legends],Heresy Legends,26.0,12,3,7,4,6.0,10,6,6,0.667,14,-3,3.5,24,6,0.667,14,-3,6.0,False,False,False,0,False,False,False,False,False,0,0,False,False,True,False,False,False,False,False,0,False,False,False,False,1,1296.3,,VEHICLE|TITANIC|WALKER|DAEMON
library_astartes_heresy_legends_javelin_attack_speeder_legends,Javelin Attack Speeder [Legends],Heresy Legends,9.0,8,3,7,7,6.0,3,6,3,0.667,9,-2,3.5,36,4,0.667,4,0,1.0,False,False,False,0,False,False,False,False,False,0,0,False,False,False,False,False,False,False,True,0,False,False,False,True,1,465.1,,VEHICLE|FLY
library_astartes_heresy_legends_kharybdis_assault_claw_legends,Kharybdis Assault Claw [Legends],Heresy Legends,20.0,11,3,7,7,6.0,4,6,2,0.667,9,-2,3.5,36,12,0.5,8,-2,1.0,False,False,False,0,False,False,False,False,False,0,0,False,False,False,False,False,False,False,True,0,False,False,False,True,1,625.1,,VEHICLE|TITANIC|FLY
library_astartes_heresy_legends_kratos_legends,Kratos [Legends],Heresy Legends,18.0,12,2,7,7,6.0,6,6,4,0.667,12,-4,3.5,24,6,0.5,8,0,1.0,False,False,False,0,False,False,False,False,False,2,0,False,False,False,False,False,False,False,False,0,False,False,False,False,3,1335.3,,VEHICLE
library_astartes_heresy_legends_kytan_ravager_legends,Kytan Ravager [Legends],Heresy Legends,24.0,12,3,7,7,6.0,10,6,18,0.667,6,-2,2.0,36,4,0.667,14,-4,6.0,False,False,False,0,False,False,False,False,False,0,0,False,False,False,False,False,False,False,False,0,False,False,False,False,1,1260.4,,VEHICLE|TITANIC|WALKER|DAEMON
library_astartes_heresy_legends_land_raider_achilles_legends,Land Raider Achilles [Legends],Heresy Legends,16.0,12,2,7,7,6.0,5,6,4,0.667,9,-2,3.0,24,6,0.5,8,0,1.0,False,False,False,0,False,False,False,False,False,0,0,False,False,False,False,False,False,False,False,0,False,False,False,False,3,1020.2,,VEHICLE
library_astartes_heresy_legends_land_raider_proteus_legends,Land Raider Proteus [Legends],Heresy Legends,16.0,12,2,7,7,6.0,5,6,2,0.667,9,-4,3.5,18,6,0.5,8,0,1.0,False,False,False,0,False,False,False,False,False,2,0,False,False,False,False,False,False,False,False,0,False,False,False,False,3,982.6,,VEHICLE
library_astartes_heresy_legends_leviathan_dreadnought_legends,Leviathan Dreadnought [Legends],Heresy Legends,12.0,10,2,7,7,6.0,4,6,4,0.667,9,-4,3.5,18,6,0.667,6,0,1.0,False,False,False,0,False,False,False,False,False,2,0,False,False,False,False,False,False,False,False,0,False,False,False,False,2,999.6,,VEHICLE|WALKER
library_astartes_heresy_legends_mastodon_legends,Mastodon [Legends],Heresy Legends,30.0,14,2,7,7,6.0,12,6,6,0.667,9,-4,3.5,24,6,0.5,8,0,1.0,False,False,False,0,False,False,False,False,False,2,0,False,False,False,False,False,False,False,False,0,False,False,False,False,1,2137.9,,VEHICLE|TITANIC
library_astartes_heresy_legends_rapier_carrier_legends,Rapier Carrier [Legends],Heresy Legends,6.0,6,2,7,7,6.0,2,6,3,0.667,14,-4,4.5,36,2,0.667,4,0,1.0,False,True,False,0,False,False,False,False,False,0,0,False,False,False,False,False,False,False,False,0,False,False,False,False,0,641.5,,VEHICLE
library_astartes_heresy_legends_relic_contemptor_dreadnought_legends,Relic Contemptor Dreadnought [Legends],Heresy Legends,10.0,9,2,7,7,6.0,3,6,2,0.667,9,-4,3.5,18,5,0.667,12,-2,3.0,False,False,False,0,False,False,False,False,False,2,0,False,False,False,False,False,False,False,False,0,False,False,False,False,1,712.6,,VEHICLE|WALKER
library_astartes_heresy_legends_sicaran_arcus_legends,Sicaran Arcus [Legends],Heresy Legends,14.0,11,2,7,7,6.0,4,6,7,0.667,6,0,2.0,48,6,0.5,8,0,1.0,False,False,False,0,False,False,False,False,False,0,0,False,False,False,True,False,False,False,False,0,False,False,False,False,2,770.1,,VEHICLE
library_astartes_heresy_legends_sicaran_battle_tank_legends,Sicaran Battle Tank [Legends],Heresy Legends,14.0,11,2,7,7,6.0,4,6,6,0.667,9,-1,3.0,48,6,0.5,8,0,1.0,False,False,False,2,False,False,False,False,False,0,0,False,False,False,False,False,False,False,False,0,False,False,False,False,2,967.7,,VEHICLE
library_astartes_heresy_legends_sicaran_omega_legends,Sicaran Omega [Legends],Heresy Legends,14.0,11,2,7,7,6.0,4,6,6,0.667,10,-3,3.0,36,6,0.5,8,0,1.0,False,False,False,0,False,False,False,False,False,0,0,False,False,False,False,True,False,False,False,0,False,False,False,False,2,1192.8,,VEHICLE
library_astartes_heresy_legends_sicaran_punisher_legends,Sicaran Punisher [Legends],Heresy Legends,14.0,11,2,7,7,6.0,4,6,18,0.5,6,0,1.0,36,6,0.5,8,0,1.0,False,False,False,0,False,False,False,False,False,0,0,True,False,False,False,False,False,False,False,0,False,False,False,False,2,765.0,,VEHICLE
library_astartes_heresy_legends_sicaran_venator_legends,Sicaran Venator [Legends],Heresy Legends,14.0,11,2,7,7,6.0,4,6,3,0.667,16,-4,5.0,48,6,0.5,8,0,1.0,False,True,False,0,False,False,False,False,False,0,0,False,False,False,False,False,False,False,False,0,False,False,False,False,2,1192.8,,VEHICLE
library_astartes_heresy_legends_sokar_pattern_stormbird_legends,Sokar-pattern Stormbird [Legends],Heresy Legends,40.0,13,2,7,7,6.0,1,6,4,0.667,10,-3,3.5,48,9,0.5,9,0,1.0,False,False,False,0,False,False,False,False,False,0,0,False,False,False,False,False,False,False,False,0,False,False,False,True,1,2237.7,FLY:3,VEHICLE|TITANIC|FLY
library_astartes_heresy_legends_spartan_legends,Spartan [Legends],Heresy Legends,18.0,12,2,7,7,6.0,6,6,2,0.667,9,-4,3.5,18,6,0.5,8,0,1.0,False,False,False,0,False,False,False,False,False,2,0,False,False,False,False,False,False,False,False,0,False,False,False,False,3,1072.6,,VEHICLE
library_astartes_heresy_legends_storm_eagle_gunship_legends,Storm Eagle Gunship [Legends],Heresy Legends,18.0,10,3,7,7,6.0,1,6,2,0.667,9,-4,3.5,18,6,0.5,8,0,1.0,False,False,False,0,True,False,False,False,False,2,0,False,False,False,False,False,False,False,False,0,False,False,False,True,3,667.6,,VEHICLE|FLY
library_astartes_heresy_legends_tarantula_sentry_battery_legends,Tarantula Sentry Battery [Legends],Heresy Legends,4.0,6,3,7,7,6.0,1,6,1,0.667,12,-3,4.5,48,0,0.0,4,0,0.0,False,False,False,0,True,False,False,False,False,0,0,False,False,False,False,False,False,False,False,0,False,False,False,False,0,185.7,,VEHICLE
library_astartes_heresy_legends_terrax_pattern_termite_legends,Terrax-pattern Termite [Legends],Heresy Legends,14.0,10,3,7,7,6.0,2,6,5,0.667,9,-4,3.5,12,6,0.5,14,-2,5.0,False,False,False,0,False,False,False,False,False,2,0,False,False,False,False,False,False,False,True,0,False,False,False,False,2,971.6,,VEHICLE
library_astartes_heresy_legends_typhon_legends,Typhon [Legends],Heresy Legends,18.0,12,2,7,7,6.0,6,6,10,0.667,14,-3,3.5,24,6,0.5,8,0,1.0,False,False,False,0,False,False,False,False,False,0,0,False,False,True,False,False,False,False,False,0,False,False,False,False,3,1849.6,,VEHICLE
library_astartes_heresy_legends_vindicator_laser_destroyer_legends,Vindicator Laser Destroyer [Legends],Heresy Legends,11.0,11,2,7,7,6.0,3,6,3,0.667,14,-4,6.5,36,3,0.5,6,0,1.0,False,False,False,0,False,False,False,False,False,0,0,False,False,False,False,True,False,False,False,0,False,False,False,False,2,1226.6,,VEHICLE
library_astartes_heresy_legends_whirlwind_scorpius_legends,Whirlwind Scorpius [Legends],Heresy Legends,11.0,10,3,7,7,6.0,3,6,7,0.667,6,-1,2.0,48,3,0.5,6,0,1.0,False,False,False,0,False,False,False,False,False,0,0,False,False,True,True,False,False,False,False,0,False,False,False,False,2,457.6,,VEHICLE
library_astartes_heresy_legends_xiphon_interceptor_legends,Xiphon Interceptor [Legends],Heresy Legends,12.0,9,3,7,7,6.0,1,6,1,0.667,12,-3,4.5,48,3,0.5,6,0,1.0,False,False,False,0,True,False,False,False,False,0,0,False,False,False,False,False,False,False,False,0,False,False,False,True,2,410.7,,VEHICLE|FLY
library_titans_reaver_titan,Reaver Titan,Titan Legions,60.0,14,2,7,7,6.0,20,6,3,0.667,24,-5,14.0,120,6,0.5,20,-4,14.0,False,True,False,0,False,False,False,False,False,0,0,False,False,True,False,False,False,False,False,0,False,False,False,False,1,4275.8,,VEHICLE|WALKER|TITANIC|TOWERING
library_titans_warbringer_nemesis_titan,Warbringer Nemesis Titan,Titan Legions,80.0,14,2,7,7,6.0,20,6,5,0.667,24,-5,14.0,120,6,0.5,12,-2,4.0,False,False,False,0,False,False,False,False,False,0,0,False,False,True,False,False,False,False,False,0,False,False,False,False,1,6226.3,,VEHICLE|WALKER|TITANIC|TOWERING
library_titans_warhound_titan,Warhound Titan,Titan Legions,40.0,13,2,7,7,6.0,16,6,10,0.667,10,-3,5.0,72,8,0.5,10,-1,2.0,False,False,False,0,False,False,False,False,False,0,0,False,False,True,False,True,False,False,False,0,False,False,False,False,1,3363.3,,VEHICLE|WALKER|TITANIC|TOWERING
library_titans_warlord_titan,Warlord Titan,Titan Legions,100.0,16,2,7,7,6.0,30,6,5,0.667,32,-5,18.0,120,6,0.5,20,-4,24.0,False,False,False,0,False,False,False,False,False,0,0,False,False,True,False,False,False,False,False,0,False,False,False,False,1,7876.7,,VEHICLE|WALKER|TITANIC|TOWERING
necrons_annihilation_barge,Annihilation Barge,Necrons,9.0,8,3,7,7,6.0,3,7,6,0.667,8,0,2.0,36,3,0.5,6,0,1.0,False,False,False,0,True,False,False,False,False,0,2,False,False,False,False,False,False,False,False,0,False,False,False,True,1,352.6,,VEHICLE|FLY
necrons_anrakyr_the_traveller_legends,Anrakyr the Traveller [Legends],Necrons,6.0,5,2,7,7,6.0,1,6,1,0.833,16,-5,5.5,72,4,0.833,8,-3,2.0,False,False,False,0,False,False,False,False,False,0,0,False,False,False,False,False,True,False,False,0,False,False,False,False,0,392.7,,INFANTRY|CHARACTER
necrons_c_tan_shard_of_the_deceiver,C'tan Shard of the Deceiver,Necrons,12.0,11,4,7,5,6.0,6,6,6,0.833,6,-2,1.0,18,8,0.833,8,-3,3.0,False,False,False,0,False,False,False,False,False,0,0,True,True,False,False,False,False,True,False,0,False,False,False,True,3,329.9,CHARACTER:4,MONSTER|CHARACTER|FLY
necrons_c_tan_shard_of_the_nightbringer,C'tan Shard of the Nightbringer,Necrons,12.0,11,4,7,5,6.0,4,6,2,0.833,12,-2,6.5,18,6,0.833,14,-4,5.5,False,False,False,0,False,False,False,False,False,0,0,False,False,False,False,False,False,False,False,0,False,False,False,True,3,586.1,,MONSTER|CHARACTER|FLY
necrons_c_tan_shard_of_the_void_dragon,C'tan Shard of the Void Dragon,Necrons,12.0,11,4,7,5,6.0,4,6,6,0.833,7,-1,2.0,18,5,0.833,12,-3,5.5,False,False,False,0,False,False,False,False,False,0,2,False,False,True,False,False,False,False,False,0,False,False,False,True,3,423.7,,MONSTER|CHARACTER|FLY
necrons_canoptek_acanthrites_legends,Canoptek Acanthrites [Legends],Necrons,2.0,5,3,7,7,6.0,2,8,1,0.5,9,-4,3.5,12,3,0.5,5,-2,1.0,False,False,False,0,False,False,False,False,False,2,0,False,False,False,False,False,False,False,False,0,True,False,False,True,0,120.9,,BEAST|FLY
necrons_canoptek_doomstalker,Canoptek Doomstalker,Necrons,12.0,8,3,7,7,6.0,4,8,4,0.5,14,-3,3.0,48,3,0.5,6,0,1.0,False,True,False,0,False,False,False,False,False,0,0,False,False,True,False,False,False,False,False,0,False,False,False,False,2,586.4,,VEHICLE|WALKER
necrons_canoptek_reanimator,Canoptek Reanimator,Necrons,6.0,6,3,7,4,6.0,3,8,3,0.5,6,-2,1.0,12,4,0.5,5,0,1.0,False,False,False,0,False,False,False,False,False,0,0,False,False,False,False,False,False,False,False,0,False,False,False,False,0,112.5,,VEHICLE|WALKER
necrons_canoptek_scarab_swarms,Canoptek Scarab Swarms,Necrons,4.0,2,6,7,7,6.0,1,8,6,0.333,2,0,1.0,1,6,0.333,2,0,1.0,False,False,False,0,False,False,False,True,False,0,0,False,False,False,False,False,False,False,False,0,False,False,False,True,0,14.7,,SWARM|FLY
necrons_canoptek_spyders,Canoptek Spyders,Necrons,6.0,7,3,7,6,6.0,2,8,4,0.667,6,0,1.0,18,5,0.5,8,-2,2.0,False,False,False,0,False,False,False,False,False,0,0,True,False,True,False,False,False,False,False,0,False,False,False,True,1,102.5,,VEHICLE|FLY
necrons_canoptek_tomb_sentinel_legends,Canoptek Tomb Sentinel [Legends],Necrons,9.0,9,3,7,5,6.0,3,8,4,0.5,10,-2,2.0,18,6,0.5,6,0,1.0,False,False,False,0,False,False,False,False,False,0,0,False,False,True,False,False,False,False,True,0,False,False,False,False,0,371.3,,MONSTER
necrons_canoptek_tomb_stalker_legends,Canoptek Tomb Stalker [Legends],Necrons,9.0,9,3,7,5,6.0,3,8,8,0.5,5,-1,1.0,24,6,0.5,6,-1,2.0,False,False,False,0,False,False,False,True,False,0,0,False,False,False,False,False,False,False,True,0,False,False,False,False,0,292.5,,MONSTER
necrons_canoptek_wraiths,Canoptek Wraiths,Necrons,4.0,6,3,7,7,6.0,2,8,2,0.5,5,-1,1.67,12,6,0.5,5,0,1.4,False,False,True,0,False,False,False,False,False,0,0,True,False,False,False,False,False,False,False,0,False,False,False,True,0,88.8,,BEAST|FLY
necrons_catacomb_command_barge,Catacomb Command Barge,Necrons,9.0,8,3,7,4,6.0,3,6,3,0.667,5,-2,2.0,24,4,0.833,8,-3,2.0,False,False,False,0,False,False,False,True,False,0,0,False,False,False,False,False,False,False,False,0,False,False,False,True,1,322.6,,VEHICLE|CHARACTER|FLY
necrons_chronomancer,Chronomancer,Necrons,4.0,4,4,7,4,6.0,1,6,4,0.5,5,-1,1.0,18,3,0.5,5,-1,1.0,False,False,False,0,False,False,False,False,False,0,0,False,False,True,False,False,False,False,False,0,False,False,False,False,0,59.4,,INFANTRY|CHARACTER
necrons_convergence_of_dominion,Convergence of Dominion,Necrons,7.0,9,3,7,6,6.0,1,8,3,0.5,6,-2,3.0,18,0,0.0,4,0,0.0,False,False,False,0,False,False,False,False,False,0,0,False,False,False,False,False,False,False,False,0,False,False,False,False,0,292.5,,VEHICLE
necrons_cryptothralls,Cryptothralls,Necrons,3.0,4,3,7,4,6.0,1,8,2,0.5,5,-1,1.0,6,4,0.5,5,-1,1.0,False,False,False,0,False,False,False,False,False,0,0,False,False,False,False,False,False,False,False,0,False,False,False,False,0,45.0,,INFANTRY
necrons_deathmarks,Deathmarks,Necrons,1.0,5,3,7,7,6.0,1,7,1,0.667,5,-2,2.0,36,2,0.667,4,0,1.0,False,True,False,0,False,False,False,False,False,0,0,False,True,False,False,False,False,False,True,0,False,False,False,False,0,51.3,,INFANTRY
necrons_doom_scythe,Doom Scythe,Necrons,12.0,9,3,7,7,6.0,1,7,3,0.667,16,-4,4.5,36,3,0.5,6,0,1.0,False,False,False,0,False,False,False,False,False,0,2,False,False,False,False,False,False,False,False,0,False,False,False,True,2,776.5,,VEHICLE|FLY
necrons_doomsday_ark,Doomsday Ark,Necrons,14.0,9,3,7,7,6.0,5,7,4,0.667,18,-4,4.0,72,3,0.5,6,0,1.0,False,True,False,0,False,False,False,False,False,0,0,False,False,True,False,False,False,False,False,0,False,False,False,True,2,990.3,,VEHICLE|FLY
necrons_flayed_ones,Flayed Ones,Necrons,1.0,4,4,7,7,6.0,1,7,4,0.667,4,-1,1.0,1,4,0.667,4,-1,1.0,False,False,False,0,True,False,False,False,False,0,1,False,False,False,False,False,False,True,False,0,True,False,False,False,0,50.0,,INFANTRY
necrons_gauss_pylon_legends,Gauss Pylon [Legends],Necrons,22.0,12,3,7,7,6.0,1,7,1,0.5,16,-4,9.5,120,0,0.0,4,0,0.0,False,False,False,0,False,False,False,True,False,0,0,False,False,False,False,False,False,False,False,0,False,False,False,False,1,762.2,FLY:2,VEHICLE|TOWERING|TITANIC
necrons_ghost_ark,Ghost Ark,Necrons,14.0,9,3,7,7,6.0,3,7,5,0.667,4,0,1.0,24,3,0.5,6,0,1.0,False,False,False,5,False,False,False,True,False,0,0,False,False,False,False,False,False,False,False,0,False,False,False,True,2,352.5,,VEHICLE|FLY
necrons_hexmark_destroyer,Hexmark Destroyer,Necrons,5.0,5,3,7,4,6.0,1,6,6,0.833,6,-2,1.0,18,4,0.667,5,0,1.0,False,False,True,0,False,True,False,False,False,0,0,False,False,False,False,False,False,False,True,0,False,False,True,False,0,206.2,,INFANTRY|CHARACTER
necrons_illuminor_szeras,Illuminor Szeras,Necrons,9.0,8,2,7,4,6.0,3,6,3,0.667,9,-3,3.0,36,4,0.667,9,-3,3.0,False,False,False,0,False,False,False,False,False,0,0,False,False,False,False,False,False,False,False,0,False,False,False,False,0,686.4,,INFANTRY|CHARACTER
necrons_immortals,Immortals,Necrons,1.0,5,3,7,7,6.0,2,7,2,0.667,5,-1,1.0,24,2,0.667,4,0,1.0,False,False,False,0,False,False,False,True,False,0,0,False,False,False,False,False,False,False,False,0,False,False,False,False,0,41.3,,INFANTRY|BATTLELINE
necrons_imotekh_the_stormlord,Imotekh the Stormlord,Necrons,6.0,5,2,7,7,6.0,1,6,3,0.833,6,-3,2.0,18,4,0.833,6,-3,2.0,False,False,False,0,False,False,False,False,False,0,0,False,False,False,False,False,False,False,False,0,False,False,False,False,0,322.4,,INFANTRY|CHARACTER
necrons_lokhust_destroyers,Lokhust Destroyers,Necrons,3.0,6,3,7,7,6.0,2,7,3,0.667,5,-2,2.0,24,2,0.667,4,0,1.0,False,False,False,0,False,False,False,True,False,0,0,False,False,False,False,False,False,False,False,0,False,False,False,True,0,153.8,,MOUNTED|FLY
necrons_lokhust_heavy_destroyers,Lokhust Heavy Destroyers,Necrons,4.0,6,3,7,7,6.0,2,7,1,0.667,14,-4,6.0,48,2,0.667,4,0,1.0,False,True,False,0,False,False,False,True,False,0,0,False,False,False,False,False,False,False,False,0,False,False,False,True,0,270.1,,MOUNTED|FLY
necrons_lokhust_lord,Lokhust Lord,Necrons,6.0,6,3,7,4,6.0,2,6,3,0.833,5,-2,1.0,18,4,0.833,8,-3,2.0,False,False,False,0,False,False,False,False,False,0,0,False,False,False,False,False,False,False,False,0,False,False,False,True,0,142.5,,MOUNTED|CHARACTER|FLY
necrons_lord_legends,Lord [Legends],Necrons,4.0,5,3,7,4,6.0,1,6,3,0.667,5,-2,1.0,18,3,0.667,8,-3,2.0,False,False,False,0,False,False,False,False,False,0,0,False,False,False,False,False,False,False,False,0,False,False,False,False,0,105.0,,INFANTRY|CHARACTER
necrons_lychguard,Lychguard,Necrons,2.0,5,3,7,7,6.0,1,7,2,0.667,8,-3,2.0,1,2,0.667,8,-3,2.0,False,False,False,0,False,False,False,False,False,0,0,True,False,False,False,False,False,False,False,0,False,False,False,False,0,147.6,,INFANTRY
necrons_monolith,Monolith,Necrons,22.0,13,2,7,7,6.0,8,7,10,0.667,8,-1,2.0,24,6,0.833,8,-2,3.0,False,False,False,0,False,False,False,False,False,0,0,True,False,True,False,False,False,False,True,0,False,False,False,True,3,1383.9,,VEHICLE|TITANIC|FLY|TOWERING
necrons_necron_warriors,Necron Warriors,Necrons,1.0,4,4,7,7,6.0,2,7,2,0.5,4,-1,1.0,12,1,0.5,4,0,1.0,False,False,False,0,False,False,False,True,False,0,0,False,False,False,False,False,False,False,False,0,False,True,False,False,0,21.9,,INFANTRY|BATTLELINE
necrons_nemesor_zahndrekh_legends,Nemesor Zahndrekh [Legends],Necrons,6.0,5,2,7,7,6.0,1,7,3,0.667,5,-2,1.0,18,4,0.667,5,-2,1.0,False,False,False,0,False,False,False,False,False,0,0,False,False,False,False,False,False,False,False,0,False,False,False,False,0,195.0,,INFANTRY|CHARACTER
necrons_night_scythe,Night Scythe,Necrons,12.0,9,3,7,7,6.0,1,7,6,0.667,8,0,2.0,36,3,0.5,6,0,1.0,False,False,False,0,True,False,False,False,False,0,2,False,False,False,False,False,False,False,True,0,False,False,False,True,2,420.1,,VEHICLE|FLY
necrons_night_shroud_legends,Night Shroud [Legends],Necrons,14.0,9,3,7,7,6.0,1,7,6,0.667,8,0,2.0,36,3,0.5,6,0,1.0,False,False,False,0,True,False,False,False,False,0,2,False,False,False,False,False,False,False,False,0,False,False,False,True,2,465.1,,VEHICLE|FLY
necrons_obelisk,Obelisk,Necrons,24.0,13,2,7,7,6.0,8,7,6,0.667,7,0,1.0,24,6,0.5,8,0,1.0,False,False,False,0,False,False,False,False,False,0,2,False,False,False,False,False,False,False,True,0,False,False,False,True,3,1140.0,FLY:4,VEHICLE|TITANIC|FLY|TOWERING
necrons_ophydian_destroyers,Ophydian Destroyers,Necrons,3.0,5,4,7,7,6.0,2,7,5,0.667,4,-2,2.0,1,5,0.667,4,-2,2.0,False,False,False,0,False,False,False,False,False,0,0,False,False,False,False,False,False,False,True,0,False,False,False,False,0,172.6,,INFANTRY
necrons_orikan_the_diviner,Orikan the Diviner,Necrons,4.0,4,4,7,7,6.0,1,6,2,0.667,4,-3,2.0,1,2,0.667,4,-3,2.0,False,False,False,0,False,False,False,False,False,0,0,True,False,False,False,False,False,False,False,0,False,False,False,False,0,95.0,,INFANTRY|CHARACTER
necrons_overlord,Overlord,Necrons,6.0,5,2,7,4,6.0,1,6,1,0.833,16,-5,5.5,72,4,0.833,8,-3,2.0,False,False,False,0,False,False,False,False,False,0,0,False,False,False,False,False,True,False,False,0,False,False,False,False,0,392.7,,INFANTRY|CHARACTER
necrons_overlord_with_translocation_shroud,Overlord with Translocation Shroud,Necrons,6.0,5,2,7,4,6.0,1,6,4,0.833,8,-3,2.0,1,4,0.833,8,-3,2.0,False,False,False,0,False,False,False,False,False,0,0,True,False,False,False,False,False,False,False,0,False,False,False,False,0,447.4,,INFANTRY|CHARACTER
necrons_plasmancer,Plasmancer,Necrons,4.0,4,4,7,4,6.0,1,6,3,0.5,7,-3,2.0,18,2,0.5,7,-3,2.0,False,False,False,0,False,False,False,False,False,0,0,False,False,False,False,False,False,False,False,0,False,False,False,False,0,132.5,,INFANTRY|CHARACTER
necrons_psychomancer,Psychomancer,Necrons,4.0,4,4,7,4,6.0,1,6,1,0.5,6,-3,3.0,18,1,0.5,6,-3,3.0,False,False,False,0,False,False,False,False,False,0,0,False,False,False,False,False,False,False,False,0,False,False,False,False,0,76.3,,INFANTRY|CHARACTER
necrons_royal_warden,Royal Warden,Necrons,4.0,5,3,7,4,6.0,1,6,2,0.667,5,-1,2.0,24,4,0.667,5,0,1.0,False,False,False,2,False,False,False,True,False,0,0,False,False,False,False,False,False,False,False,0,False,False,False,False,0,105.0,,INFANTRY|CHARACTER
necrons_sentry_pylon_legends,Sentry Pylon [Legends],Necrons,10.0,8,3,7,7,6.0,1,7,6,0.5,8,-2,2.0,36,0,0.0,4,0,0.0,False,False,False,0,False,False,False,False,False,0,2,False,False,False,False,False,False,False,False,0,False,False,False,False,2,450.0,,VEHICLE
necrons_seraptek_heavy_construct,Seraptek Heavy Construct,Necrons,24.0,12,3,7,7,6.0,10,7,7,0.667,10,-3,4.0,36,6,0.667,14,-3,5.0,False,False,False,0,False,False,False,False,False,0,0,True,False,True,False,False,False,False,False,0,False,False,False,False,1,1415.4,,VEHICLE|WALKER|TITANIC|TOWERING
necrons_skorpekh_destroyers,Skorpekh Destroyers,Necrons,3.0,6,3,7,7,6.0,2,7,4,0.667,7,-2,2.0,1,4,0.667,7,-2,2.0,False,False,False,0,False,False,False,False,False,0,0,False,False,False,False,False,False,False,False,0,False,False,False,False,0,193.8,,INFANTRY
necrons_skorpekh_lord,Skorpekh Lord,Necrons,7.0,7,3,7,4,6.0,2,6,2,0.833,6,-1,1.0,18,4,0.833,10,-3,3.0,False,False,False,2,False,False,False,False,False,0,0,False,False,False,False,False,False,False,False,0,False,False,False,False,0,116.2,,INFANTRY|CHARACTER
necrons_technomancer,Technomancer,Necrons,4.0,4,4,7,4,6.0,1,6,3,0.5,5,-2,1.0,18,2,0.5,5,-2,1.0,False,False,False,0,False,False,False,False,False,0,0,False,False,False,False,False,False,False,False,0,False,False,False,True,0,65.0,,INFANTRY|CHARACTER|FLY
necrons_tesseract_ark_legends,Tesseract Ark [Legends],Necrons,10.0,9,3,7,7,6.0,3,6,6,1.0,6,-1,2.0,12,3,0.5,6,0,1.0,False,False,False,0,False,True,True,False,False,0,0,False,False,False,False,False,False,False,False,0,False,False,False,True,1,517.5,,VEHICLE|FLY
necrons_tesseract_vault,Tesseract Vault,Necrons,24.0,12,2,7,7,6.0,8,7,6,0.667,7,0,1.0,24,6,0.5,8,0,1.0,False,False,False,0,False,False,False,False,False,0,2,False,False,False,False,False,False,False,False,0,False,False,False,True,6,1140.0,,VEHICLE|TITANIC|FLY|TOWERING
necrons_the_silent_king,The Silent King,Necrons,16.0,10,2,7,7,6.0,6,6,3,0.833,12,-3,4.67,24,5,0.611,5,-1,1.33,False,False,False,0,False,False,False,False,False,0,0,True,False,False,True,False,False,False,False,0,False,False,False,False,1,1266.7,,VEHICLE|CHARACTER
necrons_tomb_blades,Tomb Blades,Necrons,2.0,5,4,7,7,6.0,2,7,2,0.667,5,-1,1.0,24,1,0.5,4,0,1.0,False,False,False,0,True,False,False,True,False,0,0,False,False,False,False,False,False,True,False,9,False,False,False,True,0,45.0,,MOUNTED|FLY
necrons_transcendant_c_tan,Transcendant C'tan,Necrons,12.0,11,4,7,5,6.0,4,6,6,0.833,8,-2,2.0,12,8,0.833,9,-3,3.5,True,False,False,0,False,False,False,False,False,0,1,False,False,False,False,False,False,False,True,0,False,False,False,True,3,554.9,,MONSTER|CHARACTER|FLY
necrons_trazyn_the_infinite,Trazyn the Infinite,Necrons,6.0,5,2,7,7,6.0,1,6,4,0.833,7,0,2.0,1,4,0.833,7,0,2.0,False,False,False,0,False,False,False,False,False,0,2,False,False,False,False,False,False,False,False,0,False,False,False,False,0,235.0,,INFANTRY|CHARACTER
necrons_triarch_praetorians,Triarch Praetorians,Necrons,2.0,5,3,7,7,6.0,1,7,1,0.667,5,-2,2.0,12,3,0.667,5,-2,2.0,False,False,False,0,False,False,False,False,False,0,0,False,False,False,False,False,False,False,True,0,False,False,False,True,0,62.5,,INFANTRY|FLY
necrons_triarch_stalker,Triarch Stalker,Necrons,12.0,8,3,7,7,6.0,4,7,6,0.667,8,-2,2.0,24,4,0.667,7,-1,3.0,False,False,False,0,False,False,False,True,False,0,0,False,False,False,False,False,False,False,False,8,False,False,False,False,2,570.2,,VEHICLE|WALKER
necrons_varguard_obyron_legends,Varguard Obyron [Legends],Necrons,5.0,5,2,7,4,6.0,1,6,4,0.833,8,-3,2.0,1,4,0.833,8,-3,2.0,False,False,False,0,False,False,False,False,False,0,0,True,True,False,False,False,False,False,False,0,False,False,False,False,0,424.9,,INFANTRY|CHARACTER
orks_attack_fighta_legends,Attack Fighta [Legends],Orks,10.0,9,3,6,7,6.0,1,7,1,0.333,9,-2,3.0,24,3,0.5,6,0,1.0,False,False,False,0,False,False,False,False,False,0,0,False,False,False,False,False,False,False,False,0,False,False,False,True,2,262.5,,VEHICLE|FLY
orks_battlewagon,Battlewagon,Orks,16.0,10,3,6,7,6.0,5,7,4,0.333,9,-2,2.0,24,6,0.667,9,-1,2.0,False,False,False,0,False,False,False,False,False,0,0,False,False,False,False,False,False,False,False,0,False,False,False,False,3,472.4,,VEHICLE
orks_beast_snagga_boyz,Beast Snagga Boyz,Orks,1.0,5,5,7,6,6.0,2,7,1,0.333,4,0,1.05,12,3,0.667,5,-1,1.0,False,False,True,0,False,False,False,False,False,0,0,False,False,True,False,False,False,False,False,0,False,False,False,False,0,9.8,,INFANTRY|BATTLELINE
orks_beastboss,Beastboss,Orks,6.0,5,4,5,6,6.0,1,6,2,0.5,4,0,1.0,18,6,0.833,6,-1,2.0,False,False,False,1,False,False,False,False,False,0,0,False,False,False,False,False,False,False,False,0,False,False,False,False,0,56.3,,CHARACTER|INFANTRY
orks_beastboss_on_squigosaur,Beastboss on Squigosaur,Orks,8.0,8,3,5,5,6.0,3,6,2,0.333,6,0,2.0,18,6,0.833,6,-1,2.0,False,False,False,0,False,False,False,False,False,0,0,False,False,True,False,False,False,False,False,0,False,False,False,False,0,200.0,,CHARACTER|MOUNTED
orks_big_ed_bossbunka,Big'ed Bossbunka,Orks,12.0,10,3,7,7,6.0,1,7,1,0.333,12,-4,3.0,18,0,0.0,4,0,0.0,False,False,False,0,False,False,False,False,False,0,2,False,False,False,False,False,False,False,False,0,False,False,False,False,2,326.2,,VEHICLE
orks_big_gunz_legends,Big Gunz [Legends],Orks,3.0,4,5,6,7,6.0,1,8,2,0.167,4,-2,2.0,48,2,0.667,4,0,1.0,False,True,False,0,False,False,False,False,False,0,0,True,False,True,True,False,False,False,False,0,False,False,False,False,0,28.2,,VEHICLE
orks_big_mek,Big Mek,Orks,6.0,5,3,7,4,6.0,1,7,3,0.333,9,-2,3.5,24,4,0.667,9,-2,2.0,False,False,False,0,False,False,False,False,False,0,0,False,False,False,False,True,False,False,False,0,False,False,False,False,0,198.6,,INFANTRY|CHARACTER
orks_big_mek_in_mega_armour,Big Mek in Mega Armour,Orks,5.0,6,2,7,4,6.0,1,7,3,0.333,9,-2,3.5,24,4,0.667,9,-2,2.0,False,False,False,0,False,False,False,False,False,0,0,False,False,False,False,True,False,False,False,0,False,False,False,False,0,243.6,,CHARACTER|INFANTRY
orks_big_mek_on_warbike_legends,Big Mek on Warbike [Legends],Orks,6.0,6,4,6,4,6.0,2,7,4,0.333,9,-4,3.5,60,4,0.5,9,-2,2.0,False,True,False,0,False,False,False,False,False,0,0,False,False,True,False,False,False,False,False,0,False,False,False,False,0,340.0,,CHARACTER|MOUNTED
orks_big_mek_with_kustom_force_field_legends,Big Mek with Kustom Force Field [Legends],Orks,4.0,5,4,7,4,6.0,1,7,1,0.333,4,0,1.0,12,4,0.667,5,-1,1.0,False,False,True,0,False,False,False,False,False,0,0,False,False,False,False,False,False,False,False,0,False,False,False,False,0,33.7,,CHARACTER|INFANTRY
orks_big_mek_with_shokk_attack_gun,Big Mek with Shokk Attack Gun,Orks,5.0,5,4,7,4,6.0,1,7,4,0.333,9,-4,3.5,60,4,0.667,5,0,1.0,False,True,False,0,False,False,False,False,False,0,0,False,False,True,False,False,False,False,False,0,False,False,False,False,0,332.5,,CHARACTER|INFANTRY
orks_big_trakk_legends,Big Trakk [Legends],Orks,12.0,9,4,6,7,6.0,3,7,1,0.333,9,-2,5.0,36,3,0.5,6,0,1.0,False,False,False,0,False,False,False,False,False,0,0,False,False,False,False,False,False,False,False,0,False,False,False,False,2,242.4,,VEHICLE
orks_blitza_bommer,Blitza-bommer,Orks,12.0,9,3,6,7,6.0,1,7,4,0.333,6,-1,1.0,36,3,0.5,6,0,1.0,False,False,False,2,True,False,False,False,False,0,1,False,False,False,False,False,False,False,False,0,False,False,False,True,2,300.0,,VEHICLE|FLY
orks_boomdakka_snazzwagon,Boomdakka Snazzwagon,Orks,9.0,7,4,6,7,6.0,3,7,12,0.333,5,-1,1.0,24,4,0.5,7,-1,2.0,True,False,False,4,False,False,False,False,False,0,1,False,False,False,False,False,False,False,False,0,False,False,False,False,1,157.4,,VEHICLE
orks_boss_snikrot,Boss Snikrot,Orks,6.0,5,5,5,7,6.0,1,6,1,0.5,4,0,1.0,12,6,0.833,6,-1,2.0,False,False,True,0,False,False,False,False,False,0,0,False,True,False,False,False,False,True,False,0,True,False,True,False,0,39.4,,INFANTRY|CHARACTER
orks_boss_zagstruk_legends,Boss Zagstruk [Legends],Orks,6.0,5,4,5,6,6.0,1,6,1,0.333,4,0,1.0,12,6,0.833,8,-2,2.0,False,False,True,0,False,False,False,False,False,0,0,False,False,False,False,False,False,False,True,0,False,False,False,True,0,48.7,,INFANTRY|CHARACTER|FLY
orks_boyz,Boyz,Orks,1.0,5,5,7,7,6.0,2,7,2,0.333,4,0,1.0,18,2,0.667,4,0,1.0,False,False,False,1,False,False,False,False,False,0,0,False,False,False,False,False,False,False,False,0,False,False,False,False,0,13.1,,INFANTRY|BATTLELINE
orks_breaka_boyz,Breaka Boyz,Orks,2.0,5,4,7,7,6.0,1,7,3,0.667,6,-2,2.6,1,3,0.667,6,-2,2.6,False,False,False,0,True,False,False,False,False,0,0,True,False,False,False,True,False,False,False,0,False,False,False,False,0,150.3,MONSTER:4|VEHICLE:4,INFANTRY
orks_burna_bommer,Burna-bommer,Orks,12.0,9,3,6,7,6.0,1,7,7,0.333,5,-1,1.0,36,3,0.5,6,0,1.0,False,False,False,0,False,True,False,False,False,0,0,False,False,True,False,False,False,False,False,0,False,False,False,True,2,322.4,,VEHICLE|FLY
orks_chinork_warkopta_legends,Chinork Warkopta [Legends],Orks,10.0,8,4,6,7,6.0,2,7,3,0.333,9,-2,3.5,24,3,0.5,6,0,1.0,False,False,False,0,False,False,False,False,False,0,0,False,False,False,False,True,False,False,True,0,False,False,False,True,2,281.1,,VEHICLE|FLY
orks_da_red_gobbo_legends,Da Red Gobbo [Legends],Orks,3.0,2,5,7,7,6.0,1,7,2,0.5,4,0,1.0,12,3,0.5,3,0,1.0,False,False,True,0,False,False,False,False,False,0,0,True,False,False,False,False,False,False,False,0,False,False,False,False,0,18.0,,CHARACTER|INFANTRY
orks_dakkajet,Dakkajet,Orks,12.0,9,3,6,7,6.0,1,7,4,0.333,6,-1,1.0,36,3,0.5,6,0,1.0,False,False,False,2,True,False,False,False,False,0,1,False,False,False,False,False,False,False,False,0,False,False,False,True,2,300.0,,VEHICLE|FLY
orks_deff_dread,Deff Dread,Orks,8.0,9,2,6,7,6.0,3,7,3,0.333,9,-2,3.5,24,4,0.667,12,-2,3.0,False,False,False,0,False,False,False,False,False,0,0,False,False,False,False,True,False,False,False,0,False,False,False,False,1,491.1,,VEHICLE|WALKER
orks_deff_rolla_battle_fortress_legends,Deff Rolla Battle Fortress [Legends],Orks,22.0,12,3,6,7,6.0,8,7,4,1.0,5,-1,1.0,12,6,0.667,9,-1,2.0,False,False,False,0,False,True,True,False,False,0,0,False,False,False,False,False,False,False,False,0,False,False,False,False,1,573.8,,VEHICLE|TITANIC
orks_deffkilla_wartrike,Deffkilla Wartrike,Orks,9.0,6,4,5,4,6.0,3,6,4,1.0,5,-1,1.0,12,4,0.667,10,-2,2.0,False,False,False,0,False,True,True,False,False,0,0,False,False,False,False,False,False,False,False,0,False,False,False,False,1,146.2,,MOUNTED|CHARACTER
orks_deffkoptas,Deffkoptas,Orks,4.0,6,4,6,7,6.0,2,7,2,0.333,6,-1,2.08,12,6,0.667,5,0,1.0,False,False,True,0,True,False,False,False,False,0,0,False,False,True,False,True,False,False,True,0,False,False,False,True,0,56.0,,VEHICLE|FLY
orks_deffkoptas_with_big_shootas_legends,Deffkoptas with Big Shootas [Legends],Orks,4.0,6,4,6,7,6.0,2,7,2,0.333,6,-1,2.25,12,4,0.583,8,-2,1.5,False,False,True,0,False,False,False,False,False,0,0,False,False,False,False,True,False,False,True,0,False,False,False,True,0,63.7,,VEHICLE|FLY
orks_fighta_bommer_legends,Fighta-Bommer [Legends],Orks,12.0,9,3,6,7,6.0,1,7,3,0.333,5,0,1.0,36,3,0.5,6,0,1.0,False,False,False,2,True,False,False,False,False,0,0,False,False,False,False,False,False,False,False,0,False,False,False,True,2,285.0,,VEHICLE|FLY
orks_flash_gitz,Flash Gitz,Orks,2.0,5,4,7,7,6.0,1,7,3,0.333,6,-1,2.0,24,4,0.667,5,-1,1.0,False,True,False,0,False,False,False,False,False,0,1,False,False,False,False,False,False,False,False,0,False,False,False,False,0,60.0,,INFANTRY
orks_gargantuan_squiggoth,Gargantuan Squiggoth,Orks,30.0,13,3,7,7,6.0,12,7,7,0.333,12,-2,3.0,60,6,0.667,14,-3,12.0,False,False,False,0,False,False,False,False,True,0,0,False,False,True,False,False,False,False,False,0,False,False,False,False,1,937.2,,MONSTER|TITANIC|TOWERING
orks_ghazghkull_thraka,Ghazghkull Thraka,Orks,10.0,6,2,7,7,6.0,4,6,12,0.333,5,0,1.0,36,6,0.833,14,-3,4.0,False,False,False,4,False,False,False,False,False,0,0,False,False,False,False,False,False,False,False,0,False,False,False,False,0,284.9,,INFANTRY|CHARACTER
orks_gorkanaut,Gorkanaut,Orks,20.0,12,3,6,7,6.0,8,7,20,0.333,6,-1,1.0,36,5,0.667,18,-3,6.0,False,False,False,10,False,False,False,False,False,0,0,False,False,False,False,False,False,False,False,0,False,False,False,False,3,599.9,,VEHICLE|TITANIC|TOWERING|WALKER
orks_grot_bomm_launcha_legends,Grot Bomm Launcha [Legends],Orks,6.0,6,4,6,7,6.0,2,7,4,0.5,8,-2,2.0,72,2,0.5,6,0,1.0,False,False,False,0,False,False,False,False,False,0,0,False,False,True,True,False,True,False,False,0,False,False,False,False,0,176.3,,MOUNTED
orks_grot_mega_tank_legends,Grot Mega-Tank [Legends],Orks,12.0,9,3,7,7,6.0,4,8,2,0.5,9,-2,3.5,24,6,0.5,4,0,1.0,False,False,False,0,True,False,False,False,False,0,0,False,False,False,False,True,False,False,False,0,False,False,False,False,2,401.2,,VEHICLE
orks_grot_tanks_legends,Grot Tanks [Legends],Orks,5.0,6,3,7,7,6.0,2,8,3,0.625,7,-2,2.12,18,3,0.333,6,0,1.0,False,False,False,0,False,True,True,False,False,0,0,False,False,True,False,True,False,False,False,0,False,False,False,False,1,180.7,,VEHICLE
orks_grotmas_gitz_legends,Grotmas Gitz [Legends],Orks,5.0,3,4,7,5,6.0,2,7,3,0.5,4,-2,2.0,1,3,0.5,4,-2,2.0,False,False,False,0,False,False,False,False,False,0,0,False,False,False,False,False,False,False,False,6,False,False,True,True,0,86.2,,CHARACTER|MOUNTED|FLY
orks_hunta_rig,Hunta Rig,Orks,16.0,10,3,7,6,6.0,5,7,4,0.333,6,0,2.0,48,6,0.667,10,-1,2.0,False,False,False,0,False,False,False,False,False,0,0,False,False,True,True,False,False,False,False,0,False,False,False,False,3,395.0,,VEHICLE
orks_kannonwagon_legends,Kannonwagon [Legends],Orks,16.0,10,4,6,7,6.0,4,7,1,0.333,9,-2,5.0,36,3,0.5,8,0,1.0,False,False,False,0,False,False,False,False,False,0,0,False,False,False,False,False,False,False,False,0,False,False,False,False,3,302.4,,VEHICLE
orks_kaptin_badrukk_legends,Kaptin Badrukk [Legends],Orks,6.0,5,3,4,7,6.0,1,7,3,0.333,8,-3,3.0,24,6,0.833,5,-1,1.0,False,True,False,0,False,False,False,False,False,0,1,False,False,False,False,True,False,False,False,0,False,False,False,False,0,208.0,,INFANTRY|CHARACTER
orks_kill_krusha_legends,Kill Krusha [Legends],Orks,22.0,12,3,6,7,6.0,8,7,10,0.333,6,-1,1.0,48,6,0.5,8,-1,1.0,False,False,False,0,False,False,True,False,False,0,0,False,False,True,False,False,False,False,False,0,False,False,False,False,1,573.7,,VEHICLE|TITANIC
orks_kill_rig,Kill Rig,Orks,16.0,10,3,7,6,6.0,5,7,2,1.0,12,-3,3.5,24,6,0.667,10,-1,2.0,False,False,False,0,False,False,True,False,False,0,0,False,False,False,False,True,False,False,False,0,False,False,False,False,3,688.1,,VEHICLE|PSYKER
orks_kill_tank_legends,Kill Tank [Legends],Orks,24.0,12,3,7,7,6.0,10,6,10,0.333,14,-2,3.0,36,8,0.5,9,-1,2.0,False,False,False,0,False,False,False,False,False,0,0,False,False,True,False,False,False,False,False,0,False,False,False,False,1,933.4,,VEHICLE|TITANIC
orks_killa_kans,Killa Kans,Orks,5.0,6,3,6,7,6.0,2,8,4,0.667,7,-1,1.67,18,3,0.5,8,-2,3.0,False,False,False,0,False,True,True,False,False,0,0,False,False,True,False,False,False,False,False,0,False,False,False,False,1,143.7,,VEHICLE|WALKER
orks_kommandos,Kommandos,Orks,1.0,5,5,7,7,6.0,1,7,2,0.417,5,0,1.25,12,2,0.648,5,-1,1.11,False,False,True,2,False,True,True,False,False,0,0,False,False,True,False,False,False,True,False,0,True,False,False,False,0,22.7,,INFANTRY
orks_kustom_boosta_blasta,Kustom Boosta-blasta,Orks,9.0,7,4,6,7,6.0,3,7,7,1.0,4,0,1.0,6,4,0.5,7,-1,2.0,False,False,False,0,True,True,True,False,False,0,0,False,False,False,False,False,False,False,False,0,False,False,False,False,1,146.2,,VEHICLE
orks_lifta_wagon_legends,Lifta Wagon [Legends],Orks,16.0,10,3,6,7,6.0,5,7,4,0.333,6,-3,4.5,36,2,0.667,8,-2,2.0,False,False,False,0,False,False,False,False,False,0,0,False,False,False,False,False,False,False,False,0,False,False,False,False,3,584.8,VEHICLE:3,VEHICLE
orks_mad_dok_grotsnik_legends,Mad Dok Grotsnik [Legends],Orks,4.0,5,5,4,5,6.0,1,7,1,0.333,4,0,1.0,12,4,0.667,9,-2,2.0,False,False,True,0,False,False,False,False,False,0,0,False,False,False,False,False,False,False,False,0,False,False,False,False,0,26.2,,CHARACTER|INFANTRY
orks_mega_dread_legends,Mega Dread [Legends],Orks,16.0,10,2,6,7,6.0,5,7,6,0.333,9,-2,2.0,24,4,0.667,14,-3,4.0,False,False,False,0,False,False,False,False,False,0,0,False,False,False,False,False,False,False,False,0,False,False,False,False,3,882.3,,VEHICLE|WALKER
orks_meganobz,Meganobz,Orks,3.0,6,2,7,5,6.0,1,7,2,0.333,4,0,1.0,24,2,0.5,11,-3,2.0,False,False,False,2,False,False,False,False,False,0,0,True,False,False,False,False,False,False,False,0,False,False,False,False,0,75.0,INFANTRY:4,INFANTRY
orks_megatrakk_scrapjet,Megatrakk Scrapjet,Orks,9.0,7,4,6,7,6.0,3,7,4,0.333,9,-2,3.0,24,4,0.5,8,-1,2.0,False,False,False,0,False,False,False,False,False,0,0,False,False,True,False,False,False,False,False,0,False,False,False,False,1,236.1,,VEHICLE
orks_mek,Mek,Orks,4.0,5,5,7,4,6.0,1,7,2,0.333,8,-2,3.5,12,1,0.5,12,-3,2.0,False,False,False,0,False,False,False,False,False,0,0,False,False,True,False,True,False,False,False,0,False,False,False,False,0,109.9,,CHARACTER|INFANTRY
orks_mek_gunz,Mek Gunz,Orks,6.0,5,5,6,7,6.0,2,8,2,0.5,11,-2,4.83,48,6,0.333,2,0,1.0,False,False,False,0,False,False,False,False,False,0,0,True,False,True,False,True,False,False,False,0,False,False,False,False,0,230.1,FLY:2,VEHICLE
orks_meka_dread_legends,Meka-Dread [Legends],Orks,16.0,10,2,6,7,6.0,5,7,6,0.333,9,-2,2.0,24,4,0.667,14,-3,4.0,False,False,False,0,False,False,False,False,False,0,0,False,False,False,False,False,False,False,False,0,False,False,False,False,3,882.3,,VEHICLE|WALKER
orks_morkanaut,Morkanaut,Orks,20.0,12,3,5,7,6.0,8,7,6,0.333,10,-2,3.5,36,4,0.667,18,-3,6.0,False,False,False,0,False,False,False,False,False,0,0,False,False,True,False,True,False,False,False,0,False,False,False,False,3,734.1,,VEHICLE|TITANIC|TOWERING|WALKER
orks_mozrog_skragbad,Mozrog Skragbad,Orks,8.0,8,3,4,5,6.0,3,6,2,0.333,6,0,2.0,18,6,0.833,7,-1,3.0,False,False,False,0,False,False,False,False,False,0,0,False,False,True,False,False,False,False,False,0,False,False,False,False,0,200.0,,CHARACTER|MOUNTED
orks_nob_with_waaagh_banner_legends,Nob with Waaagh! Banner [Legends],Orks,3.0,5,4,7,4,6.0,1,7,4,0.333,4,0,1.0,18,3,0.667,8,-2,2.0,False,False,False,2,False,False,False,False,False,0,0,False,False,False,False,False,False,False,False,0,False,False,False,False,0,37.5,,CHARACTER|INFANTRY
orks_nobz,Nobz,Orks,2.0,5,4,7,7,6.0,1,7,1,0.333,4,0,1.0,12,3,0.583,7,-1,1.5,False,False,True,1,False,False,False,False,False,0,0,True,False,False,False,False,False,False,False,0,False,False,False,False,0,18.7,INFANTRY:4,INFANTRY
orks_nobz_on_warbikes_legends,Nobz on Warbikes [Legends],Orks,4.0,6,4,6,7,6.0,2,7,2,0.333,4,0,1.0,18,3,0.667,6,0,1.5,True,False,True,2,True,False,False,False,False,0,0,False,False,False,False,False,False,False,False,0,False,False,False,False,0,36.3,,MOUNTED
orks_painboss,Painboss,Orks,4.0,5,4,7,5,6.0,1,7,3,0.5,9,-2,2.0,1,3,0.5,9,-2,2.0,False,False,False,0,False,False,False,False,False,0,0,False,False,False,False,False,False,False,False,0,False,False,False,False,0,142.5,MONSTER:4|VEHICLE:4,CHARACTER|INFANTRY
orks_painboy,Painboy,Orks,3.0,5,5,7,4,6.0,1,7,3,0.5,9,-2,2.0,1,3,0.5,9,-2,2.0,False,False,False,0,False,False,False,False,False,0,0,False,False,False,False,False,False,False,False,0,False,False,False,False,0,129.4,,INFANTRY|CHARACTER
orks_painboy_on_warbike_legends,Painboy on Warbike [Legends],Orks,4.0,6,4,6,4,6.0,2,7,3,0.333,5,0,1.0,18,3,0.5,9,-2,2.0,True,False,False,2,True,False,False,False,False,0,0,False,False,False,False,False,False,False,False,0,False,False,False,False,0,45.0,,MOUNTED|CHARACTER
orks_rukkatrukk_squigbuggy,Rukkatrukk Squigbuggy,Orks,9.0,7,4,6,7,6.0,3,7,10,0.333,5,-1,2.0,36,4,0.5,7,-1,2.0,False,False,False,0,False,True,False,False,False,0,0,False,False,True,True,False,False,False,False,0,False,False,False,False,1,209.9,,VEHICLE
orks_shokkjump_dragsta,Shokkjump Dragsta,Orks,9.0,7,4,6,7,6.0,3,7,1,0.667,8,-2,4.5,24,4,0.5,7,-1,2.0,False,False,False,0,False,False,False,False,False,0,0,True,True,False,False,True,False,False,False,0,False,False,False,False,1,180.1,,VEHICLE
orks_skorchas_legends,Skorchas [Legends],Orks,6.0,6,4,6,7,6.0,2,7,4,1.0,5,-1,1.0,12,2,0.5,6,0,1.0,False,False,False,0,False,True,True,False,False,0,0,False,False,False,False,False,False,False,False,0,False,False,False,False,0,123.8,,MOUNTED
orks_squiggoth_legends,Squiggoth [Legends],Orks,18.0,10,3,7,7,6.0,5,7,1,0.333,9,-2,3.5,36,4,0.667,12,-2,3.5,False,False,False,0,False,False,False,False,False,0,0,False,False,False,False,False,False,False,False,0,False,False,False,False,3,448.7,,MONSTER
orks_stompa,Stompa,Orks,30.0,14,2,6,7,6.0,12,6,10,0.333,14,-3,3.5,72,6,0.667,24,-5,10.0,False,False,False,0,False,False,False,False,False,0,0,False,False,True,False,False,False,False,False,0,False,False,False,False,1,1923.6,,VEHICLE|TITANIC|TOWERING|WALKER
orks_stormboyz,Stormboyz,Orks,1.0,5,5,7,7,6.0,1,7,1,0.333,4,0,1.0,12,3,0.667,4,-1,1.0,False,False,True,0,False,False,False,False,False,0,0,False,False,False,False,False,False,False,True,0,False,False,False,True,0,9.4,,INFANTRY|FLY
orks_tankbustas,Tankbustas,Orks,2.0,5,4,7,7,6.0,1,7,1,0.333,9,-2,3.0,12,3,0.667,6,-2,2.0,False,False,True,0,False,False,False,False,False,0,0,False,False,False,False,False,False,False,False,0,False,False,False,False,0,52.5,,INFANTRY
orks_trukk,Trukk,Orks,10.0,8,4,6,7,6.0,2,7,3,0.333,5,0,1.0,36,1,0.5,10,0,3.5,False,False,False,2,False,False,False,False,False,0,0,False,False,False,False,False,False,False,False,0,False,False,False,False,2,165.0,,VEHICLE
orks_ufthak_blackhawk_legends,Ufthak Blackhawk [Legends],Orks,6.0,5,4,5,7,6.0,1,6,1,0.5,8,-2,4.5,24,4,0.667,10,-2,2.0,False,False,False,0,False,False,False,False,False,0,0,True,True,False,False,True,False,False,False,0,False,False,False,False,0,129.4,,INFANTRY|CHARACTER
orks_warbikers,Warbikers,Orks,3.0,6,4,6,7,6.0,2,7,2,0.333,5,0,1.0,18,2,0.667,4,0,1.0,True,False,True,2,True,False,False,False,False,0,0,False,False,False,False,False,False,False,False,0,False,False,False,False,0,35.0,,MOUNTED
orks_warboss,Warboss,Orks,6.0,5,4,5,4,6.0,1,6,2,0.333,4,0,1.0,12,5,0.833,8,-1,2.0,False,False,True,0,True,False,False,False,False,0,0,False,False,False,False,False,False,False,False,0,False,False,False,False,0,52.5,,CHARACTER|INFANTRY
orks_warboss_in_mega_armour,Warboss in Mega Armour,Orks,7.0,6,2,5,4,6.0,1,6,3,0.5,5,0,1.0,36,4,0.833,12,-2,2.0,False,False,False,2,False,False,False,False,False,0,0,False,False,False,False,False,False,False,False,0,False,False,False,False,0,180.0,,CHARACTER|INFANTRY
orks_warboss_on_warbike_legends,Warboss on Warbike [Legends],Orks,7.0,6,4,5,4,6.0,2,6,3,0.333,5,0,1.0,18,5,0.833,8,-1,2.0,True,False,False,2,True,False,False,False,False,0,0,False,False,False,False,False,False,False,False,0,False,False,False,False,0,67.5,,MOUNTED|CHARACTER
orks_warbuggies_legends,Warbuggies [Legends],Orks,6.0,6,4,6,7,6.0,2,7,3,0.333,8,-1,2.33,24,3,0.5,6,0,1.0,False,False,False,2,True,False,False,False,False,0,0,False,False,True,False,False,False,False,False,0,False,False,False,False,0,110.6,,MOUNTED
orks_wartrakks_legends,Wartrakks [Legends],Orks,6.0,6,4,6,7,6.0,2,7,3,0.333,8,-1,2.33,24,2,0.5,6,0,1.0,False,False,False,2,True,False,False,False,False,0,0,False,False,True,False,False,False,False,False,0,False,False,False,False,0,110.6,,MOUNTED
orks_wazbom_blastajet,Wazbom Blastajet,Orks,12.0,9,3,4,7,6.0,1,7,2,0.5,9,-3,4.0,48,3,0.5,6,0,1.0,False,False,False,0,False,False,False,False,False,0,0,False,False,True,False,False,False,False,False,0,False,False,False,True,2,457.5,,VEHICLE|FLY
orks_weirdboy,Weirdboy,Orks,4.0,5,5,7,4,6.0,1,7,1,0.5,6,-3,1.0,24,3,0.667,8,-1,2.0,False,False,False,0,False,False,False,False,False,0,0,False,True,False,False,False,False,False,False,0,False,False,False,False,2,41.2,,CHARACTER|INFANTRY|PSYKER
orks_wurrboy,Wurrboy,Orks,4.0,5,5,7,6,6.0,1,7,4,0.333,8,-3,2.0,18,3,0.667,5,0,1.0,False,False,False,0,False,False,False,False,False,0,0,False,False,False,False,False,False,False,False,0,False,False,False,False,2,131.8,,CHARACTER|INFANTRY|PSYKER
orks_zodgrod_wortsnagga,Zodgrod Wortsnagga,Orks,5.0,5,5,7,6,6.0,1,7,1,0.333,4,-1,1.0,12,5,0.833,7,-2,2.0,False,False,True,0,False,False,False,False,False,0,0,False,False,False,False,False,False,False,False,0,False,False,False,False,0,33.7,MONSTER:4,CHARACTER|INFANTRY
raven_guard_kayvaan_shrike,Kayvaan Shrike,Raven Guard,5.0,4,3,4,7,6.0,1,6,2,0.833,5,-1,2.0,18,7,0.833,5,-2,2.0,False,False,True,0,False,False,False,False,False,0,0,False,True,False,False,False,False,True,True,0,False,False,True,True,0,112.5,,CHARACTER|INFANTRY|FLY
salamanders_adrax_agatone,Adrax Agatone,Salamanders,5.0,4,2,4,7,6.0,1,6,6,1.0,4,-1,1.0,12,5,0.833,10,-2,3.0,False,False,True,0,False,True,True,False,False,0,0,False,False,False,False,False,False,False,False,0,False,False,False,False,0,184.7,,CHARACTER|INFANTRY
salamanders_vulkan_he_stan,Vulkan He'stan,Salamanders,5.0,4,2,4,6,6.0,1,6,6,1.0,6,-1,1.0,12,6,0.833,6,-2,2.0,False,False,False,0,False,True,True,False,False,0,0,False,False,False,False,False,False,False,False,0,False,False,False,False,0,221.2,,CHARACTER|INFANTRY
space_marines_aggressor_squad,Aggressor Squad,Adeptus Astartes,3.0,6,3,7,5,6.0,1,6,4,1.0,4,0,1.0,12,3,0.667,8,-2,2.0,False,False,False,0,True,True,True,False,False,0,0,False,False,False,False,False,False,False,False,0,False,False,False,False,0,84.4,,INFANTRY
space_marines_ancient,Ancient,Adeptus Astartes,4.0,4,3,7,4,6.0,1,6,1,0.667,4,0,1.0,12,5,0.833,5,-2,1.0,False,False,True,0,False,False,False,False,False,0,0,False,False,False,False,False,False,False,False,0,False,False,False,False,0,37.5,,INFANTRY|CHARACTER
space_marines_ancient_in_terminator_armor,Ancient in Terminator Armor,Adeptus Astartes,5.0,5,2,4,4,6.0,1,6,2,0.667,4,0,1.0,24,6,0.833,5,-2,1.0,False,False,False,2,False,False,False,False,False,0,0,False,False,False,False,False,False,False,True,0,False,False,False,False,0,127.5,,CHARACTER|INFANTRY
space_marines_ancient_on_bike_legends,Ancient on Bike [Legends],Adeptus Astartes,5.0,5,3,7,4,6.0,2,6,1,0.667,8,-2,2.0,12,3,0.667,8,-2,2.0,False,False,True,0,False,False,False,False,False,0,0,False,False,False,False,True,False,False,False,0,False,False,False,False,0,106.3,,CHARACTER|MOUNTED
space_marines_apothecary,Apothecary,Adeptus Astartes,4.0,4,3,7,4,6.0,1,6,1,0.667,4,-4,2.0,3,4,0.667,4,0,1.0,False,False,True,0,False,False,False,False,False,0,0,False,False,False,False,False,False,False,False,0,False,False,False,False,0,75.0,,CHARACTER|INFANTRY
space_marines_apothecary_biologis,Apothecary Biologis,Adeptus Astartes,5.0,6,3,7,4,6.0,3,6,1,0.667,5,-1,2.0,18,4,0.667,4,0,1.0,False,False,True,0,False,False,False,False,False,0,0,False,False,False,False,False,False,False,False,0,False,False,False,False,0,86.3,,CHARACTER|INFANTRY
space_marines_apothecary_on_bike_legends,Apothecary on Bike [Legends],Adeptus Astartes,5.0,5,3,7,4,6.0,2,6,2,0.667,4,0,1.0,24,5,0.667,4,-1,1.0,False,False,False,0,True,False,False,False,False,0,0,False,False,False,False,False,False,False,False,0,False,False,False,False,0,71.3,,CHARACTER|MOUNTED
space_marines_assault_intercessor_squad,Assault Intercessor Squad,Adeptus Astartes,2.0,4,3,7,5,6.0,2,6,1,0.7,4,-1,1.0,18,4,0.667,4,-1,1.1,False,False,True,0,False,True,True,False,False,0,0,False,False,False,False,False,False,False,False,0,False,False,False,False,0,29.8,,INFANTRY|BATTLELINE
space_marines_assault_intercessors_with_jump_packs,Assault Intercessors with Jump Packs,Adeptus Astartes,2.0,4,3,7,5,6.0,1,6,1,0.7,4,-1,1.1,18,4,0.667,4,-1,1.1,False,False,True,0,False,True,True,False,False,0,0,False,False,False,False,True,False,False,True,0,False,False,False,True,0,31.3,,INFANTRY|FLY
space_marines_assault_squad_legends,Assault Squad [Legends],Adeptus Astartes,2.0,4,3,7,5,6.0,1,6,1,0.667,6,-2,1.7,12,4,0.646,5,-1,1.19,False,False,True,0,False,False,False,False,False,2,0,False,False,False,False,True,False,False,False,0,False,False,False,False,0,49.0,,INFANTRY
space_marines_assault_squad_with_jump_packs_legends,Assault Squad with Jump Packs [Legends],Adeptus Astartes,2.0,4,3,7,5,6.0,1,6,1,0.667,6,-2,1.7,12,4,0.646,5,-1,1.19,False,False,True,0,False,False,False,False,False,2,0,False,False,False,False,True,False,False,True,0,False,False,False,True,0,49.0,,INFANTRY|FLY
space_marines_astartes_servitors_legends,Astartes Servitors [Legends],Adeptus Astartes,1.0,4,4,7,5,6.0,1,8,2,0.5,9,-4,3.5,18,1,0.333,4,-1,2.0,False,True,False,0,False,False,False,False,False,2,0,False,False,False,False,False,False,False,False,0,False,False,False,False,0,201.9,,INFANTRY
space_marines_astraeus,Astraeus,Adeptus Astartes,24.0,12,2,7,5,6.0,8,6,12,0.667,9,-1,3.0,72,6,0.5,8,0,1.0,False,False,False,0,True,False,False,False,False,0,1,False,False,False,False,False,False,False,False,0,False,False,False,False,1,1755.3,,VEHICLE|TITANIC
space_marines_attack_bike_squad_legends,Attack Bike Squad [Legends],Adeptus Astartes,5.0,5,3,7,5,6.0,2,6,2,0.667,6,-1,1.83,12,3,0.667,4,0,1.0,False,False,True,0,True,False,False,False,False,2,0,False,False,False,False,False,False,False,False,0,False,False,False,False,0,102.2,,MOUNTED
space_marines_ballistus_dreadnought,Ballistus Dreadnought,Adeptus Astartes,12.0,10,2,7,5,6.0,4,6,2,0.667,12,-3,4.5,48,5,0.667,7,0,1.0,False,False,False,0,False,False,False,False,False,0,0,False,False,False,False,False,False,False,False,0,False,False,False,False,2,821.4,,VEHICLE|WALKER
space_marines_bike_squad_legends,Bike Squad [Legends],Adeptus Astartes,5.0,5,3,7,5,6.0,2,6,2,0.667,5,-1,1.43,24,2,0.667,4,0,1.06,False,False,True,0,True,False,False,False,False,2,0,False,False,False,False,False,False,False,False,0,False,False,False,False,0,94.7,,MOUNTED
space_marines_bladeguard_ancient,Bladeguard Ancient,Adeptus Astartes,4.0,4,3,4,4,6.0,1,6,1,0.667,4,-1,1.0,18,5,0.833,4,0,1.0,False,False,True,0,False,False,False,False,False,0,0,False,False,False,False,False,False,False,False,0,False,False,False,False,0,41.3,,INFANTRY|CHARACTER
space_marines_bladeguard_veteran_squad,Bladeguard Veteran Squad,Adeptus Astartes,3.0,4,3,4,5,6.0,1,6,1,0.667,5,-1,1.17,18,4,0.667,5,-2,2.0,False,False,True,0,False,False,False,False,False,0,0,False,False,False,False,True,False,False,False,0,False,False,False,False,0,40.1,,INFANTRY
space_marines_brutalis_dreadnought,Brutalis Dreadnought,Adeptus Astartes,12.0,10,2,7,5,6.0,4,6,2,0.667,9,-4,3.5,18,6,0.667,12,-2,3.0,False,False,False,0,True,False,False,False,False,2,0,False,False,False,False,False,False,False,False,0,False,False,False,False,2,802.6,,VEHICLE|WALKER
space_marines_caestus_assault_ram_legends,Caestus Assault Ram [Legends],Adeptus Astartes,18.0,10,3,7,5,6.0,1,6,2,0.667,12,-4,6.0,18,6,0.5,8,0,1.0,False,False,False,0,True,False,False,False,True,4,0,False,False,False,False,False,False,False,False,0,False,False,False,True,3,855.2,,VEHICLE|FLY
space_marines_captain,Captain,Adeptus Astartes,5.0,4,3,4,4,6.0,1,6,2,0.833,4,-1,2.0,24,5,0.833,5,-2,2.0,False,False,False,0,False,False,False,False,False,0,0,False,False,False,False,False,False,False,False,0,False,False,False,False,0,93.7,,CHARACTER|INFANTRY
space_marines_captain_in_gravis_armour,Captain in Gravis Armour,Adeptus Astartes,6.0,6,3,4,4,6.0,1,6,2,0.833,5,-1,3.0,30,5,0.833,5,-2,2.0,True,True,False,0,False,False,False,False,False,0,0,False,False,False,False,False,False,False,False,0,False,False,False,False,0,180.0,,CHARACTER|INFANTRY
space_marines_captain_in_phobos_armour,Captain in Phobos Armour,Adeptus Astartes,5.0,4,3,4,4,6.0,1,6,1,0.833,4,-2,2.0,24,6,0.833,4,-1,1.0,False,False,False,0,False,False,False,False,False,0,0,False,True,False,False,False,False,True,False,0,True,False,False,False,0,75.0,,CHARACTER|INFANTRY
space_marines_captain_in_terminator_armour,Captain in Terminator Armour,Adeptus Astartes,6.0,5,2,4,4,6.0,1,6,2,0.667,4,0,1.0,24,6,0.833,5,-2,2.0,False,False,False,2,False,False,False,False,False,0,0,False,False,False,False,False,False,False,True,0,False,False,False,False,0,150.0,,CHARACTER|INFANTRY
space_marines_captain_on_bike_legends,Captain on Bike [Legends],Adeptus Astartes,6.0,5,3,4,4,6.0,2,6,1,0.667,8,-4,2.0,6,6,0.833,5,-2,2.0,False,False,True,0,False,False,False,False,False,2,0,False,False,False,False,False,False,False,False,0,False,False,False,False,0,142.5,,CHARACTER|MOUNTED
space_marines_captain_with_jump_pack,Captain with Jump Pack,Adeptus Astartes,5.0,4,3,4,4,6.0,1,6,5,0.667,8,-2,2.0,1,5,0.667,8,-2,2.0,False,False,False,0,False,False,False,False,False,0,0,True,False,False,False,False,False,False,True,0,False,False,False,True,0,287.6,,CHARACTER|INFANTRY|FLY
space_marines_carab_culln_the_risen_legends,Carab Culln the Risen [Legends],Adeptus Astartes,12.0,10,2,7,7,6.0,4,6,1,0.833,14,-3,3.5,48,5,0.667,12,-3,4.0,False,False,False,0,False,False,False,False,False,0,0,False,False,False,False,False,True,False,False,0,False,False,False,False,2,676.7,,VEHICLE|WALKER|CHARACTER
space_marines_centurion_assault_squad,Centurion Assault Squad,Adeptus Astartes,4.0,7,2,7,5,6.0,2,6,2,0.667,6,-2,2.25,24,3,0.667,10,-2,3.0,False,False,False,3,True,False,False,False,False,2,0,False,False,False,False,False,False,False,False,0,False,False,False,False,0,180.0,,INFANTRY
space_marines_centurion_devastator_squad,Centurion Devastator Squad,Adeptus Astartes,4.0,7,2,7,5,6.0,2,6,2,0.667,10,-2,3.25,36,3,0.5,5,-1,2.0,False,False,False,0,True,False,False,False,False,0,0,False,False,True,False,False,False,False,False,0,False,False,False,False,0,212.1,,INFANTRY
space_marines_chaplain,Chaplain,Adeptus Astartes,4.0,4,3,4,4,6.0,1,5,1,0.667,5,-1,2.0,18,5,0.833,6,-1,2.0,False,False,True,0,False,False,False,False,False,0,0,False,False,False,False,False,False,False,False,0,False,False,False,False,0,60.0,,CHARACTER|INFANTRY
space_marines_chaplain_in_terminator_armour,Chaplain in Terminator Armour,Adeptus Astartes,5.0,5,2,4,4,6.0,1,5,2,0.667,4,0,1.0,24,5,0.833,6,-1,2.0,False,False,False,2,False,False,False,False,False,0,0,False,False,False,False,False,False,False,True,0,False,False,False,False,0,127.5,,CHARACTER|INFANTRY
space_marines_chaplain_on_bike,Chaplain on Bike,Adeptus Astartes,5.0,5,3,4,4,6.0,1,5,2,0.667,4,-1,1.0,24,5,0.833,6,-1,2.0,False,False,False,0,True,False,False,False,False,0,0,False,False,False,False,False,False,False,False,0,False,False,False,False,0,78.8,,CHARACTER|MOUNTED
space_marines_chaplain_venerable_dreadnought_legends,Chaplain Venerable Dreadnought [Legends],Adeptus Astartes,8.0,9,2,7,5,6.0,3,6,2,0.667,9,-4,3.5,18,0,0.0,4,0,0.0,False,False,False,0,False,False,False,False,False,2,0,False,False,False,False,False,False,False,False,0,False,False,False,False,1,622.6,,VEHICLE|WALKER
space_marines_chaplain_with_jump_pack,Chaplain with Jump Pack,Adeptus Astartes,4.0,4,3,4,4,6.0,1,5,1,0.667,8,-4,2.0,6,4,0.833,8,-2,2.0,False,False,True,0,False,False,False,False,False,2,0,False,False,False,False,False,False,False,True,0,False,False,False,True,0,105.0,,CHARACTER|INFANTRY|FLY
space_marines_command_squad_legends,Command Squad [Legends],Adeptus Astartes,3.0,4,3,7,5,6.0,1,6,1,0.633,8,-4,2.3,6,3,0.667,5,-1,1.4,False,True,True,0,False,False,False,False,False,2,0,False,True,False,False,False,False,False,False,0,False,False,False,False,0,120.8,,INFANTRY
space_marines_company_champion_on_bike_legends,Company Champion on Bike [Legends],Adeptus Astartes,5.0,5,3,4,4,6.0,2,6,2,0.667,4,0,1.0,24,4,0.833,5,-2,2.0,False,False,False,0,True,False,False,False,False,0,0,False,True,False,False,False,False,False,False,0,False,False,False,False,0,71.3,,CHARACTER|MOUNTED
space_marines_company_heroes,Company Heroes,Adeptus Astartes,4.0,4,3,7,5,6.0,1,6,2,0.688,4,0,1.38,12,5,0.708,4,0,1.25,False,True,True,1,False,False,False,False,False,0,2,True,True,False,False,False,False,False,False,0,False,False,False,False,0,45.9,,INFANTRY
space_marines_company_veterans_on_bikes_legends,Company Veterans on Bikes [Legends],Adeptus Astartes,3.0,5,3,7,5,6.0,2,6,1,0.667,7,-2,2.03,24,3,0.667,8,-2,2.0,False,False,True,0,True,False,False,False,False,2,0,False,False,False,False,True,False,False,False,0,False,False,False,False,0,89.4,,MOUNTED
space_marines_deimos_predator_legends,Deimos Predator [Legends],Adeptus Astartes,11.0,10,3,7,5,6.0,3,6,2,0.667,12,-4,3.5,18,3,0.5,6,0,1.0,False,False,False,0,False,False,False,False,False,4,0,False,False,False,False,False,False,False,False,0,False,False,False,False,2,510.1,,VEHICLE
space_marines_desolation_squad,Desolation Squad,Adeptus Astartes,2.0,4,3,7,5,6.0,1,6,2,0.633,6,-1,2.0,12,3,0.667,4,0,1.0,False,True,True,0,False,False,False,False,False,0,0,False,False,True,True,False,False,False,False,0,False,False,False,False,0,57.7,,INFANTRY
space_marines_devastator_squad,Devastator Squad,Adeptus Astartes,2.0,4,3,7,5,6.0,1,6,2,0.65,5,-1,1.5,24,2,0.667,4,0,1.07,False,True,True,2,False,True,True,False,False,2,0,False,False,False,False,False,False,False,False,0,False,False,False,False,0,50.7,,INFANTRY
space_marines_dreadnought,Dreadnought,Adeptus Astartes,8.0,9,2,7,5,6.0,3,6,2,0.667,9,-4,3.5,18,0,0.0,4,0,0.0,False,False,False,0,False,False,False,False,False,2,0,False,False,False,False,False,False,False,False,0,False,False,False,False,1,622.6,,VEHICLE|WALKER
space_marines_drop_pod,Drop Pod,Adeptus Astartes,8.0,7,3,7,5,6.0,2,6,4,0.667,5,0,1.0,12,0,0.0,4,0,0.0,False,False,False,0,False,False,False,False,False,0,0,False,False,True,False,False,False,False,True,0,False,False,False,False,1,135.0,,VEHICLE
space_marines_eliminator_squad,Eliminator Squad,Adeptus Astartes,2.0,4,3,7,5,6.0,1,6,1,0.667,6,-2,2.25,12,3,0.667,4,0,1.0,False,True,True,0,False,False,False,False,False,0,0,False,False,False,False,False,False,True,False,0,True,False,False,False,0,60.0,,INFANTRY
space_marines_eradicator_squad,Eradicator Squad,Adeptus Astartes,3.0,6,3,7,5,6.0,1,6,1,0.653,6,-2,2.25,12,3,0.667,4,0,1.0,False,True,True,0,False,False,False,False,False,2,0,False,False,False,False,False,False,False,False,0,False,False,False,False,0,81.5,,INFANTRY
space_marines_firestrike_servo_turrets,Firestrike Servo-Turrets,Adeptus Astartes,6.0,6,2,7,5,6.0,2,6,2,0.833,10,-3,4.5,36,3,0.667,4,0,1.0,False,False,False,0,True,False,False,False,False,0,0,False,False,False,False,False,False,False,False,0,False,False,False,False,0,486.4,,VEHICLE
space_marines_gladiator_lancer,Gladiator Lancer,Adeptus Astartes,12.0,10,3,7,5,6.0,3,6,2,0.667,14,-4,6.5,72,3,0.5,6,0,1.0,False,True,False,0,False,False,False,False,False,0,0,False,False,False,False,False,False,False,False,0,False,False,False,False,2,757.7,,VEHICLE
space_marines_gladiator_reaper,Gladiator Reaper,Adeptus Astartes,12.0,10,3,7,5,6.0,3,6,12,0.667,6,0,1.0,24,3,0.5,6,0,1.0,False,False,False,0,True,False,False,False,False,0,0,True,False,False,False,False,False,False,False,0,False,False,False,False,2,390.1,,VEHICLE
space_marines_gladiator_valiant,Gladiator Valiant,Adeptus Astartes,12.0,10,3,7,5,6.0,3,6,2,0.667,10,-3,4.5,36,3,0.5,6,0,1.0,False,False,False,0,True,False,False,False,False,0,0,False,False,False,False,False,False,False,False,0,False,False,False,False,2,551.4,,VEHICLE
space_marines_hammerfall_bunker,Hammerfall Bunker,Adeptus Astartes,14.0,12,2,7,7,6.0,1,6,6,0.5,5,-1,2.0,36,0,0.0,4,0,0.0,False,False,False,0,True,False,False,False,False,0,1,False,False,False,False,False,False,False,False,0,False,False,False,False,3,765.0,,
space_marines_heavy_intercessor_squad,Heavy Intercessor Squad,Adeptus Astartes,3.0,6,3,7,5,6.0,2,6,2,0.667,4,0,1.5,12,3,0.667,4,0,1.0,True,True,True,0,False,False,False,False,False,0,1,False,False,False,False,False,False,False,False,0,False,False,False,False,0,51.2,,INFANTRY|BATTLELINE
space_marines_hellblaster_squad,Hellblaster Squad,Adeptus Astartes,2.0,4,3,7,5,6.0,1,6,2,0.667,6,-2,1.5,12,3,0.667,4,0,1.0,True,True,True,0,False,False,True,False,False,0,0,False,False,False,False,True,False,False,False,0,False,False,False,False,0,60.0,,INFANTRY
space_marines_hunter_legends,Hunter [Legends],Adeptus Astartes,11.0,11,3,7,5,6.0,3,6,1,0.833,10,-3,5.5,36,3,0.5,6,0,1.0,False,True,False,0,False,False,False,False,False,0,0,True,False,False,False,False,False,False,False,0,False,False,False,False,2,462.3,FLY:3,VEHICLE
space_marines_imperial_space_marine_legends,Imperial Space Marine [Legends],Adeptus Astartes,4.0,4,3,7,4,6.0,1,6,1,0.667,5,-1,1.0,12,4,0.667,4,0,1.0,False,False,True,0,False,False,False,False,False,0,0,True,False,False,False,False,False,False,False,0,False,False,False,False,0,45.0,INFANTRY:4,CHARACTER|INFANTRY
space_marines_impulsor,Impulsor,Adeptus Astartes,11.0,9,3,7,5,6.0,2,6,8,0.667,4,0,1.0,36,3,0.5,6,0,1.0,False,False,False,0,False,False,False,False,False,0,1,False,False,False,False,False,False,False,False,0,False,False,False,False,2,307.5,FLY:4,VEHICLE
space_marines_inceptor_squad,Inceptor Squad,Adeptus Astartes,3.0,6,3,7,5,6.0,1,6,2,0.667,8,-3,3.0,18,3,0.667,4,0,1.0,True,False,True,0,True,False,False,False,False,0,0,False,False,False,False,True,False,False,True,0,False,False,False,True,0,221.3,,INFANTRY|FLY
space_marines_incursor_squad,Incursor Squad,Adeptus Astartes,2.0,4,3,7,5,6.0,1,6,2,0.667,4,0,1.0,12,3,0.667,4,-1,1.0,True,False,True,0,False,True,False,False,False,0,0,False,False,False,False,False,False,False,False,6,False,False,False,False,0,26.3,,INFANTRY
space_marines_infernus_squad,Infernus Squad,Adeptus Astartes,2.0,4,3,7,5,6.0,1,6,2,0.833,4,0,1.0,12,3,0.667,4,0,1.0,False,False,True,0,False,True,True,False,False,0,0,False,False,False,False,False,False,False,False,0,False,False,False,False,0,36.1,,INFANTRY
space_marines_infiltrator_squad,Infiltrator Squad,Adeptus Astartes,2.0,4,3,7,5,6.0,1,6,2,0.667,4,0,1.0,12,3,0.667,4,0,1.0,False,True,True,0,False,False,False,False,False,0,0,False,False,False,False,False,False,False,False,0,True,False,False,False,0,26.3,,INFANTRY
space_marines_intercessor_squad,Intercessor Squad,Adeptus Astartes,2.0,4,3,7,5,6.0,2,6,2,0.683,4,-1,1.07,12,3,0.667,4,0,1.05,True,True,True,0,False,True,True,False,False,0,0,False,False,False,False,False,False,False,False,0,False,False,False,False,0,33.9,,INFANTRY|BATTLELINE
space_marines_invader_atv,Invader ATV,Adeptus Astartes,8.0,5,3,7,5,6.0,2,6,2,0.667,9,-4,3.5,18,5,0.667,4,0,1.0,False,False,False,0,False,False,False,False,False,2,0,False,False,False,False,False,False,False,False,0,False,False,False,False,0,352.6,,MOUNTED
space_marines_invictor_tactical_warsuit,Invictor Tactical Warsuit,Adeptus Astartes,12.0,8,3,7,5,6.0,4,6,3,0.667,9,-1,3.0,48,5,0.667,14,-2,3.0,False,False,False,0,True,False,False,False,False,0,0,False,False,False,False,False,False,False,False,8,False,False,False,False,2,438.8,,VEHICLE|WALKER
space_marines_ironclad_dreadnought_legends,Ironclad Dreadnought [Legends],Adeptus Astartes,8.0,10,2,7,5,6.0,3,6,1,0.833,14,-3,3.5,48,0,0.0,4,0,0.0,False,False,False,0,False,False,False,False,False,0,0,False,False,False,False,False,True,False,False,0,False,False,False,False,1,496.7,,VEHICLE|WALKER
space_marines_judiciar,Judiciar,Adeptus Astartes,4.0,4,3,7,4,6.0,1,5,1,0.667,5,-1,2.0,18,5,0.833,7,-2,2.0,False,False,True,0,False,False,False,False,False,0,0,False,True,False,False,False,False,False,False,0,False,False,False,False,0,60.0,,CHARACTER|INFANTRY
space_marines_land_raider,Land Raider,Adeptus Astartes,16.0,12,2,7,5,6.0,5,6,2,0.667,12,-3,4.5,48,6,0.5,8,0,1.0,False,False,False,0,False,False,False,False,False,0,0,False,False,False,False,False,False,False,False,0,False,False,False,False,3,1001.4,,VEHICLE
space_marines_land_raider_crusader,Land Raider Crusader,Adeptus Astartes,16.0,12,2,7,5,6.0,5,6,2,0.667,9,-4,3.5,18,6,0.5,8,0,1.0,False,False,False,0,False,False,False,False,False,2,0,False,False,False,False,False,False,False,False,0,False,False,False,False,3,982.6,,VEHICLE
space_marines_land_raider_excelsior_legends,Land Raider Excelsior [Legends],Adeptus Astartes,16.0,12,2,7,5,6.0,5,6,2,0.667,12,-3,4.5,48,6,0.5,8,0,1.0,False,False,False,0,False,False,False,False,False,0,0,False,False,False,False,False,False,False,False,0,False,False,False,False,3,1001.4,,VEHICLE
space_marines_land_raider_helios_legends,Land Raider Helios [Legends],Adeptus Astartes,16.0,12,2,7,5,6.0,5,6,3,0.667,9,-1,9.0,48,6,0.5,8,0,1.0,False,False,False,0,False,False,False,False,False,0,0,False,False,False,False,False,False,False,False,0,False,False,False,False,3,1226.5,FLY:3,VEHICLE
space_marines_land_raider_prometheus_legends,Land Raider Prometheus [Legends],Adeptus Astartes,16.0,12,2,7,5,6.0,5,6,6,0.667,5,-1,2.0,36,6,0.5,8,0,1.0,False,False,False,0,True,False,False,False,False,0,1,False,False,False,False,False,False,False,False,0,False,False,False,False,3,900.1,,VEHICLE
space_marines_land_raider_redeemer,Land Raider Redeemer,Adeptus Astartes,16.0,12,2,7,5,6.0,5,6,6,1.0,6,-2,2.0,12,6,0.5,8,0,1.0,False,False,False,0,False,True,True,False,False,0,0,False,False,False,False,False,False,False,False,0,False,False,False,False,3,1110.0,,VEHICLE
space_marines_land_speeder_legends,Land Speeder [Legends],Adeptus Astartes,6.0,7,3,7,5,6.0,2,6,2,0.667,9,-4,3.5,18,3,0.667,4,0,1.0,False,False,False,0,False,False,False,False,False,2,0,False,False,False,False,False,False,False,True,0,False,False,False,True,1,330.1,,VEHICLE|FLY
space_marines_land_speeder_storm_legends,Land Speeder Storm [Legends],Adeptus Astartes,7.0,7,4,7,5,6.0,1,6,3,0.667,5,-1,2.0,36,3,0.667,4,0,1.0,False,False,False,0,False,False,False,False,False,0,1,False,False,False,False,False,False,False,False,0,False,False,False,True,1,142.5,,VEHICLE|FLY
space_marines_land_speeder_tempest_legends,Land Speeder Tempest [Legends],Adeptus Astartes,7.0,8,3,7,5,6.0,2,6,2,0.667,9,-2,3.5,36,3,0.5,4,0,1.0,False,False,False,0,False,False,False,False,False,0,0,False,False,False,False,False,False,False,True,0,False,False,False,True,1,332.6,,VEHICLE|FLY
space_marines_land_speeder_tornado_legends,Land Speeder Tornado [Legends],Adeptus Astartes,6.0,7,3,7,5,6.0,2,6,2,0.667,9,-4,3.5,18,3,0.667,4,0,1.0,False,False,False,0,False,False,False,False,False,2,0,False,False,False,False,False,False,False,True,0,False,False,False,True,1,330.1,,VEHICLE|FLY
space_marines_land_speeder_typhoon_legends,Land Speeder Typhoon [Legends],Adeptus Astartes,6.0,7,3,7,5,6.0,2,6,2,0.667,9,-4,3.5,18,3,0.667,4,0,1.0,False,False,False,0,False,False,False,False,False,2,0,False,False,False,False,False,False,False,True,0,False,False,False,True,1,330.1,,VEHICLE|FLY
space_marines_librarian,Librarian,Adeptus Astartes,4.0,4,3,7,4,6.0,1,6,4,0.667,6,-2,2.0,24,4,0.667,6,-1,2.0,False,False,False,0,False,False,False,False,False,0,0,True,False,False,False,True,False,False,False,0,False,False,False,False,0,170.1,,CHARACTER|INFANTRY|PSYKER
space_marines_librarian_in_phobos_armour,Librarian in Phobos Armour,Adeptus Astartes,4.0,4,3,7,4,6.0,1,6,4,0.667,6,-2,2.0,24,4,0.667,6,-1,2.0,False,False,False,0,False,False,False,False,False,0,0,True,False,False,False,True,False,False,False,0,True,False,False,False,0,170.1,,CHARACTER|PSYKER|INFANTRY
space_marines_librarian_in_terminator_armour,Librarian in Terminator Armour,Adeptus Astartes,5.0,5,2,4,4,6.0,1,6,4,0.667,6,-2,2.0,24,4,0.667,6,-1,2.0,False,False,False,0,False,False,False,False,False,0,0,True,False,False,False,True,False,False,True,0,False,False,False,False,0,252.6,,CHARACTER|INFANTRY|PSYKER
space_marines_librarian_on_bike_legends,Librarian on Bike [Legends],Adeptus Astartes,5.0,5,3,7,4,6.0,2,6,4,0.667,6,-2,2.0,24,4,0.667,6,-1,2.0,False,False,False,0,False,False,False,False,False,0,0,True,False,False,False,True,False,False,False,0,False,False,False,False,0,196.3,,CHARACTER|MOUNTED|PSYKER
space_marines_librarian_with_jump_pack_legends,Librarian with Jump Pack [Legends],Adeptus Astartes,4.0,4,3,7,4,6.0,1,6,4,0.667,6,-2,2.0,24,4,0.667,6,-1,2.0,False,False,False,0,False,False,False,False,False,0,0,True,False,False,False,True,False,False,False,0,False,False,False,True,0,170.1,,CHARACTER|INFANTRY|PSYKER|FLY
space_marines_lieutenant,Lieutenant,Adeptus Astartes,4.0,4,3,7,4,6.0,1,6,1,0.833,5,0,2.0,12,5,0.833,5,-2,2.0,False,False,True,0,False,False,False,False,False,0,0,True,False,False,False,False,False,False,False,0,False,False,False,False,0,55.0,,CHARACTER|INFANTRY
space_marines_lieutenant_in_phobos_armour,Lieutenant in Phobos Armour,Adeptus Astartes,4.0,4,3,7,4,6.0,1,6,2,0.833,4,0,2.0,24,5,0.833,4,-1,1.0,False,False,False,0,False,False,False,False,False,0,0,False,False,False,False,False,False,False,True,6,True,False,False,False,0,67.5,,CHARACTER|INFANTRY
space_marines_lieutenant_in_reiver_armour,Lieutenant in Reiver Armour,Adeptus Astartes,4.0,4,3,7,4,6.0,1,6,1,0.833,4,-1,2.0,12,6,0.833,4,-1,1.0,False,False,True,0,False,False,False,False,False,0,0,False,True,False,False,False,False,False,False,6,False,False,False,False,0,58.1,,CHARACTER|INFANTRY
space_marines_lieutenant_with_combi_weapon,Lieutenant with Combi-weapon,Adeptus Astartes,4.0,4,3,7,5,6.0,1,6,1,0.5,4,0,1.0,24,5,0.833,4,-1,1.0,False,False,False,1,False,False,False,False,False,0,0,True,False,False,False,False,False,True,False,0,True,False,True,False,0,35.6,INFANTRY:4,CHARACTER|INFANTRY
space_marines_mortis_dreadnought_legends,Mortis Dreadnought [Legends],Adeptus Astartes,8.0,9,2,7,5,6.0,3,6,5,0.667,6,0,1.0,1,5,0.667,6,0,1.0,False,False,False,0,False,False,False,False,False,0,0,False,False,False,False,False,False,False,False,0,False,False,False,False,1,410.0,,VEHICLE|WALKER
space_marines_outrider_squad,Outrider Squad,Adeptus Astartes,4.0,5,3,7,5,6.0,2,6,2,0.667,4,-1,1.0,18,4,0.667,4,-1,1.0,False,False,True,0,True,False,False,False,False,0,0,False,False,False,False,False,False,False,False,0,False,False,False,False,0,61.9,,MOUNTED
space_marines_predator_annihilator,Predator Annihilator,Adeptus Astartes,11.0,10,3,7,5,6.0,3,6,1,0.667,14,-3,4.5,48,3,0.5,6,0,1.0,False,False,False,0,True,False,False,False,False,0,0,False,False,False,False,False,False,False,False,0,False,False,False,False,2,388.2,,VEHICLE
space_marines_predator_destructor,Predator Destructor,Adeptus Astartes,11.0,10,3,7,5,6.0,3,6,4,0.667,9,-1,3.0,48,3,0.5,6,0,1.0,False,False,False,2,False,False,False,False,False,0,0,False,False,False,False,False,False,False,False,0,False,False,False,False,2,472.6,,VEHICLE
space_marines_primaris_company_champion_legends,Primaris Company Champion [Legends],Adeptus Astartes,4.0,4,3,7,4,6.0,1,6,1,0.667,4,0,1.0,12,5,0.833,5,-2,2.0,False,False,True,0,False,False,False,False,False,0,0,False,True,False,False,False,False,False,False,0,False,False,False,False,0,37.5,,CHARACTER|INFANTRY
space_marines_razorback,Razorback,Adeptus Astartes,10.0,9,3,7,5,6.0,2,6,1,0.667,12,-3,4.5,48,3,0.5,6,0,1.0,False,False,False,0,True,False,False,False,False,0,0,False,False,False,False,False,False,False,False,0,False,False,False,False,2,365.7,,VEHICLE
space_marines_redemptor_dreadnought,Redemptor Dreadnought,Adeptus Astartes,12.0,10,2,7,5,6.0,4,6,4,0.667,9,-4,3.0,36,5,0.667,12,-2,3.0,False,False,False,0,False,False,True,False,False,0,0,False,False,True,False,True,False,False,False,0,False,False,False,False,2,1046.5,,VEHICLE|WALKER
space_marines_reiver_squad,Reiver Squad,Adeptus Astartes,2.0,4,3,7,5,6.0,1,6,1,0.667,4,-1,1.0,12,4,0.667,4,-1,1.0,False,False,True,0,False,False,False,False,False,0,0,False,True,False,False,False,False,False,True,6,False,False,False,False,0,31.3,,INFANTRY
space_marines_relic_razorback_legends,Relic Razorback [Legends],Adeptus Astartes,10.0,9,3,7,5,6.0,2,6,2,0.667,9,-4,3.5,18,3,0.5,6,0,1.0,False,False,False,0,False,False,False,False,False,2,0,False,False,False,False,False,False,False,False,0,False,False,False,False,2,487.6,,VEHICLE
space_marines_relic_terminator_squad_legends,Relic Terminator Squad [Legends],Adeptus Astartes,3.0,5,2,4,5,6.0,1,6,2,0.708,5,0,1.12,24,4,0.633,7,-2,1.6,False,False,False,2,False,True,True,False,False,0,0,False,False,False,False,True,False,False,True,0,False,False,False,False,0,93.6,,INFANTRY
space_marines_repulsor,Repulsor,Adeptus Astartes,16.0,12,3,7,5,6.0,5,6,2,0.667,10,-3,4.5,36,6,0.5,8,0,1.0,False,False,False,0,False,False,False,False,False,0,0,False,False,False,False,False,False,False,False,0,False,False,False,False,3,641.4,,VEHICLE
space_marines_repulsor_executioner,Repulsor Executioner,Adeptus Astartes,16.0,12,3,7,5,6.0,5,6,2,0.667,16,-4,7.5,72,6,0.5,8,0,1.0,False,True,False,0,False,False,False,False,False,0,0,False,False,False,False,False,False,False,False,0,False,False,False,False,3,922.8,,VEHICLE
space_marines_rhino,Rhino,Adeptus Astartes,10.0,9,3,7,5,6.0,2,6,1,0.833,14,-3,3.5,48,3,0.5,6,0,1.0,False,False,False,0,False,False,False,False,False,0,0,False,False,False,False,False,True,False,False,0,False,False,False,False,2,361.7,,VEHICLE
space_marines_rhino_primaris_legends,Rhino Primaris [Legends],Adeptus Astartes,10.0,9,3,7,5,6.0,3,6,1,0.833,14,-3,3.5,48,3,0.5,6,0,1.0,False,False,False,0,False,False,False,False,False,0,0,False,False,False,False,False,True,False,False,0,False,False,False,False,2,361.7,,VEHICLE
space_marines_scout_bike_squad_legends,Scout Bike Squad [Legends],Adeptus Astartes,3.0,5,4,7,5,6.0,2,6,2,0.667,5,0,1.11,24,3,0.667,4,0,1.08,True,False,True,0,True,False,False,False,False,2,0,False,False,False,False,False,False,False,False,9,False,False,False,False,0,43.5,,MOUNTED
space_marines_scout_sniper_squad_legends,Scout Sniper Squad [Legends],Adeptus Astartes,2.0,4,4,7,5,6.0,1,6,1,0.658,4,1,1.45,12,2,0.667,4,0,1.0,False,True,True,0,False,False,False,False,False,0,0,False,True,True,False,False,False,True,False,0,True,False,False,False,0,16.0,,INFANTRY
space_marines_scout_squad,Scout Squad,Adeptus Astartes,2.0,4,4,7,5,6.0,1,6,1,0.663,4,0,1.05,12,2,0.667,4,0,1.0,True,True,True,0,False,False,False,False,False,0,1,False,True,False,False,False,False,False,False,6,True,False,False,False,0,20.1,,INFANTRY
space_marines_stalker_legends,Stalker [Legends],Adeptus Astartes,11.0,11,3,7,5,6.0,3,6,6,0.667,7,-1,2.0,48,3,0.5,6,0,1.0,False,False,False,0,False,False,False,False,False,0,0,False,False,False,False,False,False,False,False,0,False,False,False,False,2,427.6,FLY:2,VEHICLE
space_marines_sternguard_veteran_squad,Sternguard Veteran Squad,Adeptus Astartes,2.0,4,3,7,5,6.0,1,6,1,0.614,4,0,1.0,12,4,0.667,4,0,1.05,True,True,True,1,False,True,True,False,False,0,0,True,False,False,False,False,False,False,False,0,False,False,False,False,0,23.3,INFANTRY:4,INFANTRY
space_marines_storm_speeder_hailstrike,Storm Speeder Hailstrike,Adeptus Astartes,11.0,9,3,7,5,6.0,3,6,8,0.667,5,0,1.0,24,4,0.667,4,0,1.0,False,False,False,0,False,False,False,False,False,0,0,True,False,False,False,False,False,False,True,0,False,False,False,True,2,327.5,,VEHICLE|FLY
space_marines_storm_speeder_hammerstrike,Storm Speeder Hammerstrike,Adeptus Astartes,11.0,9,3,7,5,6.0,3,6,3,0.667,9,-4,3.5,18,4,0.667,4,0,1.0,False,False,False,0,False,False,False,False,False,2,0,False,False,False,False,False,False,False,True,0,False,False,False,True,2,641.4,,FLY|VEHICLE
space_marines_storm_speeder_thunderstrike,Storm Speeder Thunderstrike,Adeptus Astartes,11.0,9,3,7,5,6.0,3,6,2,0.833,9,-3,4.5,36,4,0.667,4,0,1.0,False,False,False,0,False,False,False,False,False,0,0,False,False,False,False,False,False,False,True,0,False,False,False,True,2,598.9,,VEHICLE|FLY
space_marines_stormhawk_interceptor,Stormhawk Interceptor,Adeptus Astartes,10.0,9,3,7,5,6.0,1,6,2,0.667,10,-3,4.5,36,3,0.5,6,0,1.0,False,False,False,0,False,False,False,False,False,0,0,False,False,False,False,False,False,False,False,0,False,False,False,True,2,506.4,,VEHICLE|FLY
space_marines_stormraven_gunship,Stormraven Gunship,Adeptus Astartes,14.0,10,3,7,5,6.0,1,6,2,0.667,9,-4,3.5,18,6,0.5,8,0,1.0,False,False,False,0,True,False,False,False,False,2,0,False,False,False,False,False,False,False,False,0,False,False,False,True,3,577.6,,VEHICLE|FLY
space_marines_stormtalon_gunship,Stormtalon Gunship,Adeptus Astartes,10.0,8,3,7,5,6.0,1,6,1,0.667,12,-3,4.5,48,3,0.5,6,0,1.0,False,False,False,0,True,False,False,False,False,0,0,False,False,False,False,False,False,False,False,0,False,False,False,True,2,365.7,,VEHICLE|FLY
space_marines_suppressor_squad,Suppressor Squad,Adeptus Astartes,2.0,4,3,7,5,6.0,1,6,2,0.583,6,0,1.5,12,3,0.667,4,0,1.0,False,True,True,0,False,False,False,False,False,0,0,False,False,False,False,False,False,False,True,0,False,False,False,True,0,41.2,,INFANTRY|FLY
space_marines_tactical_squad,Tactical Squad,Adeptus Astartes,2.0,4,3,7,5,6.0,2,6,1,0.658,5,-1,1.3,12,2,0.667,4,0,1.07,False,True,True,2,False,False,False,False,False,2,0,False,False,False,False,True,False,False,False,0,False,False,False,False,0,43.0,,INFANTRY|BATTLELINE
space_marines_tarantula_air_defense_battery_legends,Tarantula Air Defense Battery [Legends],Adeptus Astartes,4.0,5,3,7,5,6.0,1,7,4,0.5,7,-1,1.0,48,1,0.5,4,0,1.0,False,False,False,0,False,False,False,False,False,0,0,False,False,True,False,False,False,False,False,0,False,False,False,False,1,84.4,FLY:2,VEHICLE
space_marines_techmarine,Techmarine,Adeptus Astartes,4.0,4,2,7,4,6.0,1,6,3,0.833,5,-1,2.0,24,4,0.667,6,-2,2.0,False,False,False,0,False,False,False,False,False,0,0,False,False,False,False,False,False,False,False,0,False,False,False,False,0,172.5,,CHARACTER|INFANTRY
space_marines_techmarine_on_bike_legends,Techmarine on Bike [Legends],Adeptus Astartes,5.0,5,3,7,4,6.0,2,6,1,0.667,8,-3,2.0,12,4,0.667,6,-2,2.0,False,False,True,0,False,False,False,False,False,0,0,False,False,False,False,True,False,False,False,0,False,False,False,False,0,118.8,,CHARACTER|MOUNTED
space_marines_terminator_assault_squad,Terminator Assault Squad,Adeptus Astartes,4.0,5,2,4,5,6.0,1,6,5,0.667,5,-2,1.0,1,5,0.667,5,-2,1.0,False,False,False,0,True,False,False,False,False,0,0,False,False,False,False,False,False,False,True,0,False,False,False,False,0,190.1,,INFANTRY
space_marines_terminator_squad,Terminator Squad,Adeptus Astartes,3.0,5,2,4,5,6.0,1,6,2,0.667,4,0,1.23,24,3,0.53,8,-2,2.0,False,False,False,2,False,False,False,False,False,0,0,False,False,False,False,False,False,False,True,0,False,False,False,False,0,85.9,,INFANTRY
space_marines_terminus_ultra_legends,Terminus Ultra [Legends],Adeptus Astartes,16.0,12,2,7,5,6.0,5,6,1,0.667,14,-3,6.5,48,6,0.5,8,0,1.0,False,False,False,0,True,False,False,False,False,0,0,False,False,False,False,True,False,False,False,0,False,False,False,False,3,923.2,,VEHICLE
space_marines_thunderfire_cannon_legends,Thunderfire Cannon [Legends],Adeptus Astartes,6.0,6,2,7,5,6.0,2,6,5,0.75,4,0,1.0,48,3,0.667,5,-1,1.33,False,False,True,0,False,True,True,False,False,0,0,False,False,True,True,False,False,False,False,0,False,False,False,False,0,176.2,,VEHICLE
space_marines_thunderhawk_gunship,Thunderhawk Gunship,Adeptus Astartes,30.0,12,2,7,5,6.0,1,6,3,0.667,20,-4,9.5,96,6,0.5,8,0,1.0,False,False,False,0,False,False,False,False,False,0,0,False,False,True,False,False,False,False,False,0,False,False,False,True,1,2419.3,,VEHICLE|TITANIC|FLY
space_marines_thunderhawk_transporter_legends,Thunderhawk Transporter [Legends],Adeptus Astartes,30.0,12,2,7,5,6.0,1,6,4,0.667,8,-2,3.0,72,8,0.5,8,0,1.0,False,False,False,0,False,False,False,False,False,0,0,False,False,False,False,False,False,False,False,0,False,False,False,True,1,1650.2,FLY:4,VEHICLE|TITANIC|FLY
space_marines_vanguard_veteran_squad_legends,Vanguard Veteran Squad [Legends],Adeptus Astartes,2.0,4,3,7,5,6.0,1,6,1,0.667,8,-4,2.0,6,4,0.667,5,-1,1.0,False,False,True,0,False,False,False,False,False,2,0,False,False,False,False,False,False,False,False,6,False,False,False,False,0,90.0,,INFANTRY
space_marines_vanguard_veteran_squad_with_jump_packs,Vanguard Veteran Squad with Jump Packs,Adeptus Astartes,2.0,4,3,7,5,6.0,1,6,1,0.667,8,-4,2.0,6,4,0.667,5,-1,1.0,False,False,True,0,False,False,False,False,False,2,0,False,False,False,False,False,False,False,True,0,False,False,False,True,0,90.0,,INFANTRY|FLY
space_marines_venerable_dreadnought_legends,Venerable Dreadnought [Legends],Adeptus Astartes,8.0,9,2,7,5,6.0,3,6,2,0.667,9,-4,3.5,18,5,0.667,6,0,1.0,False,False,False,0,False,False,False,False,False,2,0,False,False,False,False,False,False,False,False,0,False,False,False,False,1,622.6,,VEHICLE|WALKER
space_marines_vindicator,Vindicator,Adeptus Astartes,11.0,11,2,7,5,6.0,3,6,6,0.667,14,-3,3.5,24,3,0.5,6,0,1.0,False,False,False,0,False,False,False,False,False,0,0,False,False,True,False,False,False,False,False,0,False,False,False,False,2,1206.3,,VEHICLE
space_marines_whirlwind,Whirlwind,Adeptus Astartes,11.0,10,3,7,5,6.0,3,6,6,0.667,8,-2,2.0,72,3,0.5,6,0,1.0,False,False,False,0,False,False,False,False,False,0,0,False,False,True,True,False,False,False,False,0,False,False,False,False,2,572.7,,VEHICLE
space_wolves_arjac_rockfist,Arjac Rockfist,Space Wolves,6.0,5,2,4,7,6.0,1,6,1,0.833,8,-2,3.0,6,5,0.833,8,-2,3.0,True,False,False,0,False,False,False,False,False,0,0,False,False,False,False,False,False,False,True,0,False,False,False,False,0,228.7,MONSTER:2,INFANTRY|CHARACTER
space_wolves_bjorn_the_fell_handed,Bjorn the Fell-Handed,Space Wolves,8.0,9,2,7,5,6.0,3,6,2,0.833,9,-4,3.5,18,6,0.833,12,-2,3.0,False,False,False,0,False,False,False,False,False,2,0,False,False,False,False,False,False,False,False,0,False,False,False,False,1,688.0,,VEHICLE|WALKER|CHARACTER
space_wolves_blood_claws,Blood Claws,Space Wolves,2.0,4,3,7,5,6.0,2,6,1,0.667,4,0,1.07,12,3,0.667,4,-1,1.07,False,False,True,0,False,False,False,False,False,0,0,False,False,False,False,True,False,False,False,0,False,False,False,False,0,23.0,,INFANTRY|BATTLELINE
space_wolves_canis_wolfborn,Canis Wolfborn,Space Wolves,6.0,6,3,7,7,6.0,2,6,1,0.333,4,0,1.0,12,8,0.833,5,-2,1.0,False,False,True,0,False,False,False,False,False,0,0,False,False,False,False,False,False,False,False,0,False,False,False,False,0,71.2,,MOUNTED|CHARACTER
space_wolves_cyberwolf,Cyberwolf,Space Wolves,2.0,4,6,7,5,6.0,1,7,4,0.5,4,0,1.0,1,4,0.5,4,0,1.0,False,False,False,0,False,False,False,False,False,0,0,False,False,False,False,False,False,False,False,0,False,False,False,False,0,28.5,,BEAST|CHARACTER
space_wolves_fenrisian_wolves,Fenrisian Wolves,Space Wolves,1.0,4,6,7,5,6.0,1,8,2,0.5,4,0,1.0,1,2,0.5,4,0,1.0,False,False,False,0,False,False,False,False,False,0,0,False,False,False,False,False,False,False,False,0,False,False,False,False,0,14.2,,BEAST
space_wolves_grey_hunters,Grey Hunters,Space Wolves,2.0,4,3,7,5,6.0,2,6,1,0.667,5,-1,1.31,24,2,0.667,4,-1,1.04,False,False,True,0,False,False,False,False,False,2,0,False,False,False,False,True,False,False,False,0,False,False,False,False,0,42.9,,INFANTRY|BATTLELINE
space_wolves_harald_deathwolf,Harald Deathwolf,Space Wolves,7.0,6,3,4,7,6.0,2,6,1,0.833,4,0,1.0,12,6,0.833,6,-2,2.0,False,False,True,0,False,False,False,False,False,0,0,False,False,False,False,False,False,False,False,0,False,False,False,False,0,88.1,,MOUNTED|CHARACTER
space_wolves_hounds_of_morkai,Hounds of Morkai,Space Wolves,2.0,4,3,7,5,6.0,1,6,1,0.667,4,-1,1.0,12,4,0.667,4,0,1.0,False,False,True,0,False,False,False,False,False,0,0,True,True,False,False,False,False,False,False,6,False,False,False,False,0,26.3,PSYKER:4,INFANTRY
space_wolves_iron_priest,Iron Priest,Space Wolves,4.0,4,2,7,4,6.0,1,6,1,0.667,6,-3,3.0,12,3,0.5,8,-2,3.0,False,False,True,0,False,False,False,False,False,0,0,False,False,False,False,False,False,False,False,0,False,False,False,False,0,135.0,,INFANTRY|CHARACTER
space_wolves_iron_priest_on_thunderwolf_legends,Iron Priest on Thunderwolf [Legends],Space Wolves,5.0,6,2,7,4,6.0,2,6,1,0.833,6,-3,3.0,12,3,0.5,8,-2,3.0,False,False,True,0,False,False,False,False,False,0,0,False,False,False,False,False,False,False,False,0,False,False,False,False,0,206.2,,CHARACTER|MOUNTED
space_wolves_krom_dragongaze,Krom Dragongaze,Space Wolves,4.0,4,3,4,7,6.0,1,6,1,0.833,4,0,1.0,12,6,0.833,7,-2,2.0,False,False,True,0,False,False,False,False,False,0,0,False,False,False,False,False,False,False,False,0,False,False,False,False,0,39.4,,INFANTRY|CHARACTER
space_wolves_logan_grimnar,Logan Grimnar,Space Wolves,6.0,5,2,4,7,6.0,1,6,2,0.667,4,0,1.0,24,6,0.833,8,-2,3.0,False,False,False,2,False,False,False,False,False,0,0,False,False,False,False,False,False,False,True,0,False,False,False,False,0,150.0,,INFANTRY|CHARACTER
space_wolves_logan_grimnar_on_stormrider,Logan Grimnar on Stormrider,Space Wolves,12.0,6,2,4,7,6.0,4,6,2,0.667,4,0,1.0,24,6,0.833,8,-2,3.0,False,False,False,2,False,False,False,False,False,0,0,False,False,False,False,False,False,False,False,0,False,False,False,False,2,285.0,,MOUNTED|CHARACTER
space_wolves_long_fangs,Long Fangs,Space Wolves,2.0,4,3,7,5,6.0,1,6,2,0.62,6,-1,1.9,12,2,0.667,4,0,1.03,False,True,True,0,False,True,True,False,False,2,1,False,False,True,False,True,False,False,False,0,False,False,False,False,0,57.3,VEHICLE:2,INFANTRY
space_wolves_lukas_the_trickster,Lukas the Trickster,Space Wolves,4.0,4,3,7,7,6.0,1,6,1,0.667,8,-2,2.0,12,6,0.833,5,-2,1.0,False,False,True,0,False,False,False,False,False,0,0,False,False,False,False,True,False,False,False,0,False,False,False,False,0,80.0,,INFANTRY|CHARACTER
space_wolves_murderfang,Murderfang,Space Wolves,8.0,9,2,7,6,6.0,1,6,4,1.0,5,-1,1.0,12,8,0.667,14,-2,3.0,False,False,False,0,False,True,True,False,False,0,0,False,False,False,False,False,False,False,False,0,False,False,False,False,1,438.8,,VEHICLE|WALKER|CHARACTER
space_wolves_njal_stormcaller,Njal Stormcaller,Space Wolves,5.0,5,2,4,7,6.0,1,6,7,0.667,7,-1,1.0,24,4,0.667,7,-1,2.0,False,False,False,0,False,False,False,False,False,0,2,False,False,False,False,True,False,False,True,0,False,False,False,False,0,217.6,,INFANTRY|CHARACTER|PSYKER
space_wolves_ragnar_blackmane,Ragnar Blackmane,Space Wolves,5.0,4,3,4,7,6.0,1,6,1,0.833,4,0,1.0,12,8,0.833,6,-3,2.0,False,False,True,0,False,False,False,False,False,0,0,False,False,False,False,False,False,False,False,0,False,False,False,False,0,46.9,,INFANTRY|CHARACTER
space_wolves_skyclaws,Skyclaws,Space Wolves,2.0,4,3,7,5,6.0,1,6,1,0.667,4,0,1.07,12,3,0.667,4,-1,1.07,False,False,True,0,False,False,False,False,False,0,0,False,False,False,False,True,False,False,True,0,False,False,False,True,0,23.0,,INFANTRY|FLY
space_wolves_space_wolves_venerable_dreadnought,Space Wolves Venerable Dreadnought,Space Wolves,8.0,9,2,7,5,6.0,3,6,2,0.667,9,-4,3.5,18,5,0.667,10,-2,4.5,False,False,False,0,False,False,False,False,False,2,0,False,False,False,False,False,False,False,False,0,False,False,False,False,1,622.6,,VEHICLE|WALKER
space_wolves_stormfang_gunship,Stormfang Gunship,Space Wolves,14.0,10,3,7,5,6.0,1,6,2,0.667,11,-3,7.0,36,6,0.5,8,0,1.0,False,False,False,0,False,False,False,False,False,0,2,False,False,False,False,False,False,False,False,0,False,False,False,True,3,752.7,,VEHICLE|FLY
space_wolves_stormwolf,Stormwolf,Space Wolves,14.0,10,3,7,5,6.0,1,6,4,1.0,6,-1,2.0,12,6,0.5,8,0,1.0,False,False,False,0,True,False,True,False,False,0,0,False,False,False,False,False,False,False,False,0,False,False,False,True,3,472.5,,VEHICLE|FLY
space_wolves_thunderwolf_cavalry,Thunderwolf Cavalry,Space Wolves,4.0,6,3,7,5,6.0,2,6,2,0.667,4,0,1.0,24,4,0.583,5,-1,1.0,False,False,True,0,False,False,False,False,False,0,0,False,False,False,False,False,False,False,False,0,False,False,False,False,0,56.3,,MOUNTED
space_wolves_ulrik_the_slayer,Ulrik the Slayer,Space Wolves,4.0,4,3,4,6,6.0,1,5,1,0.833,8,-2,2.0,12,5,0.833,6,-2,2.0,False,False,True,0,False,False,False,False,False,0,0,False,False,False,False,True,False,False,False,0,False,False,False,False,0,92.5,,INFANTRY|CHARACTER
space_wolves_wolf_guard,Wolf Guard,Space Wolves,2.0,4,3,7,5,6.0,1,5,1,0.625,5,0,1.25,24,4,0.667,5,-1,1.0,False,False,True,2,False,False,False,False,False,0,0,True,False,False,False,True,False,False,False,0,False,False,False,False,0,29.6,INFANTRY:4,INFANTRY
space_wolves_wolf_guard_battle_leader_in_terminator_armour,Wolf Guard Battle Leader in Terminator Armour,Space Wolves,5.0,5,2,4,4,6.0,1,6,2,0.833,4,0,1.0,24,4,0.833,8,-2,2.0,False,False,False,2,False,False,False,False,False,0,0,False,False,False,False,False,False,False,True,0,False,False,False,False,0,131.2,,INFANTRY|CHARACTER
space_wolves_wolf_guard_battle_leader_on_thunderwolf,Wolf Guard Battle Leader on Thunderwolf,Space Wolves,5.0,6,3,7,4,6.0,2,6,1,0.833,8,-2,2.0,12,5,0.833,5,-2,2.0,False,False,True,0,False,False,False,False,False,0,0,False,False,False,False,True,False,False,False,0,False,False,False,False,0,118.7,,MOUNTED|CHARACTER
space_wolves_wolf_guard_pack_leader,Wolf Guard Pack Leader,Space Wolves,2.0,4,3,7,5,6.0,1,6,3,0.667,4,0,1.0,1,3,0.667,4,0,1.0,False,False,False,0,False,False,False,False,False,0,0,False,False,False,False,False,False,False,False,0,False,False,False,False,0,37.5,,INFANTRY|CHARACTER
space_wolves_wolf_guard_pack_leader_in_terminator_armour,Wolf Guard Pack Leader in Terminator Armour,Space Wolves,3.0,5,2,4,5,6.0,1,6,2,0.667,9,-2,3.5,36,5,0.667,5,-2,1.0,False,False,False,0,False,False,False,False,False,0,0,False,False,False,False,False,False,False,False,0,False,False,False,False,0,242.6,,INFANTRY|CHARACTER
space_wolves_wolf_guard_pack_leader_with_jump_pack,Wolf Guard Pack Leader with Jump Pack,Space Wolves,2.0,4,3,7,5,6.0,1,6,3,0.667,4,0,1.0,1,3,0.667,4,0,1.0,False,False,False,0,False,False,False,False,False,0,0,False,False,False,False,False,False,False,False,0,False,False,False,True,0,37.5,,INFANTRY|CHARACTER|FLY
space_wolves_wolf_guard_terminators,Wolf Guard Terminators,Space Wolves,3.0,5,2,4,5,6.0,1,6,2,0.667,4,0,1.0,24,4,0.667,4,-1,1.0,False,False,False,2,False,False,False,False,False,0,0,False,False,False,False,False,False,False,True,0,False,False,False,False,0,82.5,,INFANTRY
space_wolves_wolf_lord_on_thunderwolf,Wolf Lord on Thunderwolf,Space Wolves,6.0,6,3,4,4,6.0,2,6,2,0.833,4,0,2.0,24,6,0.833,5,-2,2.0,False,False,False,0,False,False,False,False,False,0,0,False,False,False,False,False,False,False,False,0,False,False,False,False,0,105.0,,MOUNTED|CHARACTER
space_wolves_wolf_scouts,Wolf Scouts,Space Wolves,2.0,4,4,7,5,6.0,1,6,1,0.667,4,0,1.11,12,2,0.667,4,0,1.0,True,False,True,0,False,False,False,False,False,2,0,False,False,False,False,False,False,False,False,6,True,False,False,False,0,20.2,,INFANTRY
space_wolves_wulfen,Wulfen,Space Wolves,2.0,5,4,7,6,6.0,1,6,4,0.333,4,0,1.0,12,5,0.667,6,-1,1.67,True,False,False,0,False,False,False,False,False,0,0,False,False,True,False,False,False,False,False,0,False,False,False,False,0,28.1,,INFANTRY
space_wolves_wulfen_dreadnought,Wulfen Dreadnought,Space Wolves,8.0,9,2,7,6,6.0,1,6,5,0.667,10,-2,4.5,1,5,0.667,10,-2,4.5,False,False,False,0,False,False,False,False,False,0,0,False,False,False,False,False,False,False,False,0,False,False,False,False,1,922.8,,VEHICLE|WALKER
t_au_empire_aun_shi_legends,Aun'shi [Legends],T'au Empire,3.0,3,6,5,7,6.0,1,7,6,0.667,5,-1,2.0,1,6,0.667,5,-1,2.0,False,False,False,0,False,False,False,False,False,0,1,False,False,False,False,False,False,False,False,0,False,False,False,False,0,186.8,,CHARACTER|INFANTRY
t_au_empire_aun_va_legends,Aun'va [Legends],T'au Empire,5.0,3,5,7,7,6.0,1,7,3,0.667,5,0,1.0,1,3,0.667,5,0,1.0,False,False,False,0,False,False,False,False,False,0,0,False,False,False,False,False,False,False,False,0,False,False,True,False,0,44.1,,CHARACTER|INFANTRY
t_au_empire_ax_1_0_tiger_shark,AX-1-0 Tiger Shark,T'au Empire,18.0,11,3,5,7,6.0,1,7,1,0.5,26,-5,12.0,120,3,0.333,6,0,1.0,False,False,False,0,True,False,False,False,False,0,0,True,False,False,False,False,False,False,False,0,False,False,False,True,1,742.5,,VEHICLE|FLY
t_au_empire_barracuda_legends,Barracuda [Legends],T'au Empire,14.0,10,3,5,7,6.0,1,7,6,0.5,8,-2,3.0,60,3,0.333,6,0,1.0,False,False,False,0,False,False,False,False,False,0,0,False,False,True,False,True,False,False,False,0,False,False,False,True,2,680.6,,VEHICLE|FLY
t_au_empire_breacher_team,Breacher Team,T'au Empire,1.0,3,4,7,7,6.0,2,7,2,0.597,6,-1,1.0,12,1,0.333,3,0,1.0,True,False,True,0,False,False,False,False,False,0,0,False,False,False,False,False,False,False,False,0,False,False,False,False,0,25.0,,INFANTRY|BATTLELINE
t_au_empire_broadside_battlesuits,Broadside Battlesuits,T'au Empire,8.0,6,2,7,4,6.0,2,7,2,0.5,13,-4,4.5,60,3,0.333,6,0,1.0,False,True,False,0,False,False,False,False,False,0,0,True,False,False,False,False,True,False,False,0,False,False,False,False,0,369.8,,VEHICLE|WALKER
t_au_empire_cadre_fireblade,Cadre Fireblade,T'au Empire,3.0,3,4,7,7,6.0,1,7,1,0.667,5,0,2.0,30,3,0.5,3,0,1.0,False,False,False,1,False,False,False,False,False,0,0,False,False,False,False,False,False,False,False,0,False,False,False,False,0,31.3,,CHARACTER|INFANTRY
t_au_empire_commander_farsight,Commander Farsight,T'au Empire,8.0,5,2,4,7,6.0,2,6,2,0.833,8,-3,3.0,24,4,0.833,10,-2,3.0,False,False,False,0,False,False,False,False,False,0,0,False,False,False,False,False,False,False,True,0,False,False,False,True,0,414.3,,VEHICLE|WALKER|FLY|CHARACTER
t_au_empire_commander_in_coldstar_battlesuit,Commander in Coldstar Battlesuit,T'au Empire,6.0,5,3,7,7,6.0,2,7,3,0.667,8,-2,2.0,18,3,0.5,5,0,1.0,False,False,False,0,False,False,False,False,False,0,0,False,False,False,False,True,False,False,True,0,False,False,False,True,0,217.6,,CHARACTER|VEHICLE|WALKER|FLY
t_au_empire_commander_in_crisis_battlesuit_legends,Commander in Crisis Battlesuit [Legends],T'au Empire,5.0,5,3,7,7,6.0,2,7,3,0.667,8,-2,2.0,18,3,0.5,5,0,1.0,False,False,False,0,False,False,False,False,False,0,0,False,False,False,False,True,False,False,True,0,False,False,False,True,0,206.3,,CHARACTER|VEHICLE|WALKER|FLY
t_au_empire_commander_in_enforcer_battlesuit,Commander in Enforcer Battlesuit,T'au Empire,6.0,5,2,7,7,6.0,2,7,3,0.667,8,-2,2.0,18,3,0.5,5,0,1.0,False,False,False,0,False,False,False,False,False,0,0,False,False,False,False,True,False,False,True,0,False,False,False,True,0,285.1,,CHARACTER|VEHICLE|WALKER|FLY
t_au_empire_commander_shadowsun,Commander Shadowsun,T'au Empire,6.0,4,3,5,7,6.0,1,6,1,0.833,10,-4,3.5,18,3,0.5,5,0,1.0,False,False,False,0,False,False,False,False,False,2,0,False,False,False,False,False,False,True,False,0,True,False,True,True,0,209.0,,INFANTRY|FLY|CHARACTER
t_au_empire_crisis_battlesuits_legends,Crisis Battlesuits [Legends],T'au Empire,4.0,5,3,7,7,6.0,2,7,1,0.5,9,-4,3.5,12,3,0.333,5,0,1.0,False,False,False,0,False,False,False,False,False,2,0,False,False,False,False,False,False,False,True,0,False,False,False,True,0,143.4,,VEHICLE|WALKER|FLY
t_au_empire_crisis_fireknife_battlesuits,Crisis Fireknife Battlesuits,T'au Empire,4.0,5,3,7,7,6.0,2,7,1,0.5,8,-3,3.0,18,3,0.333,5,0,1.0,False,False,False,0,False,False,False,False,False,0,0,False,False,False,False,False,False,False,True,0,False,False,False,True,0,115.3,,VEHICLE|WALKER|FLY
t_au_empire_crisis_starscythe_battlesuits,Crisis Starscythe Battlesuits,T'au Empire,4.0,5,3,7,7,6.0,2,7,4,1.0,4,0,1.0,12,3,0.333,5,0,1.0,False,False,False,0,False,True,True,False,False,0,0,False,False,False,False,False,False,False,True,0,False,False,False,True,0,84.4,,VEHICLE|WALKER|FLY
t_au_empire_crisis_sunforge_battlesuits,Crisis Sunforge Battlesuits,T'au Empire,4.0,5,3,7,7,6.0,2,7,1,0.5,9,-4,3.5,12,3,0.333,5,0,1.0,False,False,False,0,False,False,False,False,False,2,0,False,False,False,False,False,False,False,True,0,False,False,False,True,0,143.4,,VEHICLE|WALKER|FLY
t_au_empire_darkstrider,Darkstrider,T'au Empire,3.0,3,4,7,7,6.0,1,7,2,0.833,5,0,2.0,18,3,0.5,3,0,1.0,True,False,False,0,False,False,False,False,False,0,0,False,False,False,False,False,False,False,False,7,True,False,False,False,0,61.2,,CHARACTER|INFANTRY
t_au_empire_devilfish,Devilfish,T'au Empire,13.0,9,3,7,7,6.0,2,7,1,0.5,14,-3,4.5,48,3,0.333,6,0,1.0,False,False,False,0,False,False,False,False,False,0,0,False,False,False,False,False,True,False,False,0,False,False,False,True,2,398.0,,VEHICLE|FLY
t_au_empire_drone_sentry_turret_legends,Drone Sentry Turret [Legends],T'au Empire,4.0,8,4,7,7,6.0,1,8,1,0.333,9,-4,3.5,12,0,0.0,4,0,0.0,False,False,False,0,True,False,False,False,False,2,0,False,False,False,False,False,False,False,False,0,False,False,False,False,0,125.6,,VEHICLE
t_au_empire_ethereal,Ethereal,T'au Empire,3.0,3,5,5,5,6.0,1,6,2,0.5,5,0,1.0,1,2,0.5,5,0,1.0,False,False,False,0,False,False,False,False,False,0,0,False,False,False,False,False,False,False,False,0,False,False,False,True,0,23.4,,CHARACTER|INFANTRY|FLY
t_au_empire_firesight_team,Firesight Team,T'au Empire,4.0,3,4,7,7,6.0,3,7,3,0.5,5,-1,2.0,36,4,0.333,3,0,1.0,False,True,False,0,False,False,False,False,False,0,0,False,True,False,False,False,False,True,False,0,True,False,True,False,0,82.5,,CHARACTER|INFANTRY
t_au_empire_ghostkeel_battlesuit,Ghostkeel Battlesuit,T'au Empire,12.0,8,2,7,7,6.0,3,7,6,0.5,8,-2,3.0,36,3,0.333,6,0,2.0,False,False,False,0,False,False,False,False,False,0,0,False,False,False,False,True,False,True,False,0,True,False,True,True,2,877.5,,VEHICLE|WALKER|FLY
t_au_empire_great_knarloc_legends,Great Knarloc [Legends],T'au Empire,10.0,8,4,7,7,6.0,3,7,1,0.5,12,-2,3.0,12,4,0.667,7,-1,3.0,False,False,False,0,False,False,False,False,False,0,0,False,False,False,False,False,False,False,False,7,False,False,False,False,0,206.3,,MONSTER
t_au_empire_hammerhead_gunship,Hammerhead Gunship,T'au Empire,14.0,10,3,7,7,6.0,3,7,6,0.5,8,-2,3.0,60,3,0.333,6,0,1.0,False,False,False,0,False,False,False,False,False,0,0,False,False,True,False,True,False,False,False,0,False,False,False,True,2,680.6,,VEHICLE|FLY
t_au_empire_heavy_gun_drones_legends,Heavy Gun Drones [Legends],T'au Empire,2.0,5,4,7,7,6.0,1,8,4,0.389,5,0,1.0,18,1,0.167,3,0,1.0,False,False,False,0,True,False,False,False,False,0,0,False,False,False,False,False,False,False,False,0,False,False,False,True,0,38.3,,VEHICLE|FLY
t_au_empire_knarloc_riders_legends,Knarloc Riders [Legends],T'au Empire,4.0,5,5,7,7,6.0,2,7,1,0.5,4,0,1.0,24,3,0.667,5,0,1.0,False,False,False,1,False,False,False,False,False,0,0,False,False,False,False,False,False,True,False,7,False,False,False,False,0,28.1,,MOUNTED
t_au_empire_kroot_carnivores,Kroot Carnivores,T'au Empire,1.0,3,6,7,7,6.0,2,7,1,0.5,4,0,1.0,24,2,0.667,4,0,1.0,False,False,False,1,False,False,False,False,False,0,0,False,False,True,False,False,False,True,False,7,False,False,False,False,0,8.5,,INFANTRY
t_au_empire_kroot_farstalkers,Kroot Farstalkers,T'au Empire,1.0,3,6,7,7,6.0,1,7,1,0.5,4,0,1.0,24,2,0.667,4,0,1.0,False,False,True,1,False,False,False,False,False,0,0,False,False,False,False,False,False,True,False,0,True,False,False,False,0,7.9,,INFANTRY
t_au_empire_kroot_flesh_shaper,Kroot Flesh Shaper,T'au Empire,3.0,3,6,7,5,6.0,1,7,2,0.5,4,0,1.0,12,4,0.833,5,-1,1.0,True,False,False,0,False,False,False,False,False,0,0,False,False,False,False,False,False,True,False,7,True,False,False,False,0,18.0,,INFANTRY|CHARACTER
t_au_empire_kroot_hounds,Kroot Hounds,T'au Empire,1.0,3,6,7,7,6.0,1,8,3,0.667,3,0,1.0,1,3,0.667,3,0,1.0,False,False,False,0,False,False,False,False,False,0,0,False,False,False,False,False,False,True,False,7,False,False,False,False,0,17.3,,BEAST
t_au_empire_kroot_lone_spear,Kroot Lone-spear,T'au Empire,6.0,5,5,7,7,6.0,2,7,1,0.667,6,-2,3.0,36,4,0.5,5,-1,1.0,False,True,False,0,False,False,False,False,False,0,0,False,True,False,False,False,False,True,False,7,False,False,True,False,0,93.8,,CHARACTER|MOUNTED
t_au_empire_kroot_trail_shaper,Kroot Trail Shaper,T'au Empire,3.0,3,6,7,7,6.0,1,7,1,0.5,4,0,1.0,24,4,0.833,5,0,1.0,False,False,False,1,False,False,False,False,False,0,0,False,False,False,False,False,False,True,False,7,True,False,False,False,0,12.4,,INFANTRY|CHARACTER
t_au_empire_kroot_war_shaper,Kroot War Shaper,T'au Empire,3.0,3,6,7,7,6.0,1,7,3,0.5,4,0,2.0,24,4,0.833,5,-1,2.0,True,True,False,0,False,False,False,False,False,0,0,False,False,False,False,False,False,True,False,7,True,False,False,False,0,40.5,INFANTRY:3,INFANTRY|CHARACTER
t_au_empire_krootox_rampagers,Krootox Rampagers,T'au Empire,5.0,6,5,7,7,6.0,2,7,2,0.5,4,0,1.0,12,4,0.667,5,-1,1.5,True,False,True,0,False,False,False,False,True,0,0,False,False,False,False,False,False,False,False,7,False,False,False,False,0,39.4,,MOUNTED
t_au_empire_krootox_riders,Krootox Riders,T'au Empire,5.0,6,5,7,7,6.0,2,7,4,0.5,6,0,1.0,36,3,0.667,5,0,1.5,False,True,False,0,False,False,False,False,False,0,0,False,False,True,False,False,False,False,False,7,False,False,False,False,0,61.9,,MOUNTED
t_au_empire_longstrike_legends,Longstrike [Legends],T'au Empire,14.0,10,3,7,7,6.0,3,7,6,0.667,8,-2,3.0,60,3,0.333,6,0,1.0,False,False,False,0,False,False,False,False,False,0,0,False,False,True,False,True,False,False,False,0,False,False,False,True,2,802.7,,CHARACTER|FLY|VEHICLE
t_au_empire_manta,Manta,T'au Empire,60.0,14,2,5,7,6.0,1,7,32,0.5,6,-1,1.0,24,8,0.333,6,0,1.0,False,False,False,0,False,False,False,False,False,0,0,False,False,False,False,False,False,False,False,0,False,False,False,True,1,3060.0,,VEHICLE|FLY|TITANIC
t_au_empire_orca_dropship_legends,Orca Dropship [Legends],T'au Empire,28.0,12,3,7,7,6.0,1,7,2,0.5,7,-1,2.0,30,3,0.333,8,0,1.0,False,False,False,0,False,False,False,False,False,0,0,False,False,False,False,False,False,False,False,0,False,False,False,True,1,675.0,,VEHICLE|FLY|TITANIC
t_au_empire_pathfinder_team,Pathfinder Team,T'au Empire,1.0,3,4,7,7,6.0,1,7,1,0.5,5,0,1.0,12,1,0.333,3,0,1.0,False,False,True,0,False,False,False,False,False,0,0,True,False,False,False,False,False,False,False,7,True,False,False,False,0,14.8,VEHICLE:4,INFANTRY
t_au_empire_piranha,Piranha,T'au Empire,7.0,7,4,7,7,6.0,2,7,1,0.5,9,-2,3.0,20,2,0.333,4,0,1.0,True,False,False,0,True,False,False,False,False,4,0,False,False,False,False,False,True,False,False,9,False,False,False,True,1,127.5,,VEHICLE|FLY
t_au_empire_r_varna_battlesuit_legends,R'varna Battlesuit [Legends],T'au Empire,15.0,10,2,5,7,6.0,4,7,6,0.5,8,-1,2.0,60,6,0.333,6,0,2.0,False,False,False,0,False,False,False,False,False,0,0,False,False,True,False,False,False,False,False,0,False,False,False,True,3,829.7,,VEHICLE|WALKER|FLY
t_au_empire_razorshark_strike_fighter,Razorshark Strike Fighter,T'au Empire,12.0,10,3,7,7,6.0,1,7,8,0.5,8,-2,2.0,30,3,0.333,6,0,1.0,False,False,False,0,True,False,False,False,False,0,0,False,False,False,False,True,False,False,False,0,False,False,False,True,2,570.0,,VEHICLE|FLY
t_au_empire_remora_stealth_drones_legends,Remora Stealth Drones [Legends],T'au Empire,5.0,6,3,7,7,6.0,1,7,2,0.5,10,-2,2.75,48,1,0.333,4,0,1.0,False,False,False,0,True,False,False,False,False,0,0,False,False,False,False,False,True,True,False,0,True,False,False,True,0,185.3,,VEHICLE|FLY
t_au_empire_riptide_battlesuit,Riptide Battlesuit,T'au Empire,14.0,9,2,4,7,6.0,4,7,6,0.5,8,-3,4.0,72,6,0.333,6,0,2.0,False,False,False,0,False,False,False,False,False,0,0,False,False,False,False,True,False,False,False,0,False,False,False,True,3,1192.5,,VEHICLE|WALKER|FLY
t_au_empire_shas_o_r_alai_legends,Shas'o R'alai [Legends],T'au Empire,6.0,6,3,4,7,6.0,2,7,4,0.667,6,-1,1.0,24,3,0.5,5,0,1.0,False,False,False,0,False,False,False,False,False,0,0,False,False,True,False,False,False,False,True,0,False,False,False,True,0,120.0,,CHARACTER|VEHICLE|WALKER|FLY
t_au_empire_sky_ray_gunship,Sky Ray Gunship,T'au Empire,14.0,10,3,7,7,6.0,3,7,3,0.5,14,-3,4.5,48,3,0.333,6,0,1.0,False,False,False,0,True,False,False,False,False,0,0,False,False,False,False,False,False,False,False,0,False,False,False,True,2,631.4,,VEHICLE|FLY
t_au_empire_stealth_battlesuits,Stealth Battlesuits,T'au Empire,2.0,4,3,7,7,6.0,1,7,3,0.5,7,-2,2.0,18,2,0.333,4,0,1.0,False,False,False,0,False,False,False,False,False,2,0,False,False,False,False,False,False,True,False,0,True,False,False,True,0,99.0,,INFANTRY|FLY
t_au_empire_stormsurge,Stormsurge,T'au Empire,20.0,11,2,4,7,6.0,6,7,2,0.5,24,-6,12.0,24,3,0.333,8,-1,2.0,False,True,False,0,False,False,False,False,False,0,0,False,False,False,False,False,False,False,False,0,False,False,False,False,1,1575.0,,VEHICLE|WALKER|TITANIC|TOWERING
t_au_empire_strike_team,Strike Team,T'au Empire,1.0,3,4,7,7,6.0,2,7,1,0.5,5,0,1.0,12,1,0.333,3,0,1.0,False,False,True,1,False,False,False,False,False,0,0,False,False,False,False,False,False,False,False,0,False,False,False,False,0,11.2,,INFANTRY|BATTLELINE
t_au_empire_sun_shark_bomber,Sun Shark Bomber,T'au Empire,12.0,9,3,7,7,6.0,1,7,3,0.5,8,-2,2.0,30,3,0.333,6,0,1.0,False,False,False,0,True,False,False,False,False,0,0,False,False,False,False,True,False,False,False,0,False,False,False,True,2,382.5,,VEHICLE|FLY
t_au_empire_ta_unar_supremacy_armour,Ta'unar Supremacy Armour,T'au Empire,30.0,13,2,5,7,6.0,10,7,5,0.5,10,-4,3.5,24,6,0.333,8,-1,2.0,False,False,False,0,False,False,False,False,False,3,0,False,False,False,False,False,False,False,False,0,False,False,False,False,6,1842.2,,VEHICLE|TITANIC|WALKER|TOWERING
t_au_empire_tactical_drones_legends,Tactical Drones [Legends],T'au Empire,1.0,3,4,7,7,6.0,1,7,2,0.333,5,0,1.0,20,1,0.167,3,0,1.0,True,False,False,0,True,False,False,False,False,0,0,False,False,False,False,False,False,False,True,0,False,False,False,True,0,13.7,,FLY
t_au_empire_tetras_legends,Tetras [Legends],T'au Empire,7.0,7,4,7,7,6.0,2,7,1,0.5,5,0,1.0,30,2,0.333,3,0,1.0,False,False,False,1,False,False,False,False,False,0,0,False,False,False,False,False,False,False,False,0,True,False,False,True,1,60.0,,VEHICLE|FLY
t_au_empire_tidewall_droneport,Tidewall Droneport,T'au Empire,10.0,8,3,7,7,6.0,1,7,8,0.333,5,0,1.0,20,0,0.0,4,0,0.0,True,False,False,0,True,False,False,False,False,0,0,False,False,False,False,False,False,False,False,0,False,False,False,True,2,265.0,,VEHICLE|FLY
t_au_empire_tidewall_gunrig,Tidewall Gunrig,T'au Empire,14.0,8,3,7,7,6.0,1,7,1,0.333,20,-5,9.5,72,0,0.0,4,0,0.0,False,False,False,0,True,False,False,False,False,0,0,True,False,False,False,False,False,False,False,0,False,False,False,True,2,492.9,,VEHICLE|FLY
t_au_empire_tiger_shark,Tiger Shark,T'au Empire,18.0,11,3,5,7,6.0,1,7,1,0.5,14,-3,4.5,48,3,0.333,6,0,1.0,False,False,False,0,False,False,False,False,False,0,0,False,False,False,False,False,True,False,False,0,False,False,False,True,1,510.5,,VEHICLE|FLY
t_au_empire_tx42_piranha_legends,TX42 Piranha [Legends],T'au Empire,7.0,7,4,7,7,6.0,2,7,2,0.333,4,0,1.0,1,2,0.333,4,0,1.0,False,False,False,0,False,False,False,False,False,0,0,False,False,False,False,False,False,False,False,9,False,False,False,True,1,60.0,,VEHICLE|FLY
t_au_empire_vespid_stingwings,Vespid Stingwings,T'au Empire,1.0,4,4,7,7,6.0,1,7,2,0.5,5,-2,2.0,18,1,0.5,4,-1,1.0,True,False,False,0,False,False,False,False,False,0,0,False,False,False,False,False,False,False,True,0,False,False,False,True,0,65.0,,INFANTRY|FLY
t_au_empire_xv9_hazard_battlesuits_legends,XV9 Hazard Battlesuits [Legends],T'au Empire,4.0,6,3,7,7,6.0,2,7,1,0.5,9,-4,3.5,12,3,0.333,5,0,1.0,False,False,False,0,False,False,False,False,False,4,0,False,False,False,False,False,False,False,True,0,False,False,False,True,0,143.4,,VEHICLE|WALKER|FLY
t_au_empire_y_vahra_battlesuit_legends,Y'vahra Battlesuit [Legends],T'au Empire,15.0,9,2,5,7,6.0,4,7,10,1.0,6,-1,1.0,12,6,0.333,6,0,2.0,False,False,False,0,False,True,True,False,False,0,0,False,False,False,False,False,False,False,False,0,False,False,False,True,3,900.0,,VEHICLE|WALKER|FLY
thousand_sons_ahriman,Ahriman,Thousand Sons,5.0,4,3,7,7,6.0,1,6,1,0.833,6,-1,3.5,18,5,0.833,7,-1,3.0,False,False,False,0,False,False,False,False,False,0,0,False,True,False,False,False,False,False,False,0,False,False,False,False,0,103.1,,INFANTRY|CHARACTER|PSYKER
thousand_sons_ahriman_on_disc_of_tzeentch,Ahriman on Disc of Tzeentch,Thousand Sons,6.0,4,3,7,7,6.0,1,6,1,0.833,6,-1,3.5,18,5,0.833,7,-1,3.0,False,False,False,0,False,False,False,False,False,0,0,False,True,False,False,False,False,False,False,0,False,False,False,True,0,110.6,,INFANTRY|CHARACTER|PSYKER|FLY
thousand_sons_chaos_lord_on_disc_of_tzeentch_legends,Chaos Lord on Disc of Tzeentch [Legends],Thousand Sons,6.0,4,3,7,5,6.0,1,6,1,0.833,8,-3,2.0,12,5,0.833,8,-2,2.0,False,False,True,0,False,False,False,False,False,0,0,False,False,False,False,True,False,False,False,0,False,False,False,False,0,123.1,,INFANTRY|CHARACTER
thousand_sons_exalted_sorcerer,Exalted Sorcerer,Thousand Sons,5.0,4,3,7,7,6.0,1,6,4,0.833,6,-2,2.0,18,5,0.833,6,-1,2.0,False,False,False,0,False,False,False,False,False,0,0,True,False,True,False,False,False,False,False,0,False,False,False,False,0,212.4,,INFANTRY|CHARACTER|PSYKER
thousand_sons_exalted_sorcerer_on_disc_of_tzeentch,Exalted Sorcerer on Disc of Tzeentch,Thousand Sons,6.0,4,3,7,7,6.0,1,6,4,1.0,6,-2,2.0,18,5,0.833,6,-1,2.0,False,False,False,0,False,True,True,False,False,0,0,False,False,False,False,False,False,False,False,0,False,False,False,True,0,255.0,,INFANTRY|CHARACTER|PSYKER|FLY
thousand_sons_hell_talon_legends,Hell Talon [Legends],Thousand Sons,14.0,9,3,7,7,6.0,1,6,1,0.667,12,-3,4.5,48,6,0.5,6,0,1.0,False,False,False,0,True,False,False,False,False,0,0,False,False,False,False,False,False,False,False,0,False,False,False,True,2,455.7,,VEHICLE|FLY
thousand_sons_hellblade_legends,Hellblade [Legends],Thousand Sons,10.0,8,3,7,7,6.0,1,6,1,0.667,12,-3,4.5,48,3,0.5,6,0,1.0,False,False,False,0,True,False,False,False,False,0,0,False,False,False,False,False,False,False,False,0,False,False,False,True,2,365.7,,VEHICLE|FLY
thousand_sons_infernal_master,Infernal Master,Thousand Sons,4.0,4,3,7,7,6.0,1,6,7,1.0,6,-2,1.0,18,4,0.667,6,-1,2.0,False,False,False,0,False,False,True,False,False,0,0,False,False,False,False,True,False,False,False,0,False,False,False,False,0,240.0,,INFANTRY|CHARACTER|PSYKER
thousand_sons_magnus_the_red,Magnus the Red,Thousand Sons,16.0,11,2,7,7,6.0,6,5,6,0.833,9,-2,3.0,24,7,0.833,16,-3,3.0,False,False,False,0,False,False,False,False,False,0,0,True,False,False,False,False,False,False,True,0,False,False,False,True,3,1282.3,,MONSTER|PSYKER|FLY|CHARACTER|DAEMON
thousand_sons_mutalith_vortex_beast,Mutalith Vortex Beast,Thousand Sons,13.0,10,4,7,5,6.0,4,6,1,0.667,18,-4,9.5,24,5,0.667,9,-2,4.0,False,False,False,0,False,False,False,False,False,0,0,True,False,False,False,False,False,False,False,0,False,False,False,False,3,551.4,,MONSTER|DAEMON
thousand_sons_rubric_marines,Rubric Marines,Thousand Sons,2.0,4,3,7,7,6.0,2,6,4,0.955,4,-1,1.0,12,2,0.667,4,0,1.09,False,False,True,0,False,True,True,False,False,0,0,True,False,False,False,False,False,False,False,0,False,False,False,False,0,74.0,INFANTRY:4,PSYKER|INFANTRY|BATTLELINE
thousand_sons_scarab_occult_terminators,Scarab Occult Terminators,Thousand Sons,3.0,5,2,7,7,6.0,1,6,3,0.741,5,-1,1.0,24,3,0.667,5,-2,2.0,False,False,True,2,False,True,True,False,False,0,0,True,False,False,False,False,False,False,True,0,False,False,False,False,0,122.2,INFANTRY:4,PSYKER|INFANTRY
thousand_sons_sorcerer_on_disc_of_tzeentch_legends,Sorcerer on Disc of Tzeentch [Legends],Thousand Sons,5.0,4,3,7,7,6.0,1,6,4,0.667,6,-2,2.0,24,5,0.833,8,-2,2.0,False,False,False,0,False,False,False,False,False,0,0,True,False,False,False,True,False,False,False,0,False,False,False,True,0,177.6,,INFANTRY|CHARACTER|PSYKER|FLY
thousand_sons_thousand_sons_chaos_spawn,Thousand Sons Chaos Spawn,Thousand Sons,4.0,5,4,7,5,6.0,1,7,6,0.5,5,-1,2.0,1,6,0.5,5,-1,2.0,False,False,False,0,False,False,False,False,False,0,0,False,False,False,False,False,False,False,False,0,False,False,False,False,0,153.7,,BEAST
thousand_sons_thousand_sons_cultists,Thousand Sons Cultists,Thousand Sons,1.0,3,6,7,7,6.0,1,7,1,0.553,4,0,1.11,24,2,0.5,3,0,1.0,False,False,False,3,False,True,True,False,False,0,0,False,False,False,False,False,False,False,False,6,False,False,False,False,0,12.4,,INFANTRY
thousand_sons_thousand_sons_daemon_prince,Thousand Sons Daemon Prince,Thousand Sons,10.0,10,2,7,7,6.0,3,6,6,0.833,5,-1,2.0,24,6,0.833,8,-2,3.0,False,False,False,0,False,False,False,False,False,0,0,False,False,False,False,False,False,False,False,0,False,False,False,False,2,674.9,,MONSTER|CHARACTER|DAEMON|PSYKER
thousand_sons_thousand_sons_daemon_prince_with_wings,Thousand Sons Daemon Prince with wings,Thousand Sons,10.0,9,2,7,7,6.0,3,6,6,0.833,5,-1,2.0,24,6,0.833,8,-2,3.0,False,False,False,0,False,False,False,False,False,0,0,False,False,False,False,False,False,False,False,0,False,False,False,True,2,674.9,,MONSTER|CHARACTER|DAEMON|PSYKER|FLY
thousand_sons_thousand_sons_defiler,Thousand Sons Defiler,Thousand Sons,14.0,10,3,7,7,6.0,5,6,6,0.667,10,-1,3.0,48,5,0.667,16,-3,4.5,False,False,False,0,False,False,False,False,False,0,0,False,False,True,False,False,False,False,False,0,False,False,False,False,2,680.8,,VEHICLE|WALKER|DAEMON
thousand_sons_thousand_sons_forgefiend,Thousand Sons Forgefiend,Thousand Sons,12.0,10,3,7,7,6.0,3,6,6,0.667,8,-1,2.0,36,5,0.667,7,0,2.0,False,False,False,0,False,False,False,False,False,0,0,False,False,False,False,False,False,False,False,0,False,False,False,False,2,495.1,,VEHICLE|WALKER|DAEMON
thousand_sons_thousand_sons_helbrute,Thousand Sons Helbrute,Thousand Sons,8.0,9,2,7,7,6.0,3,6,2,0.667,9,-4,3.5,18,5,0.5,14,-3,4.5,False,False,False,0,False,False,False,False,False,2,0,False,False,False,False,False,False,False,False,0,False,False,False,False,1,622.6,,VEHICLE|WALKER
thousand_sons_thousand_sons_heldrake,Thousand Sons Heldrake,Thousand Sons,12.0,9,3,7,7,6.0,1,6,6,1.0,6,-1,2.0,12,5,0.667,7,-1,2.0,False,False,False,0,False,True,True,False,False,0,0,False,False,False,False,False,False,False,False,0,False,False,False,True,2,562.5,,VEHICLE|FLY
thousand_sons_thousand_sons_land_raider,Thousand Sons Land Raider,Thousand Sons,16.0,12,2,7,7,6.0,5,6,2,0.667,12,-3,4.5,48,6,0.5,8,0,1.0,False,False,False,0,False,False,False,False,False,0,0,False,False,False,False,False,False,False,False,0,False,False,False,False,3,1001.4,,VEHICLE
thousand_sons_thousand_sons_maulerfiend,Thousand Sons Maulerfiend,Thousand Sons,12.0,10,3,7,7,6.0,3,6,2,0.667,9,-4,3.5,6,6,0.667,14,-2,4.5,False,False,False,0,False,False,False,False,False,2,0,False,False,False,False,False,False,False,False,0,False,False,False,False,2,532.6,,VEHICLE|WALKER|DAEMON
thousand_sons_thousand_sons_predator_annihilator,Thousand Sons Predator Annihilator,Thousand Sons,11.0,10,3,7,7,6.0,3,6,1,0.667,14,-3,4.5,48,3,0.5,6,0,1.0,False,False,False,0,True,False,False,False,False,0,0,False,False,False,False,False,False,False,False,0,False,False,False,False,2,388.2,,VEHICLE
thousand_sons_thousand_sons_predator_destructor,Thousand Sons Predator Destructor,Thousand Sons,11.0,10,3,7,7,6.0,3,6,4,0.667,9,-1,3.0,48,3,0.5,6,0,1.0,False,False,False,2,False,False,False,False,False,0,0,False,False,False,False,False,False,False,False,0,False,False,False,False,2,472.6,,VEHICLE
thousand_sons_thousand_sons_rhino,Thousand Sons Rhino,Thousand Sons,10.0,9,3,7,7,6.0,2,6,4,0.667,5,0,1.0,48,3,0.5,6,0,1.0,False,False,False,0,False,False,False,False,False,0,0,False,False,True,False,False,False,False,False,0,False,False,False,False,2,260.0,,VEHICLE
thousand_sons_thousand_sons_sorcerer,Thousand Sons Sorcerer,Thousand Sons,4.0,4,3,7,7,6.0,1,6,7,0.833,5,-1,1.0,12,4,0.667,6,-1,2.0,False,False,True,0,False,False,False,False,False,0,3,False,False,False,False,False,False,False,False,0,False,False,False,False,0,161.2,,INFANTRY|CHARACTER|PSYKER
thousand_sons_thousand_sons_sorcerer_in_terminator_armour,Thousand Sons Sorcerer in Terminator Armour,Thousand Sons,5.0,5,2,7,7,6.0,1,6,3,0.667,4,-3,2.0,18,4,0.667,5,-2,2.0,False,False,False,0,False,False,False,False,False,0,0,True,False,False,False,False,False,False,True,0,False,False,False,False,0,225.1,MONSTER:4|VEHICLE:4,INFANTRY|CHARACTER|PSYKER
thousand_sons_thousand_sons_vindicator,Thousand Sons Vindicator,Thousand Sons,11.0,11,2,7,7,6.0,3,6,6,0.667,14,-3,3.5,24,3,0.5,6,0,1.0,False,False,False,0,False,False,False,False,False,0,0,False,False,True,False,False,False,False,False,0,False,False,False,False,2,1206.3,,VEHICLE
thousand_sons_tzaangor_enlightened,Tzaangor Enlightened,Thousand Sons,2.0,4,5,7,7,6.0,2,7,1,0.5,3,0,1.0,12,4,0.5,4,-1,1.0,False,False,False,0,False,False,False,False,True,0,0,False,True,False,False,False,False,False,False,0,False,False,False,True,0,11.2,,MOUNTED|FLY
thousand_sons_tzaangor_shaman,Tzaangor Shaman,Thousand Sons,4.0,4,5,7,5,6.0,1,7,4,0.667,9,0,1.0,18,3,0.667,5,-1,2.0,False,False,False,0,False,False,False,False,False,0,0,True,False,True,False,False,False,False,False,0,False,False,False,True,0,58.8,,MOUNTED|CHARACTER|FLY|PSYKER
thousand_sons_tzaangors,Tzaangors,Thousand Sons,1.0,4,6,7,7,6.0,2,7,1,0.5,3,0,1.0,12,3,0.5,4,0,1.0,False,False,False,0,False,False,False,False,False,0,0,False,False,False,False,False,False,False,False,0,False,False,False,False,0,6.8,,INFANTRY|BATTLELINE
tyranids_barbed_hierodule_legends,Barbed Hierodule [Legends],Tyranids,18.0,12,2,7,7,6.0,5,8,6,0.667,9,-2,2.0,48,8,0.667,14,-2,5.0,False,False,False,0,False,False,False,False,False,0,0,False,False,True,False,False,False,False,False,0,False,False,False,False,3,1135.2,,MONSTER
tyranids_barbgaunts,Barbgaunts,Tyranids,2.0,4,4,7,7,6.0,1,8,4,0.5,5,0,1.0,24,1,0.5,4,0,1.0,False,True,False,0,False,False,False,False,False,0,0,False,False,True,False,False,False,False,False,0,False,False,False,False,0,36.3,,INFANTRY
tyranids_biovores,Biovores,Tyranids,5.0,6,3,7,7,6.0,1,8,2,0.5,6,-1,2.0,48,2,0.5,5,0,1.0,False,True,False,0,False,False,False,False,False,0,0,True,False,True,True,False,False,False,False,0,False,False,False,False,1,101.2,,INFANTRY
tyranids_broodlord,Broodlord,Tyranids,6.0,5,4,4,5,6.0,1,7,5,0.833,6,-2,2.0,1,5,0.833,6,-2,2.0,False,False,False,0,True,False,False,False,False,0,0,True,False,False,False,False,False,False,False,8,False,False,False,False,0,294.9,,INFANTRY|CHARACTER|PSYKER|SYNAPSE
tyranids_carnifexes,Carnifexes,Tyranids,8.0,9,2,7,7,6.0,3,8,4,0.5,7,-1,2.0,36,4,0.5,12,-3,4.5,False,False,False,0,False,False,False,False,False,0,0,False,False,True,False,False,False,False,False,0,False,False,False,False,1,461.3,,MONSTER
tyranids_deathleaper,Deathleaper,Tyranids,7.0,6,3,4,7,6.0,1,7,6,0.833,7,-2,2.0,1,6,0.833,7,-2,2.0,False,False,False,0,False,False,False,False,False,0,0,False,True,False,False,False,False,True,False,0,True,False,True,False,0,378.6,,CHARACTER|INFANTRY
tyranids_dimachaeron_legends,Dimachaeron [Legends],Tyranids,16.0,10,3,5,7,6.0,5,7,10,0.667,9,-2,3.0,1,10,0.667,9,-2,3.0,False,False,False,0,True,False,False,False,False,0,0,False,False,False,False,False,False,False,False,0,False,False,False,False,3,1110.4,,MONSTER
tyranids_exocrine,Exocrine,Tyranids,14.0,10,3,7,7,6.0,4,8,6,0.667,9,-3,3.0,36,3,0.667,7,0,2.0,False,True,False,0,False,False,False,False,False,0,0,False,False,True,False,False,False,False,False,0,False,False,False,False,2,924.7,,MONSTER
tyranids_gargoyles,Gargoyles,Tyranids,1.0,3,6,7,7,6.0,2,8,1,0.5,5,0,1.0,18,1,0.5,3,0,1.0,True,False,False,0,False,False,False,False,False,0,0,False,False,False,False,False,False,False,True,0,False,False,False,True,0,9.8,,BATTLELINE|INFANTRY|FLY
tyranids_genestealers,Genestealers,Tyranids,2.0,4,5,5,7,6.0,1,7,4,0.833,4,-2,1.0,1,4,0.833,4,-2,1.0,False,False,False,0,False,False,False,False,False,0,0,False,False,False,False,False,False,False,False,8,False,False,False,False,0,82.5,,INFANTRY
tyranids_harpy,Harpy,Tyranids,12.0,9,3,7,7,6.0,1,8,4,0.833,7,-1,2.0,36,4,0.5,7,-1,2.0,False,False,False,0,True,False,False,False,False,0,0,False,False,True,False,False,False,False,False,0,False,False,False,True,2,438.7,,MONSTER|FLY
tyranids_harridan,Harridan,Tyranids,30.0,10,3,7,7,6.0,1,8,10,0.667,10,-3,3.0,48,6,0.667,14,-2,3.5,False,False,False,0,False,False,False,False,False,0,0,False,False,True,False,False,False,False,False,0,False,False,False,True,1,1566.1,,MONSTER|TITANIC|FLY
tyranids_haruspex,Haruspex,Tyranids,14.0,11,3,7,7,6.0,4,8,1,0.667,6,-2,4.5,12,14,0.667,7,-1,2.0,False,False,False,0,False,False,False,False,False,0,0,False,True,False,False,False,False,False,False,0,False,False,False,False,2,405.0,,MONSTER
tyranids_hierophant,Hierophant,Tyranids,30.0,14,2,5,7,6.0,12,8,10,0.667,10,-3,3.0,48,8,0.667,20,-2,4.5,False,False,False,0,False,False,False,False,False,0,0,False,False,True,False,False,False,False,False,0,False,False,False,False,1,2241.1,,MONSTER|TITANIC|TOWERING
tyranids_hive_crone,Hive Crone,Tyranids,12.0,9,3,7,7,6.0,1,8,7,1.0,6,-1,1.0,12,4,0.5,7,-1,2.0,False,False,False,0,False,False,True,False,False,0,0,False,False,False,False,False,False,False,False,0,False,False,False,True,2,427.5,,MONSTER|FLY
tyranids_hive_guard,Hive Guard,Tyranids,4.0,7,3,7,7,6.0,1,8,4,0.5,5,-1,1.0,36,3,0.5,5,0,1.0,False,True,False,0,False,False,False,False,False,0,0,False,False,False,True,False,False,False,False,0,False,False,False,False,0,90.0,,INFANTRY
tyranids_hive_tyrant,Hive Tyrant,Tyranids,10.0,10,2,4,5,6.0,3,7,4,0.833,7,-1,2.0,36,6,0.833,9,-2,3.0,False,False,False,0,False,False,False,False,False,0,0,False,False,True,False,False,False,False,False,0,False,False,False,False,2,618.7,,MONSTER|CHARACTER|PSYKER|SYNAPSE
tyranids_hormagaunts,Hormagaunts,Tyranids,1.0,3,5,7,7,6.0,2,8,3,0.5,3,-1,1.0,1,3,0.5,3,-1,1.0,False,False,False,0,False,False,False,False,False,0,0,False,False,False,False,False,False,False,False,0,False,False,False,False,0,19.7,,INFANTRY|BATTLELINE
tyranids_lictor,Lictor,Tyranids,6.0,6,4,7,7,6.0,1,7,6,0.833,7,-2,2.0,1,6,0.833,7,-2,2.0,False,False,False,0,False,False,False,False,False,0,0,False,True,False,False,False,False,True,False,0,True,False,True,False,0,344.9,,INFANTRY
tyranids_malanthrope_legends,Malanthrope [Legends],Tyranids,10.0,5,4,7,5,6.0,3,7,4,0.5,5,0,2.0,1,4,0.5,5,0,2.0,False,False,False,0,False,False,False,False,False,0,0,False,False,False,False,False,False,True,False,0,False,False,False,True,0,135.0,,INFANTRY|CHARACTER|FLY|SYNAPSE
tyranids_maleceptor,Maleceptor,Tyranids,14.0,11,3,4,7,6.0,4,7,6,0.667,10,-2,3.0,18,3,0.667,9,-2,4.5,False,False,False,0,False,False,False,False,False,0,0,False,False,True,False,False,False,False,False,0,False,False,False,False,2,802.7,,MONSTER|PSYKER|SYNAPSE
tyranids_mawloc,Mawloc,Tyranids,14.0,10,3,7,7,6.0,4,8,16,0.667,8,-2,1.0,1,16,0.667,8,-2,1.0,False,False,False,0,False,False,False,False,False,0,0,False,False,False,False,False,False,False,True,0,False,False,False,False,0,715.2,,MONSTER
tyranids_neurogaunts,Neurogaunts,Tyranids,1.0,3,6,7,7,6.0,1,8,1,0.5,3,0,1.0,1,1,0.5,3,0,1.0,False,False,False,0,False,False,False,False,False,0,0,False,False,False,False,False,False,False,False,0,False,False,False,False,0,6.0,,INFANTRY
tyranids_neurolictor,Neurolictor,Tyranids,7.0,5,4,4,7,6.0,1,7,6,0.833,6,-2,1.0,1,6,0.833,6,-2,1.0,False,False,False,0,False,False,False,False,False,0,0,False,True,False,False,False,False,True,False,0,True,False,True,False,0,202.4,,INFANTRY|SYNAPSE
tyranids_neurotyrant,Neurotyrant,Tyranids,9.0,8,4,4,5,6.0,3,7,7,1.0,5,-1,2.0,18,6,0.667,5,0,1.0,False,False,False,0,False,True,True,False,False,0,0,False,False,False,False,False,False,False,False,0,False,False,False,True,0,450.0,,CHARACTER|MONSTER|FLY|PSYKER|SYNAPSE
tyranids_norn_assimilator,Norn Assimilator,Tyranids,16.0,11,2,7,5,6.0,5,7,2,0.833,12,-3,4.5,12,4,0.833,12,-3,4.5,False,False,False,0,False,False,False,False,False,0,0,False,False,False,False,False,False,False,False,0,False,False,False,False,3,1071.4,,MONSTER|SYNAPSE
tyranids_norn_emissary,Norn Emissary,Tyranids,16.0,11,2,4,4,6.0,5,7,2,0.833,12,-3,3.5,18,6,0.833,9,-2,3.0,False,False,False,0,False,False,False,False,False,2,0,False,False,False,False,False,False,False,False,0,False,False,False,False,3,993.3,,MONSTER|PSYKER|SYNAPSE
tyranids_old_one_eye,Old One Eye,Tyranids,9.0,9,2,7,5,6.0,3,8,6,0.667,14,-3,4.5,1,6,0.667,14,-3,4.5,False,False,False,0,False,False,False,False,False,0,0,False,False,False,False,False,False,False,False,0,False,False,False,False,0,1249.2,,MONSTER|CHARACTER
tyranids_parasite_of_mortrex,Parasite of Mortrex,Tyranids,5.0,5,4,7,5,6.0,1,8,6,0.833,5,-1,1.0,1,6,0.833,5,-1,1.0,False,False,False,0,False,False,False,False,False,0,0,False,False,False,False,False,False,True,True,0,False,False,True,True,0,150.0,,CHARACTER|FLY|INFANTRY|SYNAPSE
tyranids_psychophage,Psychophage,Tyranids,10.0,9,3,7,5,6.0,3,8,4,1.0,6,-1,1.0,12,4,0.667,6,-1,2.0,False,False,False,0,False,True,True,False,False,0,0,False,False,False,False,False,False,False,False,0,False,False,False,False,1,303.8,,MONSTER
tyranids_pyrovores,Pyrovores,Tyranids,5.0,6,3,7,7,6.0,1,8,4,1.0,6,-1,1.0,12,2,0.5,5,0,1.0,False,False,False,0,True,True,True,False,False,0,0,False,False,False,False,False,False,False,False,0,False,False,False,False,1,157.5,,INFANTRY
tyranids_raveners,Raveners,Tyranids,3.0,5,5,7,7,6.0,1,8,3,0.5,4,0,1.0,12,7,0.667,5,-1,1.0,True,False,False,0,False,False,False,False,False,0,0,False,False,False,False,False,False,False,True,0,False,False,False,False,0,33.8,,INFANTRY
tyranids_ripper_swarms,Ripper Swarms,Tyranids,4.0,2,6,7,7,6.0,1,8,4,0.333,3,0,1.0,6,6,0.333,2,0,1.0,False,False,True,0,False,False,False,False,False,0,0,False,False,False,False,False,False,False,True,0,False,False,False,False,0,17.2,,SWARM
tyranids_screamer_killer,Screamer-killer,Tyranids,10.0,9,2,7,7,6.0,3,8,6,0.5,8,-2,1.0,18,10,0.667,10,-2,3.0,True,False,False,0,False,False,False,False,False,0,0,False,False,True,False,False,False,False,False,0,False,False,False,False,1,571.9,,MONSTER
tyranids_scythed_hierodule_legends,Scythed Hierodule [Legends],Tyranids,18.0,12,2,7,7,6.0,5,8,10,1.0,6,-2,1.0,18,10,0.667,14,-2,5.0,False,False,False,0,False,False,True,False,False,0,0,False,False,False,False,False,False,False,False,0,False,False,False,False,3,1125.0,,MONSTER
tyranids_sky_slasher_swarms_legends,Sky-slasher Swarms [Legends],Tyranids,4.0,2,6,7,7,6.0,1,8,4,0.333,3,0,1.0,6,6,0.333,2,0,1.0,False,False,True,0,False,False,False,False,False,0,0,False,False,False,False,False,False,False,True,0,False,False,False,True,0,17.2,,SWARM|FLY
tyranids_sporocyst,Sporocyst,Tyranids,10.0,10,3,7,7,6.0,1,8,10,0.5,5,-1,2.0,24,6,0.5,7,-1,2.0,False,False,False,0,False,False,False,False,False,0,0,False,False,False,False,False,False,False,False,0,False,False,False,False,2,450.0,,MONSTER
tyranids_termagants,Termagants,Tyranids,1.0,3,5,7,7,6.0,2,8,2,0.55,3,0,1.0,12,1,0.5,3,0,1.0,True,True,True,0,True,False,True,False,False,0,0,True,False,True,False,False,False,False,False,0,False,False,False,False,0,11.3,,BATTLELINE|INFANTRY
tyranids_tervigon,Tervigon,Tyranids,16.0,11,2,7,5,6.0,5,7,8,0.667,5,0,1.0,24,4,0.5,12,-3,4.5,False,False,False,0,False,False,False,False,False,0,0,False,False,False,False,False,False,False,False,0,False,False,False,False,3,800.0,,CHARACTER|MONSTER|PSYKER|SYNAPSE
tyranids_the_swarmlord,The Swarmlord,Tyranids,10.0,10,2,4,7,6.0,3,7,6,1.0,5,-1,2.0,18,8,0.833,9,-2,3.0,False,False,False,0,False,False,True,False,False,0,0,False,False,False,False,False,False,False,False,0,False,False,False,False,2,742.5,,CHARACTER|MONSTER|SYNAPSE|PSYKER
tyranids_toxicrene,Toxicrene,Tyranids,14.0,11,3,7,7,6.0,4,8,7,0.667,6,-1,2.0,9,12,0.667,6,-1,2.0,False,False,False,0,False,False,False,False,False,0,0,False,False,False,False,False,False,False,False,0,False,False,False,False,2,525.1,INFANTRY:2,MONSTER
tyranids_trygon,Trygon,Tyranids,14.0,10,3,7,7,6.0,4,8,6,0.667,5,0,1.0,12,12,0.667,9,-2,3.0,False,False,False,0,False,False,False,False,False,0,2,False,False,False,False,False,False,False,True,0,False,False,False,False,0,375.0,,MONSTER
tyranids_tyranid_warriors_with_melee_bio_weapons,Tyranid Warriors with Melee Bio-Weapons,Tyranids,3.0,5,4,5,7,6.0,2,7,6,0.667,5,-2,1.0,1,6,0.667,5,-2,1.0,False,False,False,0,True,False,False,False,False,0,0,False,False,False,False,False,False,False,False,0,False,False,False,False,0,142.6,,INFANTRY|SYNAPSE
tyranids_tyranid_warriors_with_ranged_bio_weapons,Tyranid Warriors with Ranged Bio-Weapons,Tyranids,3.0,5,4,5,7,6.0,2,7,2,0.5,9,-2,2.0,36,5,0.667,5,-1,1.0,False,False,False,0,False,False,False,False,False,0,0,False,False,True,False,False,False,False,False,0,False,False,False,False,0,97.5,,INFANTRY|SYNAPSE
tyranids_tyrannocyte,Tyrannocyte,Tyranids,10.0,9,3,7,7,6.0,2,8,5,0.5,5,-1,2.0,24,6,0.5,7,-1,2.0,False,False,False,0,False,False,False,False,False,0,0,False,False,False,False,False,False,False,True,0,False,False,False,True,2,337.5,,MONSTER|FLY
tyranids_tyrannofex,Tyrannofex,Tyranids,16.0,12,2,7,7,6.0,5,8,10,1.0,6,-2,2.0,18,4,0.667,8,0,2.0,False,False,False,0,False,False,True,False,False,0,0,False,False,False,False,False,False,False,False,0,False,False,False,False,3,1290.0,,MONSTER
tyranids_tyrant_guard,Tyrant Guard,Tyranids,4.0,8,3,7,5,6.0,1,8,3,0.667,5,-1,2.0,1,3,0.667,5,-1,2.0,False,False,False,0,False,False,False,False,False,0,0,False,False,False,False,False,False,False,False,0,False,False,False,False,0,180.0,,INFANTRY
tyranids_venomthropes,Venomthropes,Tyranids,3.0,5,4,7,7,6.0,1,8,5,0.667,3,0,1.0,1,5,0.667,3,0,1.0,False,False,False,0,False,False,False,False,False,0,0,False,False,False,False,False,False,True,False,0,False,False,False,True,0,47.5,INFANTRY:2,INFANTRY|FLY
tyranids_von_ryan_s_leapers,Von Ryan's Leapers,Tyranids,3.0,5,4,6,7,6.0,1,8,6,0.667,5,-1,1.0,1,6,0.667,5,-1,1.0,False,False,False,0,False,False,False,False,False,0,0,False,False,False,False,False,False,True,False,0,True,False,False,False,0,112.5,,INFANTRY
tyranids_winged_hive_tyrant,Winged Hive Tyrant,Tyranids,10.0,9,2,4,5,6.0,3,7,4,0.833,7,-1,2.0,36,6,0.833,9,-2,3.0,False,False,False,0,False,False,False,False,False,0,0,False,False,True,False,False,False,False,True,0,False,False,False,True,2,618.7,,MONSTER|CHARACTER|PSYKER|FLY|SYNAPSE
tyranids_winged_tyranid_prime,Winged Tyranid Prime,Tyranids,6.0,5,4,5,5,6.0,1,7,6,0.833,6,-1,2.0,1,6,0.833,6,-1,2.0,False,False,False,0,False,False,False,False,False,0,0,False,False,False,False,False,False,False,True,0,False,False,False,True,0,269.9,,CHARACTER|INFANTRY|FLY|SYNAPSE
tyranids_zoanthropes,Zoanthropes,Tyranids,3.0,5,5,4,7,6.0,1,7,2,0.667,7,-2,2.0,24,2,0.333,3,0,1.0,False,False,False,0,False,False,False,False,False,0,0,False,False,True,False,False,False,False,False,0,False,False,False,True,0,96.9,,INFANTRY|FLY|PSYKER|SYNAPSE
ultramarines_captain_sicarius,Captain Sicarius,Ultramarines,5.0,4,2,4,7,6.0,1,6,1,0.833,8,-3,2.0,12,6,0.833,5,-2,2.0,False,False,True,0,False,False,False,False,False,0,0,False,False,False,False,False,False,False,False,0,False,False,False,False,0,153.1,,CHARACTER|INFANTRY
ultramarines_chaplain_cassius_legends,Chaplain Cassius [Legends],Ultramarines,4.0,4,3,4,7,6.0,1,5,4,1.0,4,-1,1.0,12,5,0.833,6,-1,2.0,False,False,False,0,False,True,True,False,False,0,0,True,False,False,False,False,False,False,False,0,False,False,False,False,0,89.1,INFANTRY:4,CHARACTER|INFANTRY
ultramarines_chief_librarian_tigurius,Chief Librarian Tigurius,Ultramarines,4.0,4,3,4,4,6.0,1,6,7,0.833,6,-2,2.0,18,5,0.667,7,-2,2.0,False,False,False,0,False,False,False,False,False,0,0,False,False,True,False,True,False,False,False,0,False,False,False,False,0,379.9,,CHARACTER|INFANTRY|PSYKER
ultramarines_lieutenant_titus,Lieutenant Titus,Ultramarines,5.0,4,3,7,5,6.0,1,6,1,0.833,4,-1,1.0,18,8,0.833,4,-1,1.0,False,False,True,0,False,False,False,False,False,0,0,False,False,False,False,False,False,False,False,0,False,False,False,False,0,51.6,,INFANTRY|CHARACTER
ultramarines_marneus_calgar,Marneus Calgar,Ultramarines,6.0,6,2,4,4,6.0,1,6,4,0.833,4,-1,2.0,18,6,0.833,8,-3,3.0,False,False,True,0,True,False,False,False,False,0,0,False,False,False,False,False,False,False,False,0,False,False,False,False,0,247.5,,CHARACTER|INFANTRY
ultramarines_roboute_guilliman,Roboute Guilliman,Ultramarines,10.0,9,2,4,7,6.0,4,5,2,0.833,6,-2,2.0,30,7,0.833,14,-4,4.0,False,False,False,2,False,False,False,False,False,0,0,False,False,False,False,False,False,False,False,0,False,False,False,False,0,550.0,,CHARACTER|MONSTER
ultramarines_sergeant_chronus_legends,Sergeant Chronus [Legends],Ultramarines,3.0,4,2,7,7,6.0,1,6,1,0.833,4,0,1.0,12,3,0.667,8,-2,3.0,False,False,True,0,False,False,False,False,False,0,0,False,False,False,False,False,False,False,False,0,False,False,False,False,0,54.4,,INFANTRY|CHARACTER
ultramarines_sergeant_telion_legends,Sergeant Telion [Legends],Ultramarines,3.0,4,4,7,7,6.0,1,6,2,0.833,4,-2,3.0,36,4,0.667,4,0,1.0,False,False,False,0,False,False,False,False,False,0,0,False,True,False,False,False,False,True,False,6,True,False,False,False,0,127.5,,CHARACTER|INFANTRY
ultramarines_tyrannic_war_veterans_legends,Tyrannic War Veterans [Legends],Ultramarines,2.0,4,3,7,5,6.0,1,6,2,0.667,4,0,1.0,12,3,0.667,4,0,1.0,False,False,True,0,False,False,False,False,False,0,0,False,False,False,False,False,False,False,False,0,False,False,False,False,0,26.3,TYRANIDS:4,INFANTRY
ultramarines_ultramarines_honour_guard_legends,Ultramarines Honour Guard [Legends],Ultramarines,2.0,4,2,7,5,6.0,1,6,2,0.667,4,0,1.0,12,3,0.667,5,-2,2.0,False,False,True,0,False,False,False,False,False,0,0,False,False,False,False,False,False,False,False,0,False,False,False,False,0,41.3,,INFANTRY
ultramarines_uriel_ventris,Uriel Ventris,Ultramarines,5.0,4,3,4,7,6.0,1,6,2,0.833,4,-1,2.0,24,6,0.833,6,-2,2.0,False,False,False,0,False,False,False,False,False,0,0,False,False,False,False,False,False,False,False,0,False,False,False,False,0,93.7,,CHARACTER|INFANTRY
unaligned_forces_aegis_defence_line_with_weapon_emplacement_legends,Aegis Defence Line with Weapon Emplacement [Legends],Unaligned,10.0,12,2,7,7,6.0,1,7,4,0.5,9,-1,3.0,48,0,0.0,4,0,0.0,False,False,False,0,True,False,False,False,False,0,0,False,False,False,False,False,False,False,False,0,False,False,False,False,0,618.8,FLY:3,
unaligned_forces_ambull_legends,Ambull [Legends],Unaligned,8.0,8,3,7,5,6.0,3,8,4,0.667,6,-2,2.0,1,4,0.667,6,-2,2.0,False,False,False,0,False,False,False,False,False,0,0,False,False,False,False,False,False,False,True,0,False,False,False,False,0,340.1,,MONSTER|CHARACTER
unaligned_forces_bastion_legends,Bastion [Legends],Unaligned,18.0,13,2,7,7,6.0,1,7,4,0.5,9,-1,3.0,48,0,0.0,4,0,0.0,False,False,False,0,True,False,False,False,False,0,0,False,False,False,False,False,False,False,False,0,False,False,False,False,3,978.8,FLY:3,TOWERING|VEHICLE
unaligned_forces_castellum_stronghold_legends,Castellum Stronghold [Legends],Unaligned,50.0,13,2,7,7,6.0,1,6,6,0.5,10,-1,3.0,48,0,0.0,4,0,0.0,False,False,False,0,False,False,False,False,False,0,0,False,False,True,False,False,False,False,False,0,False,False,False,False,1,2524.2,,TITANIC|VEHICLE
unaligned_forces_firestorm_redoubt_legends,Firestorm Redoubt [Legends],Unaligned,18.0,13,2,7,7,6.0,1,7,6,0.5,9,-1,3.0,48,0,0.0,4,0,0.0,False,False,False,0,False,False,False,False,False,0,0,False,False,True,False,False,False,False,False,0,False,False,False,False,3,1084.2,,VEHICLE
unaligned_forces_fortress_of_redemption_legends,Fortress of Redemption [Legends],Unaligned,30.0,13,2,7,7,6.0,1,7,2,0.5,14,-3,4.5,48,0,0.0,4,0,0.0,False,False,False,0,False,False,False,False,False,0,0,False,False,False,False,False,False,False,False,0,False,False,False,False,1,1560.9,FLY:2,TITANIC|VEHICLE|TOWERING
unaligned_forces_guardian_drone_legends,Guardian Drone [Legends],Unaligned,7.0,7,3,7,5,6.0,2,6,4,0.5,5,-1,1.0,24,4,0.5,5,0,1.0,False,False,False,0,False,False,False,False,False,0,0,False,False,True,False,False,False,False,False,0,False,False,False,False,0,118.1,,MONSTER
unaligned_forces_imperial_fortress_walls_legends,Imperial Fortress Walls [Legends],Unaligned,80.0,14,2,7,7,6.0,1,7,1,0.5,12,-3,4.5,48,0,0.0,4,0,0.0,False,False,False,0,True,False,False,False,False,0,0,False,False,False,False,False,False,False,False,0,False,False,False,False,1,3705.5,,TITANIC|VEHICLE|TOWERING
unaligned_forces_macro_cannon_aquila_strongpoint_legends,Macro-cannon Aquila Strongpoint [Legends],Unaligned,30.0,13,2,7,7,6.0,1,7,10,0.333,16,-4,4.0,72,0,0.0,4,0,0.0,False,False,False,0,False,False,False,False,False,0,0,False,False,False,False,False,False,False,False,0,False,False,False,False,1,2061.8,,TITANIC|VEHICLE
unaligned_forces_plasma_obliterator_legends,Plasma Obliterator [Legends],Unaligned,18.0,13,2,7,7,6.0,1,7,6,0.333,10,-4,4.0,48,0,0.0,4,0,0.0,False,False,False,0,False,False,False,False,False,0,0,False,False,True,False,True,False,False,False,0,False,False,False,False,3,1297.0,,VEHICLE|TOWERING
unaligned_forces_primaris_redoubt_legends,Primaris Redoubt [Legends],Unaligned,18.0,12,3,5,7,6.0,1,7,3,0.5,16,-3,6.5,96,0,0.0,4,0,0.0,False,False,False,0,False,False,False,False,False,0,0,False,False,True,False,False,False,False,False,0,False,False,False,False,3,862.0,,VEHICLE
unaligned_forces_spindle_drones_legends,Spindle Drones [Legends],Unaligned,2.0,4,4,7,7,6.0,1,6,1,0.5,4,0,1.0,18,1,0.5,3,0,1.0,False,False,True,0,False,False,False,False,False,0,0,False,False,False,False,False,False,False,False,0,False,False,False,False,0,15.6,,INFANTRY
unaligned_forces_the_archivist_legends,The Archivist [Legends],Unaligned,6.0,6,3,7,7,6.0,2,7,1,0.667,8,-2,2.0,18,4,0.5,8,-2,2.0,False,False,True,0,False,True,False,False,False,0,0,False,False,False,False,False,False,False,False,0,False,False,True,False,0,117.5,,MONSTER|CHARACTER
unaligned_forces_vengeance_weapon_battery_legends,Vengeance Weapon Battery [Legends],Unaligned,10.0,13,2,7,7,6.0,1,7,6,0.5,9,-1,3.0,48,0,0.0,4,0,0.0,False,False,False,0,False,False,False,False,False,0,0,False,False,True,False,False,False,False,False,0,False,False,False,False,2,724.2,,VEHICLE
unaligned_forces_vortex_missile_strongpoint_legends,Vortex Missile Strongpoint [Legends],Unaligned,30.0,13,2,7,7,6.0,1,7,6,0.333,16,-4,3.5,72,0,0.0,4,0,0.0,False,False,False,0,False,False,False,False,False,0,0,True,False,True,True,True,False,False,False,0,False,False,False,False,1,1776.1,,TITANIC|VEHICLE
unaligned_forces_wall_of_martyrs_bunker_legends,Wall of Martyrs Bunker [Legends],Unaligned,10.0,13,2,7,7,6.0,1,7,4,0.5,9,-1,3.0,48,0,0.0,4,0,0.0,False,False,False,0,True,False,False,False,False,0,0,False,False,False,False,False,False,False,False,0,False,False,False,False,2,618.8,FLY:3,VEHICLE
white_scars_kor_sarro_khan,Kor'sarro Khan,White Scars,5.0,4,3,4,7,6.0,1,6,1,0.833,4,0,1.0,12,6,0.833,5,-2,2.0,False,False,True,0,False,False,False,False,False,0,0,False,True,False,False,False,False,False,False,0,False,False,False,False,0,46.9,,CHARACTER|INFANTRY
world_eaters_angron,Angron,World Eaters,16.0,11,2,7,7,6.0,6,5,8,0.833,16,-4,5.5,1,8,0.833,16,-4,5.5,False,False,False,0,False,False,False,False,False,0,0,False,False,False,False,False,False,False,True,0,False,False,False,True,3,2781.7,,MONSTER|FLY|CHARACTER|DAEMON
world_eaters_eightbound,Eightbound,World Eaters,3.0,6,3,7,7,6.0,1,6,5,0.667,6,-2,2.33,1,5,0.667,6,-2,2.33,False,False,False,0,False,False,False,False,False,0,0,False,False,False,False,False,False,False,False,6,False,False,False,False,0,282.7,,INFANTRY|DAEMON
world_eaters_exalted_eightbound,Exalted Eightbound,World Eaters,3.0,6,3,7,6,6.0,1,6,5,0.667,14,-3,2.0,1,5,0.667,14,-3,2.0,False,False,False,0,True,False,False,False,False,0,0,False,False,False,False,False,False,False,True,0,False,False,False,False,0,346.4,,INFANTRY|DAEMON
world_eaters_hell_talon_legends,Hell Talon [Legends],World Eaters,14.0,9,3,7,7,6.0,1,6,1,0.667,12,-3,4.5,48,6,0.5,6,0,1.0,False,False,False,0,True,False,False,False,False,0,0,False,False,False,False,False,False,False,False,0,False,False,False,True,2,455.7,,VEHICLE|FLY
world_eaters_hellblade_legends,Hellblade [Legends],World Eaters,10.0,8,3,7,7,6.0,1,6,1,0.667,12,-3,4.5,48,3,0.5,6,0,1.0,False,False,False,0,True,False,False,False,False,0,0,False,False,False,False,False,False,False,False,0,False,False,False,True,2,365.7,,VEHICLE|FLY
world_eaters_jakhals,Jakhals,World Eaters,1.0,3,6,7,6,6.0,1,7,1,0.5,3,0,1.0,12,2,0.5,3,0,1.0,False,False,True,0,False,False,False,False,False,0,0,False,False,False,False,False,False,False,False,0,False,False,False,False,0,6.0,,INFANTRY|BATTLELINE
world_eaters_kh_rn_the_betrayer,Khârn the Betrayer,World Eaters,5.0,4,3,7,7,6.0,1,6,1,0.833,8,-3,2.0,12,8,0.833,6,-2,3.0,False,False,True,0,False,False,False,False,False,0,0,False,False,False,False,False,False,False,False,0,False,False,False,False,0,115.6,,INFANTRY|CHARACTER
world_eaters_khorne_berserkers,Khorne Berserkers,World Eaters,2.0,4,3,7,7,6.0,2,6,1,0.667,6,-1,1.0,12,4,0.667,6,-1,1.44,False,False,True,0,False,False,False,False,False,0,0,False,False,False,False,False,False,False,False,0,False,False,False,False,0,30.0,,INFANTRY|BATTLELINE
world_eaters_khorne_lord_of_skulls,Khorne Lord of Skulls,World Eaters,24.0,13,3,7,7,6.0,8,6,4,0.667,14,-4,5.5,18,5,0.667,16,-4,8.0,False,False,False,0,False,False,False,False,False,0,0,False,False,True,False,False,False,False,False,0,False,False,False,False,1,1262.2,,VEHICLE|TITANIC|TOWERING|DAEMON
world_eaters_lord_invocatus,Lord Invocatus,World Eaters,8.0,6,2,7,7,6.0,2,6,1,0.833,4,0,1.0,12,7,0.833,6,-2,2.0,False,False,True,0,False,False,False,False,False,0,0,False,False,False,False,False,False,False,False,6,False,False,False,False,0,189.4,,MOUNTED|CHARACTER
world_eaters_world_eaters_chaos_spawn,World Eaters Chaos Spawn,World Eaters,4.0,5,4,7,5,6.0,1,7,6,0.5,6,-1,2.0,1,6,0.5,6,-1,2.0,False,False,False,0,False,False,False,False,False,0,0,False,False,False,False,False,False,False,False,0,False,False,False,False,0,153.7,,BEAST
world_eaters_world_eaters_daemon_prince,World Eaters Daemon Prince,World Eaters,10.0,10,2,7,7,6.0,3,6,3,0.833,5,-1,2.0,24,6,0.833,10,-2,3.0,False,False,False,0,False,False,False,False,False,0,0,False,False,False,False,False,False,False,False,0,False,False,False,False,2,562.5,,MONSTER|CHARACTER|DAEMON
world_eaters_world_eaters_daemon_prince_with_wings,World Eaters Daemon Prince with wings,World Eaters,10.0,9,2,7,7,6.0,3,6,3,0.833,5,-1,2.0,24,6,0.833,10,-2,3.0,False,False,False,0,False,False,False,False,False,0,0,False,False,False,False,False,False,False,True,0,False,False,False,True,2,562.5,,MONSTER|CHARACTER|DAEMON|FLY
world_eaters_world_eaters_defiler,World Eaters Defiler,World Eaters,14.0,10,3,7,7,6.0,5,6,6,0.667,10,-1,3.0,48,5,0.667,16,-3,4.5,False,False,False,0,False,False,False,False,False,0,0,False,False,True,False,False,False,False,False,0,False,False,False,False,2,680.8,,VEHICLE|WALKER|DAEMON
world_eaters_world_eaters_forgefiend,World Eaters Forgefiend,World Eaters,12.0,10,3,7,7,6.0,3,6,6,0.667,8,-1,2.0,36,5,0.667,7,0,2.0,False,False,False,0,False,False,False,False,False,0,0,False,False,False,False,False,False,False,False,0,False,False,False,False,2,495.1,,VEHICLE|WALKER|DAEMON
world_eaters_world_eaters_helbrute,World Eaters Helbrute,World Eaters,8.0,9,2,7,7,6.0,3,6,2,0.667,9,-4,3.5,18,5,0.5,14,-3,4.5,False,False,False,0,False,False,False,False,False,2,0,False,False,False,False,False,False,False,False,0,False,False,False,False,1,622.6,,VEHICLE|WALKER
world_eaters_world_eaters_heldrake,World Eaters Heldrake,World Eaters,12.0,9,3,7,7,6.0,1,6,6,1.0,6,-1,2.0,12,5,0.667,7,-1,2.0,False,False,False,0,False,True,True,False,False,0,0,False,False,False,False,False,False,False,False,0,False,False,False,True,2,562.5,,VEHICLE|FLY|DAEMON
world_eaters_world_eaters_land_raider,World Eaters Land Raider,World Eaters,16.0,12,2,7,7,6.0,5,6,2,0.667,12,-3,4.5,48,6,0.5,8,0,1.0,False,False,False,0,False,False,False,False,False,0,0,False,False,False,False,False,False,False,False,0,False,False,False,False,3,1001.4,,VEHICLE
world_eaters_world_eaters_lord_on_juggernaut,World Eaters Lord on Juggernaut,World Eaters,7.0,6,2,7,7,6.0,2,6,1,0.833,8,-3,2.0,12,7,0.833,6,-1,2.0,False,False,True,0,False,False,False,False,False,0,0,False,False,False,False,True,False,False,False,0,False,False,False,False,0,235.6,,MOUNTED|CHARACTER
world_eaters_world_eaters_master_of_executions,World Eaters Master of Executions,World Eaters,4.0,4,3,7,7,6.0,1,6,1,0.667,4,0,1.0,12,5,0.833,7,-2,2.0,False,False,True,0,False,False,False,False,False,0,0,False,True,False,False,False,False,False,False,0,False,False,False,False,0,37.5,,INFANTRY|CHARACTER
world_eaters_world_eaters_maulerfiend,World Eaters Maulerfiend,World Eaters,12.0,10,3,7,7,6.0,3,6,2,0.667,9,-4,3.5,6,6,0.667,14,-2,4.5,False,False,False,0,False,False,False,False,False,2,0,False,False,False,False,False,False,False,False,0,False,False,False,False,2,532.6,,VEHICLE|WALKER|DAEMON
world_eaters_world_eaters_predator_annihilator,World Eaters Predator Annihilator,World Eaters,11.0,10,3,7,7,6.0,4,6,1,0.667,14,-3,4.5,48,3,0.5,6,0,1.0,False,False,False,0,True,False,False,False,False,0,0,False,False,False,False,False,False,False,False,0,False,False,False,False,2,388.2,,VEHICLE
world_eaters_world_eaters_predator_destructor,World Eaters Predator Destructor,World Eaters,11.0,10,3,7,7,6.0,4,6,4,0.667,9,-1,3.0,48,3,0.5,6,0,1.0,False,False,False,2,False,False,False,False,False,0,0,False,False,False,False,False,False,False,False,0,False,False,False,False,2,472.6,,VEHICLE
world_eaters_world_eaters_rhino,World Eaters Rhino,World Eaters,10.0,9,3,7,7,6.0,2,6,4,0.667,5,0,1.0,48,3,0.5,6,0,1.0,False,False,False,0,False,False,False,False,False,0,0,False,False,True,False,False,False,False,False,0,False,False,False,False,2,260.0,,VEHICLE
world_eaters_world_eaters_terminator_squad,World Eaters Terminator Squad,World Eaters,3.0,5,2,7,7,6.0,1,6,1,0.586,4,0,1.0,24,4,0.644,8,-2,1.6,False,False,False,2,False,True,True,False,False,0,0,True,False,False,False,False,False,False,True,0,False,False,False,False,0,77.3,INFANTRY:4,INFANTRY
